iteration,inertia,gbest_fitness,iteration_best_fitness,mean_fitness,std_fitness,swarm_diversity
0,0.9000000000,103.3312599462,103.3312599462,117.8235632483,8.0684213244,28.1372750932
1,0.9000000000,102.5374299651,102.5374299651,111.0127927008,4.6295277291,27.4154551972
2,0.8989979960,101.6272726639,101.6272726639,104.8498208368,2.3138799539,27.4229184372
3,0.8979959920,101.1512978328,101.1512978328,102.4937906821,1.6801969628,24.6927570215
4,0.8969939880,100.9893034585,100.9893034585,101.5868589907,1.1288025090,20.1335049399
5,0.8959919840,100.8819053172,100.8819053172,101.1133852481,0.2123676253,16.3755254231
6,0.8949899800,100.7663665384,100.7663665384,100.9533309605,0.0994264537,13.2646442528
7,0.8939879760,100.7010846801,100.7010846801,100.8625307723,0.1006938007,11.4626974840
8,0.8929859719,100.7010846801,100.7010846801,100.7932014826,0.0862140809,9.0576144112
9,0.8919839679,100.7010846801,100.7010846801,100.7982534138,0.0735677693,6.8222379171
10,0.8909819639,100.7010846801,100.7010846801,100.8090891246,0.0764908665,5.6390185253
11,0.8899799599,100.7010846801,100.7010846801,100.7962952841,0.0784998627,6.5450192008
12,0.8889779559,100.7010846801,100.7010846801,100.7635123825,0.0744701830,6.2818432545
13,0.8879759519,100.7010846801,100.7010846801,100.7664795909,0.0624846493,6.2568906567
14,0.8869739479,100.7010846801,100.7010846801,100.7831054209,0.0762720009,6.0440725380
15,0.8859719439,100.7010846801,100.7010846801,100.7615501152,0.0611425345,5.5861420174
16,0.8849699399,100.7010846801,100.7010846801,100.7485750375,0.0569764910,5.8238446293
17,0.8839679359,100.7010846801,100.7010846801,100.7498749814,0.0644849689,5.5893786434
18,0.8829659319,100.7010846801,100.7010846801,100.7626165814,0.0667203764,5.5977843626
19,0.8819639279,100.7010846801,100.7010846801,100.7640226580,0.0704996860,5.2066019710
20,0.8809619238,100.7010846801,100.7010846801,100.7533163361,0.0600901132,5.3028374133
21,0.8799599198,100.7010846801,100.7010846801,100.7519080087,0.0601672059,5.4314822080
22,0.8789579158,100.7010846801,100.7010846801,100.7587556152,0.0643469052,5.4088144722
23,0.8779559118,100.7010846801,100.7010846801,100.7598863787,0.0661967436,5.7272519678
24,0.8769539078,100.7010846801,100.7010846801,100.7617978004,0.0594254006,5.7553447863
25,0.8759519038,100.7010846801,100.7010846801,100.7478481054,0.0659372960,5.5095156398
26,0.8749498998,100.7010846801,100.7010846801,100.7639564397,0.0733205561,5.3535286224
27,0.8739478958,100.7010846801,100.7010846801,100.7620372211,0.0718076730,5.5369714869
28,0.8729458918,100.7010846801,100.7010846801,100.7590565837,0.0619249069,5.5260845156
29,0.8719438878,100.7010846801,100.7010846801,100.7549820040,0.0627202528,5.3245622827
30,0.8709418838,100.7010846801,100.7010846801,100.7444409878,0.0582890116,5.3736336320
31,0.8699398798,100.7010846801,100.7010846801,100.7665175916,0.0689052402,5.3411038843
32,0.8689378758,100.7010846801,100.7010846801,100.7616248334,0.0671375138,5.1596006768
33,0.8679358717,100.7010846801,100.7010846801,100.7532021946,0.0641320364,5.2208985910
34,0.8669338677,100.7010846801,100.7010846801,100.7393882896,0.0524010174,5.0714958708
35,0.8659318637,100.7010846801,100.7010846801,100.7521671179,0.0648404038,5.0718770869
36,0.8649298597,100.7010846801,100.7010846801,100.7654381679,0.0647972934,5.3643715439
37,0.8639278557,100.7010846801,100.7010846801,100.7529574994,0.0595291354,5.0211502683
38,0.8629258517,100.7010846801,100.7010846801,100.7479317789,0.0591605631,5.0082570130
39,0.8619238477,100.7010846801,100.7010846801,100.7349875540,0.0541668832,5.0399642583
40,0.8609218437,100.7010846801,100.7010846801,100.7520909569,0.0673875972,5.4608747458
41,0.8599198397,100.7010846801,100.7010846801,100.7509632182,0.0610352975,5.1293015337
42,0.8589178357,100.7010846801,100.7010846801,100.7504737707,0.0611269193,4.9724295661
43,0.8579158317,100.7010846801,100.7010846801,100.7448678815,0.0587253520,4.5991553224
44,0.8569138277,100.7010846801,100.7010846801,100.7436702190,0.0622169985,5.2150425783
45,0.8559118236,100.7010846801,100.7010846801,100.7390595052,0.0527268137,5.2542237347
46,0.8549098196,100.7010846801,100.7010846801,100.7492819201,0.0623648242,5.0619456313
47,0.8539078156,100.7010846801,100.7010846801,100.7509416212,0.0640035433,4.7721684105
48,0.8529058116,100.7010846801,100.7010846801,100.7404366119,0.0577813639,4.5671805276
49,0.8519038076,100.7010846801,100.7010846801,100.7434160962,0.0598185992,4.9076304184
50,0.8509018036,100.7010846801,100.7010846801,100.7330798064,0.0492682090,4.7580733682
51,0.8498997996,100.7010846801,100.7010846801,100.7446923450,0.0547344228,5.1503532238
52,0.8488977956,100.7010846801,100.7010846801,100.7405388713,0.0564205579,5.0111679180
53,0.8478957916,100.7010846801,100.7010846801,100.7345702453,0.0529759236,4.4672849430
54,0.8468937876,100.7010846801,100.7010846801,100.7403319595,0.0558436107,4.5710473470
55,0.8458917836,100.7010846801,100.7010846801,100.7399615031,0.0501158606,5.0765387446
56,0.8448897796,100.7010846801,100.7010846801,100.7329006451,0.0560979063,5.1059732183
57,0.8438877756,100.7010846801,100.7010846801,100.7377600762,0.0584940785,5.0019107871
58,0.8428857715,100.7010846801,100.7010846801,100.7428442594,0.0603159245,5.1960850238
59,0.8418837675,100.7010846801,100.7010846801,100.7355528989,0.0508903984,5.0560201861
60,0.8408817635,100.7010846801,100.7010846801,100.7577015481,0.0630269166,5.2463090874
61,0.8398797595,100.7010846801,100.7010846801,100.7449669237,0.0580806586,4.6352884493
62,0.8388777555,100.7010846801,100.7010846801,100.7402605974,0.0585894552,4.4320680644
63,0.8378757515,100.7010846801,100.7010846801,100.7377720694,0.0565609188,4.8487996633
64,0.8368737475,100.7010846801,100.7010846801,100.7289625892,0.0515776390,4.5834517167
65,0.8358717435,100.7010846801,100.7010846801,100.7420244253,0.0573798861,4.7282926164
66,0.8348697395,100.7010846801,100.7010846801,100.7442116300,0.0617571544,4.7577906884
67,0.8338677355,100.7010846801,100.7010846801,100.7364135401,0.0506979958,4.7900460850
68,0.8328657315,100.7010846801,100.7010846801,100.7241810694,0.0425113299,4.8139782813
69,0.8318637275,100.7010846801,100.7010846801,100.7304006132,0.0478997008,5.0269044038
70,0.8308617234,100.7010846801,100.7010846801,100.7405757261,0.0574877407,4.8646680835
71,0.8298597194,100.7010846801,100.7010846801,100.7503558788,0.0607162425,4.8924323282
72,0.8288577154,100.7010846801,100.7010846801,100.7383254146,0.0618253989,4.8033753926
73,0.8278557114,100.7010846801,100.7010846801,100.7432337705,0.0603281232,4.8737810953
74,0.8268537074,100.7010846801,100.7010846801,100.7504831339,0.0640588562,4.7184519883
75,0.8258517034,100.7010846801,100.7010846801,100.7501697581,0.0584930395,4.7757652011
76,0.8248496994,100.7010846801,100.7010846801,100.7292174560,0.0521901385,4.2914291857
77,0.8238476954,100.7010846801,100.7010846801,100.7416164533,0.0560495266,4.7340378011
78,0.8228456914,100.7010846801,100.7010846801,100.7485956969,0.0606330513,5.1205931211
79,0.8218436874,100.7010846801,100.7010846801,100.7370422146,0.0592783633,4.7036372411
80,0.8208416834,100.7010846801,100.7010846801,100.7444862089,0.0620838134,4.5670195897
81,0.8198396794,100.7010846801,100.7010846801,100.7285247993,0.0495362197,4.4037613517
82,0.8188376754,100.7010846801,100.7010846801,100.7411090807,0.0544120219,4.6682163264
83,0.8178356713,100.7010846801,100.7010846801,100.7418146237,0.0564168648,5.1881579721
84,0.8168336673,100.7010846801,100.7010846801,100.7361543570,0.0512771421,4.8225109967
85,0.8158316633,100.7010846801,100.7010846801,100.7466899949,0.0642183015,4.6842795876
86,0.8148296593,100.7010846801,100.7010846801,100.7390252883,0.0552693242,4.8972868645
87,0.8138276553,100.7010846801,100.7010846801,100.7320765500,0.0531257780,4.6540884353
88,0.8128256513,100.7010846801,100.7010846801,100.7286775497,0.0523503474,4.3622637798
89,0.8118236473,100.7010846801,100.7010846801,100.7199367096,0.0314066794,4.6852024977
90,0.8108216433,100.7010846801,100.7010846801,100.7325228550,0.0478524017,4.4693706008
91,0.8098196393,100.7010846801,100.7010846801,100.7399498542,0.0580114690,4.0576436292
92,0.8088176353,100.7010846801,100.7010846801,100.7300821884,0.0527253483,4.4471518200
93,0.8078156313,100.7010846801,100.7010846801,100.7313897105,0.0529803872,4.5676009802
94,0.8068136273,100.7010846801,100.7010846801,100.7246139493,0.0493231576,4.5163224653
95,0.8058116232,100.7010846801,100.7010846801,100.7241868833,0.0436861721,4.2497745770
96,0.8048096192,100.7010846801,100.7010846801,100.7303898513,0.0471563263,4.2274203357
97,0.8038076152,100.7010846801,100.7010846801,100.7258970709,0.0475503088,4.3462505584
98,0.8028056112,100.7010846801,100.7010846801,100.7331802917,0.0521868434,4.3395924557
99,0.8018036072,100.7010846801,100.7010846801,100.7186736799,0.0378330055,4.5645053223
100,0.8008016032,100.7010846801,100.7010846801,100.7212215932,0.0448879758,4.2484833232
