Time,battery_power_kw,battery_status,battery_energy_change_kwh,battery_energy_kwh,soc_percent,,,,
00:00,1,Charging,1.1875,11.1875,55.9375,  ,1,-5,0
00:15,1,Charging,1.1875,12.375,61.875,,1,-5,0
00:30,1,Charging,1.1875,13.5625,67.8125,,1,-5,0
00:45,-3,Charging,1.1875,14.75,73.75,,-3,-5,0
01:00,1,Charging,1.1875,15.9375,79.6875,,1,-5,0
01:15,1,Charging,1.1875,17.125,85.625,,1,-5,0
01:30,1,Charging,0.875,18,90,,1,-3.684211,0
01:45,-3,Idling,0,18,90,,-3,0,0
02:00,1,Idling,0,18,90,,1,0,0
02:15,1,Idling,0,18,90,,1,0,0
02:30,1,Idling,0,18,90,,1,0,0
02:45,-3,Idling,0,18,90,,-3,0,0
03:00,1,Idling,0,18,90,,1,0,0
03:15,1,Idling,0,18,90,,1,0,0
03:30,1,Idling,0,18,90,,1,0,0
03:45,-3,Idling,0,18,90,,-3,0,0
04:00,1,Idling,0,18,90,,1,0,0
04:15,1,Idling,0,18,90,,1,0,0
04:30,1,Idling,0,18,90,,1,0,0
04:45,-3,Idling,0,18,90,,-3,0,0
05:00,1,Idling,0,18,90,,1,0,0
05:15,1,Idling,0,18,90,,1,0,0
05:30,1,Idling,0,18,90,,1,0,0
05:45,-3,Idling,0,18,90,,-3,0,0
06:00,1,Idling,0,18,90,,1,0,0
06:15,1,Idling,0,18,90,,1,0,0
06:30,1,Idling,0,18,90,,1,0,0
06:45,-3,Idling,0,18,90,,-3,0,0
07:00,1,Idling,0,18,90,,1,0,0
07:15,1,Idling,0,18,90,,1,0,0
07:30,1,Idling,0,18,90,,1,0,0
07:45,-3,Idling,0,18,90,,-3,0,0
08:00,1,Idling,0,18,90,,1,0,0
08:15,1,Idling,0,18,90,,1,0,0
08:30,1,Idling,0,18,90,,1,0,0
08:45,-3,Idling,0,18,90,,-3,0,0
09:00,1,Idling,0,18,90,,1,0,0
09:15,1,Discharging,-0.328,17.672,88.36,,1,1.2464,0
09:30,1,Charging,0.328,18,90,,1,-1.381053,0
09:45,-3,Idling,0,18,90,,-3,0,0
10:00,1,Idling,0,18,90,,1,0,0
10:15,1,Idling,0,18,90,,1,0,0
10:30,1,Discharging,-0.113246,17.886754,89.433772,,1,0.430333,0
10:45,-3,Charging,0.113246,18,90,,-3,-0.476823,0
11:00,1,Idling,0,18,90,,1,0,0
11:15,1,Idling,0,18,90,,1,0,0
11:30,1,Idling,0,18,90,,1,0,0
11:45,-3,Discharging,-0.026035,17.973965,89.869825,,-3,0.098933,0
12:00,1,Charging,0.026035,18,90,,1,-0.109621,0
12:15,1,Idling,0,18,90,,1,0,0
12:30,1,Idling,0,18,90,,1,0,0
12:45,-3,Idling,0,18,90,,-3,0,0
13:00,1,Discharging,-0.08193,17.91807,89.590351,,1,0.311333,0
13:15,1,Charging,0.08193,18,90,,1,-0.344967,0
13:30,1,Discharging,-0.141719,17.858281,89.291404,,1,0.538533,0
13:45,-3,Charging,0.141719,18,90,,-3,-0.596712,0
14:00,1,Discharging,-0.222597,17.777403,88.887017,,1,0.845867,0
14:15,1,Charging,0.222597,18,90,,1,-0.937249,0
14:30,1,Idling,0,18,90,,1,0,0
14:45,-3,Idling,0,18,90,,-3,0,0
15:00,1,Idling,0,18,90,,1,0,0
15:15,1,Idling,0,18,90,,1,0,0
15:30,1,Idling,0,18,90,,1,0,0
15:45,-3,Idling,0,18,90,,-3,0,0
16:00,1,Idling,0,18,90,,1,0,0
16:15,1,Idling,0,18,90,,1,0,0
16:30,1,Idling,0,18,90,,1,0,0
16:45,-3,Idling,0,18,90,,-3,0,0
17:00,1,Idling,0,18,90,,1,0,0
17:15,1,Discharging,-1.12586,16.87414,84.370701,,1,4.278267,0
17:30,1,Discharging,-0.087571,16.78657,83.932848,,1,0.332768,0
17:45,-3,Discharging,-1.296877,15.489693,77.448463,,-3,4.928133,0
18:00,1,Discharging,-0.342105,15.147587,75.737937,,1,1.3,0
18:15,1,Discharging,-0.342105,14.805482,74.02741,,1,1.3,0
18:30,1,Discharging,-0.342105,14.463377,72.316884,,1,1.3,0
18:45,-3,Discharging,-0.342105,14.121272,70.606358,,-3,1.3,0
19:00,1,Discharging,-0.342105,13.779166,68.895831,,1,1.3,0
19:15,1,Discharging,-0.342105,13.437061,67.185305,,1,1.3,0
19:30,1,Discharging,-0.342105,13.094956,65.474779,,1,1.3,0
19:45,-3,Discharging,-0.342105,12.75285,63.764252,,-3,1.3,0
20:00,1,Discharging,-0.342105,12.410745,62.053726,,1,1.3,0
20:15,1,Discharging,-0.342105,12.06864,60.3432,,1,1.3,0
20:30,1,Discharging,-0.342105,11.726535,58.632673,,1,1.3,0
20:45,-3,Discharging,-0.342105,11.384429,56.922147,,-3,1.3,0
21:00,1,Discharging,-0.342105,11.042324,55.211621,,1,1.3,0
21:15,1,Discharging,-0.342105,10.700219,53.501095,,1,1.3,0
21:30,1,Discharging,-0.342105,10.358114,51.790568,,1,1.3,0
21:45,-3,Discharging,-0.342105,10.016008,50.080042,,-3,1.3,0
22:00,1,Discharging,-0.002001,10.014007,50.070037,,1,0.007604,0
22:15,1,Discharging,-0.002001,10.012006,50.060031,,1,0.007604,0
22:30,1,Discharging,-0.002001,10.010005,50.050026,,1,0.007604,0
22:45,-3,Discharging,-0.002001,10.008004,50.040021,,-3,0.007604,0
23:00,1,Discharging,-0.002001,10.006003,50.030016,,1,0.007604,0
23:15,1,Discharging,-0.002001,10.004002,50.02001,,1,0.007604,0
23:30,1,Discharging,-0.002001,10.002001,50.010005,,1,0.007604,0
23:45,-3,Discharging,-0.002001,10,50,,-3,0.007604,0
