Time,id,name,status_code,power_w,rated_v,real_v,current_a
00:00,f1_dev_1,1F 冰箱(EP),1,50.0,110,109.0,0.46
00:00,f1_dev_2,1F 抽水馬達(EP),1,50.0,220,218.1,0.23
00:00,f1_dev_3,1F 照明 1(EP),1,50.0,110,109.0,0.46
00:00,f1_dev_4,1F 照明 2(EP),1,50.0,110,109.0,0.46
00:00,f1_dev_5,1F WiFi(EP),1,50.0,110,109.0,0.46
00:00,f1_dev_6,1F 電熱水器(EP),1,50.0,220,218.1,0.23
00:00,f1_dev_7,1F 廚房專插(EP),1,50.0,110,109.0,0.46
00:00,f1_dev_8,1F 冷氣(L1),1,60.0,220,218.4,0.27
00:00,f1_dev_9,1F 照明 1(L1),1,60.0,110,109.2,0.55
00:00,f1_dev_10,1F 照明 2(L1),1,60.0,110,109.2,0.55
00:00,f1_dev_11,1F 電磁爐(L1),1,60.0,220,218.4,0.27
00:00,f1_dev_12,1F 插座 1(L1),1,60.0,110,109.2,0.55
00:00,f1_dev_13,1F 插座 2(L1),1,60.0,110,109.2,0.55
00:00,f1_dev_14,1F 插座 3(L1),1,60.0,110,109.2,0.55
00:00,f1_dev_15,1F 插座 4(L1),1,60.0,110,109.2,0.55
00:00,f1_dev_16,1F 插座 5(L1),1,60.0,110,109.1,0.55
00:00,f1_dev_17,1F 插座 6(L1),1,60.0,110,109.1,0.55
00:15,f1_dev_1,1F 冰箱(EP),1,50.0,110,109.8,0.46
00:15,f1_dev_2,1F 抽水馬達(EP),1,50.0,220,219.5,0.23
00:15,f1_dev_3,1F 照明 1(EP),1,50.0,110,109.7,0.46
00:15,f1_dev_4,1F 照明 2(EP),1,50.0,110,109.7,0.46
00:15,f1_dev_5,1F WiFi(EP),1,50.0,110,109.8,0.46
00:15,f1_dev_6,1F 電熱水器(EP),1,50.0,220,219.5,0.23
00:15,f1_dev_7,1F 廚房專插(EP),1,50.0,110,109.8,0.46
00:15,f1_dev_8,1F 冷氣(L1),1,50.0,220,219.3,0.23
00:15,f1_dev_9,1F 照明 1(L1),1,60.0,110,109.6,0.55
00:15,f1_dev_10,1F 照明 2(L1),1,60.0,110,109.6,0.55
00:15,f1_dev_11,1F 電磁爐(L1),1,60.0,220,219.3,0.27
00:15,f1_dev_12,1F 插座 1(L1),1,60.0,110,109.7,0.55
00:15,f1_dev_13,1F 插座 2(L1),1,60.0,110,109.7,0.55
00:15,f1_dev_14,1F 插座 3(L1),1,60.0,110,109.6,0.55
00:15,f1_dev_15,1F 插座 4(L1),1,60.0,110,109.7,0.55
00:15,f1_dev_16,1F 插座 5(L1),1,60.0,110,109.5,0.55
00:15,f1_dev_17,1F 插座 6(L1),1,60.0,110,109.5,0.55
00:30,f1_dev_1,1F 冰箱(EP),1,50.0,110,109.0,0.46
00:30,f1_dev_2,1F 抽水馬達(EP),1,50.0,220,218.1,0.23
00:30,f1_dev_3,1F 照明 1(EP),1,50.0,110,109.0,0.46
00:30,f1_dev_4,1F 照明 2(EP),1,50.0,110,109.0,0.46
00:30,f1_dev_5,1F WiFi(EP),1,50.0,110,109.0,0.46
00:30,f1_dev_6,1F 電熱水器(EP),1,50.0,220,218.1,0.23
00:30,f1_dev_7,1F 廚房專插(EP),1,50.0,110,109.0,0.46
00:30,f1_dev_8,1F 冷氣(L1),1,50.0,220,218.4,0.23
00:30,f1_dev_9,1F 照明 1(L1),1,60.0,110,109.2,0.55
00:30,f1_dev_10,1F 照明 2(L1),1,60.0,110,109.2,0.55
00:30,f1_dev_11,1F 電磁爐(L1),1,60.0,220,218.4,0.27
00:30,f1_dev_12,1F 插座 1(L1),1,60.0,110,109.2,0.55
00:30,f1_dev_13,1F 插座 2(L1),1,60.0,110,109.2,0.55
00:30,f1_dev_14,1F 插座 3(L1),1,60.0,110,109.2,0.55
00:30,f1_dev_15,1F 插座 4(L1),1,60.0,110,109.2,0.55
00:30,f1_dev_16,1F 插座 5(L1),1,60.0,110,109.1,0.55
00:30,f1_dev_17,1F 插座 6(L1),1,60.0,110,109.1,0.55
00:45,f1_dev_1,1F 冰箱(EP),1,50.0,110,109.0,0.46
00:45,f1_dev_2,1F 抽水馬達(EP),1,50.0,220,218.1,0.23
00:45,f1_dev_3,1F 照明 1(EP),1,50.0,110,109.0,0.46
00:45,f1_dev_4,1F 照明 2(EP),1,50.0,110,109.0,0.46
00:45,f1_dev_5,1F WiFi(EP),1,50.0,110,109.0,0.46
00:45,f1_dev_6,1F 電熱水器(EP),1,50.0,220,218.1,0.23
00:45,f1_dev_7,1F 廚房專插(EP),1,50.0,110,109.0,0.46
00:45,f1_dev_8,1F 冷氣(L1),1,50.0,220,218.4,0.23
00:45,f1_dev_9,1F 照明 1(L1),1,60.0,110,109.2,0.55
00:45,f1_dev_10,1F 照明 2(L1),1,60.0,110,109.2,0.55
00:45,f1_dev_11,1F 電磁爐(L1),1,60.0,220,218.4,0.27
00:45,f1_dev_12,1F 插座 1(L1),1,60.0,110,109.2,0.55
00:45,f1_dev_13,1F 插座 2(L1),1,60.0,110,109.2,0.55
00:45,f1_dev_14,1F 插座 3(L1),1,60.0,110,109.2,0.55
00:45,f1_dev_15,1F 插座 4(L1),1,60.0,110,109.2,0.55
00:45,f1_dev_16,1F 插座 5(L1),1,60.0,110,109.1,0.55
00:45,f1_dev_17,1F 插座 6(L1),1,60.0,110,109.1,0.55
01:00,f1_dev_1,1F 冰箱(EP),1,50.0,110,109.0,0.46
01:00,f1_dev_2,1F 抽水馬達(EP),1,50.0,220,218.1,0.23
01:00,f1_dev_3,1F 照明 1(EP),1,50.0,110,109.0,0.46
01:00,f1_dev_4,1F 照明 2(EP),1,50.0,110,109.0,0.46
01:00,f1_dev_5,1F WiFi(EP),1,50.0,110,109.0,0.46
01:00,f1_dev_6,1F 電熱水器(EP),1,50.0,220,218.1,0.23
01:00,f1_dev_7,1F 廚房專插(EP),1,50.0,110,109.0,0.46
01:00,f1_dev_8,1F 冷氣(L1),1,50.0,220,218.4,0.23
01:00,f1_dev_9,1F 照明 1(L1),1,60.0,110,109.2,0.55
01:00,f1_dev_10,1F 照明 2(L1),1,60.0,110,109.2,0.55
01:00,f1_dev_11,1F 電磁爐(L1),1,60.0,220,218.4,0.27
01:00,f1_dev_12,1F 插座 1(L1),1,60.0,110,109.2,0.55
01:00,f1_dev_13,1F 插座 2(L1),1,60.0,110,109.2,0.55
01:00,f1_dev_14,1F 插座 3(L1),1,60.0,110,109.2,0.55
01:00,f1_dev_15,1F 插座 4(L1),1,60.0,110,109.2,0.55
01:00,f1_dev_16,1F 插座 5(L1),1,60.0,110,109.1,0.55
01:00,f1_dev_17,1F 插座 6(L1),1,60.0,110,109.1,0.55
01:15,f1_dev_1,1F 冰箱(EP),1,50.0,110,109.0,0.46
01:15,f1_dev_2,1F 抽水馬達(EP),1,50.0,220,218.1,0.23
01:15,f1_dev_3,1F 照明 1(EP),1,50.0,110,109.0,0.46
01:15,f1_dev_4,1F 照明 2(EP),1,50.0,110,109.0,0.46
01:15,f1_dev_5,1F WiFi(EP),1,50.0,110,109.0,0.46
01:15,f1_dev_6,1F 電熱水器(EP),1,50.0,220,218.1,0.23
01:15,f1_dev_7,1F 廚房專插(EP),1,50.0,110,109.0,0.46
01:15,f1_dev_8,1F 冷氣(L1),1,50.0,220,218.4,0.23
01:15,f1_dev_9,1F 照明 1(L1),1,60.0,110,109.2,0.55
01:15,f1_dev_10,1F 照明 2(L1),1,60.0,110,109.2,0.55
01:15,f1_dev_11,1F 電磁爐(L1),1,60.0,220,218.4,0.27
01:15,f1_dev_12,1F 插座 1(L1),1,60.0,110,109.2,0.55
01:15,f1_dev_13,1F 插座 2(L1),1,60.0,110,109.2,0.55
01:15,f1_dev_14,1F 插座 3(L1),1,60.0,110,109.2,0.55
01:15,f1_dev_15,1F 插座 4(L1),1,60.0,110,109.2,0.55
01:15,f1_dev_16,1F 插座 5(L1),1,60.0,110,109.1,0.55
01:15,f1_dev_17,1F 插座 6(L1),1,60.0,110,109.1,0.55
01:30,f1_dev_1,1F 冰箱(EP),1,50.0,110,109.1,0.46
01:30,f1_dev_2,1F 抽水馬達(EP),1,50.0,220,218.2,0.23
01:30,f1_dev_3,1F 照明 1(EP),1,50.0,110,109.1,0.46
01:30,f1_dev_4,1F 照明 2(EP),1,50.0,110,109.1,0.46
01:30,f1_dev_5,1F WiFi(EP),1,50.0,110,109.1,0.46
01:30,f1_dev_6,1F 電熱水器(EP),1,50.0,220,218.2,0.23
01:30,f1_dev_7,1F 廚房專插(EP),1,50.0,110,109.1,0.46
01:30,f1_dev_8,1F 冷氣(L1),1,50.0,220,218.5,0.23
01:30,f1_dev_9,1F 照明 1(L1),1,60.0,110,109.2,0.55
01:30,f1_dev_10,1F 照明 2(L1),1,60.0,110,109.2,0.55
01:30,f1_dev_11,1F 電磁爐(L1),1,60.0,220,218.5,0.27
01:30,f1_dev_12,1F 插座 1(L1),1,60.0,110,109.3,0.55
01:30,f1_dev_13,1F 插座 2(L1),1,60.0,110,109.3,0.55
01:30,f1_dev_14,1F 插座 3(L1),1,60.0,110,109.2,0.55
01:30,f1_dev_15,1F 插座 4(L1),1,60.0,110,109.2,0.55
01:30,f1_dev_16,1F 插座 5(L1),1,60.0,110,109.1,0.55
01:30,f1_dev_17,1F 插座 6(L1),1,60.0,110,109.1,0.55
01:45,f1_dev_1,1F 冰箱(EP),1,50.0,110,109.0,0.46
01:45,f1_dev_2,1F 抽水馬達(EP),1,50.0,220,218.1,0.23
01:45,f1_dev_3,1F 照明 1(EP),1,50.0,110,109.0,0.46
01:45,f1_dev_4,1F 照明 2(EP),1,50.0,110,109.0,0.46
01:45,f1_dev_5,1F WiFi(EP),1,50.0,110,109.0,0.46
01:45,f1_dev_6,1F 電熱水器(EP),1,50.0,220,218.1,0.23
01:45,f1_dev_7,1F 廚房專插(EP),1,50.0,110,109.0,0.46
01:45,f1_dev_8,1F 冷氣(L1),1,50.0,220,218.4,0.23
01:45,f1_dev_9,1F 照明 1(L1),1,60.0,110,109.2,0.55
01:45,f1_dev_10,1F 照明 2(L1),1,60.0,110,109.2,0.55
01:45,f1_dev_11,1F 電磁爐(L1),1,60.0,220,218.4,0.27
01:45,f1_dev_12,1F 插座 1(L1),1,60.0,110,109.2,0.55
01:45,f1_dev_13,1F 插座 2(L1),1,60.0,110,109.2,0.55
01:45,f1_dev_14,1F 插座 3(L1),1,60.0,110,109.2,0.55
01:45,f1_dev_15,1F 插座 4(L1),1,60.0,110,109.2,0.55
01:45,f1_dev_16,1F 插座 5(L1),1,60.0,110,109.1,0.55
01:45,f1_dev_17,1F 插座 6(L1),1,60.0,110,109.1,0.55
02:00,f1_dev_1,1F 冰箱(EP),1,50.0,110,109.2,0.46
02:00,f1_dev_2,1F 抽水馬達(EP),1,50.0,220,218.4,0.23
02:00,f1_dev_3,1F 照明 1(EP),1,50.0,110,109.2,0.46
02:00,f1_dev_4,1F 照明 2(EP),1,50.0,110,109.2,0.46
02:00,f1_dev_5,1F WiFi(EP),1,50.0,110,109.2,0.46
02:00,f1_dev_6,1F 電熱水器(EP),1,50.0,220,218.4,0.23
02:00,f1_dev_7,1F 廚房專插(EP),1,50.0,110,109.2,0.46
02:00,f1_dev_8,1F 冷氣(L1),1,50.0,220,218.6,0.23
02:00,f1_dev_9,1F 照明 1(L1),1,60.0,110,109.3,0.55
02:00,f1_dev_10,1F 照明 2(L1),1,60.0,110,109.3,0.55
02:00,f1_dev_11,1F 電磁爐(L1),1,60.0,220,218.6,0.27
02:00,f1_dev_12,1F 插座 1(L1),1,60.0,110,109.3,0.55
02:00,f1_dev_13,1F 插座 2(L1),1,60.0,110,109.3,0.55
02:00,f1_dev_14,1F 插座 3(L1),1,60.0,110,109.3,0.55
02:00,f1_dev_15,1F 插座 4(L1),1,60.0,110,109.3,0.55
02:00,f1_dev_16,1F 插座 5(L1),1,60.0,110,109.2,0.55
02:00,f1_dev_17,1F 插座 6(L1),1,60.0,110,109.2,0.55
02:15,f1_dev_1,1F 冰箱(EP),1,50.0,110,109.5,0.46
02:15,f1_dev_2,1F 抽水馬達(EP),1,50.0,220,218.9,0.23
02:15,f1_dev_3,1F 照明 1(EP),1,50.0,110,109.5,0.46
02:15,f1_dev_4,1F 照明 2(EP),1,50.0,110,109.5,0.46
02:15,f1_dev_5,1F WiFi(EP),1,50.0,110,109.5,0.46
02:15,f1_dev_6,1F 電熱水器(EP),1,50.0,220,219.0,0.23
02:15,f1_dev_7,1F 廚房專插(EP),1,50.0,110,109.5,0.46
02:15,f1_dev_8,1F 冷氣(L1),1,50.0,220,219.0,0.23
02:15,f1_dev_9,1F 照明 1(L1),1,60.0,110,109.4,0.55
02:15,f1_dev_10,1F 照明 2(L1),1,60.0,110,109.4,0.55
02:15,f1_dev_11,1F 電磁爐(L1),1,60.0,220,219.0,0.27
02:15,f1_dev_12,1F 插座 1(L1),1,60.0,110,109.5,0.55
02:15,f1_dev_13,1F 插座 2(L1),1,60.0,110,109.5,0.55
02:15,f1_dev_14,1F 插座 3(L1),1,60.0,110,109.5,0.55
02:15,f1_dev_15,1F 插座 4(L1),1,60.0,110,109.5,0.55
02:15,f1_dev_16,1F 插座 5(L1),1,60.0,110,109.3,0.55
02:15,f1_dev_17,1F 插座 6(L1),1,60.0,110,109.4,0.55
02:30,f1_dev_1,1F 冰箱(EP),1,50.0,110,109.5,0.46
02:30,f1_dev_2,1F 抽水馬達(EP),1,50.0,220,218.9,0.23
02:30,f1_dev_3,1F 照明 1(EP),1,50.0,110,109.5,0.46
02:30,f1_dev_4,1F 照明 2(EP),1,50.0,110,109.5,0.46
02:30,f1_dev_5,1F WiFi(EP),1,50.0,110,109.5,0.46
02:30,f1_dev_6,1F 電熱水器(EP),1,50.0,220,219.0,0.23
02:30,f1_dev_7,1F 廚房專插(EP),1,50.0,110,109.5,0.46
02:30,f1_dev_8,1F 冷氣(L1),1,50.0,220,219.0,0.23
02:30,f1_dev_9,1F 照明 1(L1),1,60.0,110,109.4,0.55
02:30,f1_dev_10,1F 照明 2(L1),1,60.0,110,109.4,0.55
02:30,f1_dev_11,1F 電磁爐(L1),1,60.0,220,219.0,0.27
02:30,f1_dev_12,1F 插座 1(L1),1,60.0,110,109.5,0.55
02:30,f1_dev_13,1F 插座 2(L1),1,60.0,110,109.5,0.55
02:30,f1_dev_14,1F 插座 3(L1),1,60.0,110,109.5,0.55
02:30,f1_dev_15,1F 插座 4(L1),1,60.0,110,109.5,0.55
02:30,f1_dev_16,1F 插座 5(L1),1,60.0,110,109.3,0.55
02:30,f1_dev_17,1F 插座 6(L1),1,60.0,110,109.4,0.55
02:45,f1_dev_1,1F 冰箱(EP),1,50.0,110,109.5,0.46
02:45,f1_dev_2,1F 抽水馬達(EP),1,50.0,220,218.9,0.23
02:45,f1_dev_3,1F 照明 1(EP),1,50.0,110,109.5,0.46
02:45,f1_dev_4,1F 照明 2(EP),1,50.0,110,109.5,0.46
02:45,f1_dev_5,1F WiFi(EP),1,50.0,110,109.5,0.46
02:45,f1_dev_6,1F 電熱水器(EP),1,50.0,220,219.0,0.23
02:45,f1_dev_7,1F 廚房專插(EP),1,50.0,110,109.5,0.46
02:45,f1_dev_8,1F 冷氣(L1),1,50.0,220,219.0,0.23
02:45,f1_dev_9,1F 照明 1(L1),1,60.0,110,109.4,0.55
02:45,f1_dev_10,1F 照明 2(L1),1,60.0,110,109.4,0.55
02:45,f1_dev_11,1F 電磁爐(L1),1,60.0,220,219.0,0.27
02:45,f1_dev_12,1F 插座 1(L1),1,60.0,110,109.5,0.55
02:45,f1_dev_13,1F 插座 2(L1),1,60.0,110,109.5,0.55
02:45,f1_dev_14,1F 插座 3(L1),1,60.0,110,109.5,0.55
02:45,f1_dev_15,1F 插座 4(L1),1,60.0,110,109.5,0.55
02:45,f1_dev_16,1F 插座 5(L1),1,60.0,110,109.3,0.55
02:45,f1_dev_17,1F 插座 6(L1),1,60.0,110,109.4,0.55
03:00,f1_dev_1,1F 冰箱(EP),1,50.0,110,109.5,0.46
03:00,f1_dev_2,1F 抽水馬達(EP),1,50.0,220,218.9,0.23
03:00,f1_dev_3,1F 照明 1(EP),1,50.0,110,109.5,0.46
03:00,f1_dev_4,1F 照明 2(EP),1,50.0,110,109.5,0.46
03:00,f1_dev_5,1F WiFi(EP),1,50.0,110,109.5,0.46
03:00,f1_dev_6,1F 電熱水器(EP),1,50.0,220,219.0,0.23
03:00,f1_dev_7,1F 廚房專插(EP),1,50.0,110,109.5,0.46
03:00,f1_dev_8,1F 冷氣(L1),1,50.0,220,219.0,0.23
03:00,f1_dev_9,1F 照明 1(L1),1,60.0,110,109.4,0.55
03:00,f1_dev_10,1F 照明 2(L1),1,60.0,110,109.4,0.55
03:00,f1_dev_11,1F 電磁爐(L1),1,60.0,220,219.0,0.27
03:00,f1_dev_12,1F 插座 1(L1),1,60.0,110,109.5,0.55
03:00,f1_dev_13,1F 插座 2(L1),1,60.0,110,109.5,0.55
03:00,f1_dev_14,1F 插座 3(L1),1,60.0,110,109.5,0.55
03:00,f1_dev_15,1F 插座 4(L1),1,60.0,110,109.5,0.55
03:00,f1_dev_16,1F 插座 5(L1),1,60.0,110,109.3,0.55
03:00,f1_dev_17,1F 插座 6(L1),1,60.0,110,109.4,0.55
03:15,f1_dev_1,1F 冰箱(EP),1,50.0,110,109.5,0.46
03:15,f1_dev_2,1F 抽水馬達(EP),1,50.0,220,218.9,0.23
03:15,f1_dev_3,1F 照明 1(EP),1,50.0,110,109.5,0.46
03:15,f1_dev_4,1F 照明 2(EP),1,50.0,110,109.5,0.46
03:15,f1_dev_5,1F WiFi(EP),1,50.0,110,109.5,0.46
03:15,f1_dev_6,1F 電熱水器(EP),1,50.0,220,219.0,0.23
03:15,f1_dev_7,1F 廚房專插(EP),1,50.0,110,109.5,0.46
03:15,f1_dev_8,1F 冷氣(L1),1,50.0,220,219.0,0.23
03:15,f1_dev_9,1F 照明 1(L1),1,60.0,110,109.4,0.55
03:15,f1_dev_10,1F 照明 2(L1),1,60.0,110,109.4,0.55
03:15,f1_dev_11,1F 電磁爐(L1),1,60.0,220,219.0,0.27
03:15,f1_dev_12,1F 插座 1(L1),1,60.0,110,109.5,0.55
03:15,f1_dev_13,1F 插座 2(L1),1,60.0,110,109.5,0.55
03:15,f1_dev_14,1F 插座 3(L1),1,60.0,110,109.5,0.55
03:15,f1_dev_15,1F 插座 4(L1),1,60.0,110,109.5,0.55
03:15,f1_dev_16,1F 插座 5(L1),1,60.0,110,109.3,0.55
03:15,f1_dev_17,1F 插座 6(L1),1,60.0,110,109.4,0.55
03:30,f1_dev_1,1F 冰箱(EP),1,50.0,110,109.5,0.46
03:30,f1_dev_2,1F 抽水馬達(EP),1,50.0,220,218.9,0.23
03:30,f1_dev_3,1F 照明 1(EP),1,50.0,110,109.5,0.46
03:30,f1_dev_4,1F 照明 2(EP),1,50.0,110,109.5,0.46
03:30,f1_dev_5,1F WiFi(EP),1,50.0,110,109.5,0.46
03:30,f1_dev_6,1F 電熱水器(EP),1,50.0,220,219.0,0.23
03:30,f1_dev_7,1F 廚房專插(EP),1,50.0,110,109.5,0.46
03:30,f1_dev_8,1F 冷氣(L1),1,50.0,220,219.0,0.23
03:30,f1_dev_9,1F 照明 1(L1),1,60.0,110,109.4,0.55
03:30,f1_dev_10,1F 照明 2(L1),1,60.0,110,109.4,0.55
03:30,f1_dev_11,1F 電磁爐(L1),1,60.0,220,219.0,0.27
03:30,f1_dev_12,1F 插座 1(L1),1,60.0,110,109.5,0.55
03:30,f1_dev_13,1F 插座 2(L1),1,60.0,110,109.5,0.55
03:30,f1_dev_14,1F 插座 3(L1),1,60.0,110,109.5,0.55
03:30,f1_dev_15,1F 插座 4(L1),1,60.0,110,109.5,0.55
03:30,f1_dev_16,1F 插座 5(L1),1,60.0,110,109.3,0.55
03:30,f1_dev_17,1F 插座 6(L1),1,60.0,110,109.4,0.55
03:45,f1_dev_1,1F 冰箱(EP),1,50.0,110,109.5,0.46
03:45,f1_dev_2,1F 抽水馬達(EP),1,50.0,220,218.9,0.23
03:45,f1_dev_3,1F 照明 1(EP),1,50.0,110,109.5,0.46
03:45,f1_dev_4,1F 照明 2(EP),1,50.0,110,109.5,0.46
03:45,f1_dev_5,1F WiFi(EP),1,50.0,110,109.5,0.46
03:45,f1_dev_6,1F 電熱水器(EP),1,50.0,220,219.0,0.23
03:45,f1_dev_7,1F 廚房專插(EP),1,50.0,110,109.5,0.46
03:45,f1_dev_8,1F 冷氣(L1),1,50.0,220,219.0,0.23
03:45,f1_dev_9,1F 照明 1(L1),1,60.0,110,109.4,0.55
03:45,f1_dev_10,1F 照明 2(L1),1,60.0,110,109.4,0.55
03:45,f1_dev_11,1F 電磁爐(L1),1,60.0,220,219.0,0.27
03:45,f1_dev_12,1F 插座 1(L1),1,60.0,110,109.5,0.55
03:45,f1_dev_13,1F 插座 2(L1),1,60.0,110,109.5,0.55
03:45,f1_dev_14,1F 插座 3(L1),1,60.0,110,109.5,0.55
03:45,f1_dev_15,1F 插座 4(L1),1,60.0,110,109.5,0.55
03:45,f1_dev_16,1F 插座 5(L1),1,60.0,110,109.3,0.55
03:45,f1_dev_17,1F 插座 6(L1),1,60.0,110,109.4,0.55
04:00,f1_dev_1,1F 冰箱(EP),1,50.0,110,109.5,0.46
04:00,f1_dev_2,1F 抽水馬達(EP),1,50.0,220,218.9,0.23
04:00,f1_dev_3,1F 照明 1(EP),1,50.0,110,109.5,0.46
04:00,f1_dev_4,1F 照明 2(EP),1,50.0,110,109.5,0.46
04:00,f1_dev_5,1F WiFi(EP),1,50.0,110,109.5,0.46
04:00,f1_dev_6,1F 電熱水器(EP),1,50.0,220,219.0,0.23
04:00,f1_dev_7,1F 廚房專插(EP),1,50.0,110,109.5,0.46
04:00,f1_dev_8,1F 冷氣(L1),1,50.0,220,219.0,0.23
04:00,f1_dev_9,1F 照明 1(L1),1,60.0,110,109.4,0.55
04:00,f1_dev_10,1F 照明 2(L1),1,60.0,110,109.4,0.55
04:00,f1_dev_11,1F 電磁爐(L1),1,60.0,220,219.0,0.27
04:00,f1_dev_12,1F 插座 1(L1),1,60.0,110,109.5,0.55
04:00,f1_dev_13,1F 插座 2(L1),1,60.0,110,109.5,0.55
04:00,f1_dev_14,1F 插座 3(L1),1,60.0,110,109.5,0.55
04:00,f1_dev_15,1F 插座 4(L1),1,60.0,110,109.5,0.55
04:00,f1_dev_16,1F 插座 5(L1),1,60.0,110,109.3,0.55
04:00,f1_dev_17,1F 插座 6(L1),1,60.0,110,109.4,0.55
04:15,f1_dev_1,1F 冰箱(EP),1,50.0,110,109.5,0.46
04:15,f1_dev_2,1F 抽水馬達(EP),1,50.0,220,218.9,0.23
04:15,f1_dev_3,1F 照明 1(EP),1,50.0,110,109.5,0.46
04:15,f1_dev_4,1F 照明 2(EP),1,50.0,110,109.5,0.46
04:15,f1_dev_5,1F WiFi(EP),1,50.0,110,109.5,0.46
04:15,f1_dev_6,1F 電熱水器(EP),1,50.0,220,219.0,0.23
04:15,f1_dev_7,1F 廚房專插(EP),1,50.0,110,109.5,0.46
04:15,f1_dev_8,1F 冷氣(L1),1,50.0,220,219.0,0.23
04:15,f1_dev_9,1F 照明 1(L1),1,60.0,110,109.4,0.55
04:15,f1_dev_10,1F 照明 2(L1),1,60.0,110,109.4,0.55
04:15,f1_dev_11,1F 電磁爐(L1),1,60.0,220,219.0,0.27
04:15,f1_dev_12,1F 插座 1(L1),1,60.0,110,109.5,0.55
04:15,f1_dev_13,1F 插座 2(L1),1,60.0,110,109.5,0.55
04:15,f1_dev_14,1F 插座 3(L1),1,60.0,110,109.5,0.55
04:15,f1_dev_15,1F 插座 4(L1),1,60.0,110,109.5,0.55
04:15,f1_dev_16,1F 插座 5(L1),1,60.0,110,109.3,0.55
04:15,f1_dev_17,1F 插座 6(L1),1,60.0,110,109.4,0.55
04:30,f1_dev_1,1F 冰箱(EP),1,50.0,110,109.5,0.46
04:30,f1_dev_2,1F 抽水馬達(EP),1,50.0,220,218.9,0.23
04:30,f1_dev_3,1F 照明 1(EP),1,50.0,110,109.5,0.46
04:30,f1_dev_4,1F 照明 2(EP),1,50.0,110,109.5,0.46
04:30,f1_dev_5,1F WiFi(EP),1,50.0,110,109.5,0.46
04:30,f1_dev_6,1F 電熱水器(EP),1,50.0,220,219.0,0.23
04:30,f1_dev_7,1F 廚房專插(EP),1,50.0,110,109.5,0.46
04:30,f1_dev_8,1F 冷氣(L1),1,50.0,220,219.0,0.23
04:30,f1_dev_9,1F 照明 1(L1),1,60.0,110,109.4,0.55
04:30,f1_dev_10,1F 照明 2(L1),1,60.0,110,109.4,0.55
04:30,f1_dev_11,1F 電磁爐(L1),1,60.0,220,219.0,0.27
04:30,f1_dev_12,1F 插座 1(L1),1,60.0,110,109.5,0.55
04:30,f1_dev_13,1F 插座 2(L1),1,60.0,110,109.5,0.55
04:30,f1_dev_14,1F 插座 3(L1),1,60.0,110,109.5,0.55
04:30,f1_dev_15,1F 插座 4(L1),1,60.0,110,109.5,0.55
04:30,f1_dev_16,1F 插座 5(L1),1,60.0,110,109.3,0.55
04:30,f1_dev_17,1F 插座 6(L1),1,60.0,110,109.4,0.55
04:45,f1_dev_1,1F 冰箱(EP),1,50.0,110,109.5,0.46
04:45,f1_dev_2,1F 抽水馬達(EP),1,50.0,220,218.9,0.23
04:45,f1_dev_3,1F 照明 1(EP),1,50.0,110,109.5,0.46
04:45,f1_dev_4,1F 照明 2(EP),1,50.0,110,109.5,0.46
04:45,f1_dev_5,1F WiFi(EP),1,50.0,110,109.5,0.46
04:45,f1_dev_6,1F 電熱水器(EP),1,50.0,220,219.0,0.23
04:45,f1_dev_7,1F 廚房專插(EP),1,50.0,110,109.5,0.46
04:45,f1_dev_8,1F 冷氣(L1),1,50.0,220,219.0,0.23
04:45,f1_dev_9,1F 照明 1(L1),1,60.0,110,109.4,0.55
04:45,f1_dev_10,1F 照明 2(L1),1,60.0,110,109.4,0.55
04:45,f1_dev_11,1F 電磁爐(L1),1,60.0,220,219.0,0.27
04:45,f1_dev_12,1F 插座 1(L1),1,60.0,110,109.5,0.55
04:45,f1_dev_13,1F 插座 2(L1),1,60.0,110,109.5,0.55
04:45,f1_dev_14,1F 插座 3(L1),1,60.0,110,109.5,0.55
04:45,f1_dev_15,1F 插座 4(L1),1,60.0,110,109.5,0.55
04:45,f1_dev_16,1F 插座 5(L1),1,60.0,110,109.3,0.55
04:45,f1_dev_17,1F 插座 6(L1),1,60.0,110,109.4,0.55
05:00,f1_dev_1,1F 冰箱(EP),1,50.0,110,109.5,0.46
05:00,f1_dev_2,1F 抽水馬達(EP),1,50.0,220,218.9,0.23
05:00,f1_dev_3,1F 照明 1(EP),1,50.0,110,109.5,0.46
05:00,f1_dev_4,1F 照明 2(EP),1,50.0,110,109.5,0.46
05:00,f1_dev_5,1F WiFi(EP),1,50.0,110,109.5,0.46
05:00,f1_dev_6,1F 電熱水器(EP),1,50.0,220,219.0,0.23
05:00,f1_dev_7,1F 廚房專插(EP),1,50.0,110,109.5,0.46
05:00,f1_dev_8,1F 冷氣(L1),1,50.0,220,219.0,0.23
05:00,f1_dev_9,1F 照明 1(L1),1,60.0,110,109.4,0.55
05:00,f1_dev_10,1F 照明 2(L1),1,60.0,110,109.4,0.55
05:00,f1_dev_11,1F 電磁爐(L1),1,60.0,220,219.0,0.27
05:00,f1_dev_12,1F 插座 1(L1),1,60.0,110,109.5,0.55
05:00,f1_dev_13,1F 插座 2(L1),1,60.0,110,109.5,0.55
05:00,f1_dev_14,1F 插座 3(L1),1,60.0,110,109.5,0.55
05:00,f1_dev_15,1F 插座 4(L1),1,60.0,110,109.5,0.55
05:00,f1_dev_16,1F 插座 5(L1),1,60.0,110,109.3,0.55
05:00,f1_dev_17,1F 插座 6(L1),1,60.0,110,109.4,0.55
05:15,f1_dev_1,1F 冰箱(EP),1,50.0,110,109.5,0.46
05:15,f1_dev_2,1F 抽水馬達(EP),1,50.0,220,218.9,0.23
05:15,f1_dev_3,1F 照明 1(EP),1,50.0,110,109.5,0.46
05:15,f1_dev_4,1F 照明 2(EP),1,50.0,110,109.5,0.46
05:15,f1_dev_5,1F WiFi(EP),1,50.0,110,109.5,0.46
05:15,f1_dev_6,1F 電熱水器(EP),1,50.0,220,219.0,0.23
05:15,f1_dev_7,1F 廚房專插(EP),1,50.0,110,109.5,0.46
05:15,f1_dev_8,1F 冷氣(L1),1,50.0,220,219.0,0.23
05:15,f1_dev_9,1F 照明 1(L1),1,60.0,110,109.4,0.55
05:15,f1_dev_10,1F 照明 2(L1),1,60.0,110,109.4,0.55
05:15,f1_dev_11,1F 電磁爐(L1),1,60.0,220,219.0,0.27
05:15,f1_dev_12,1F 插座 1(L1),1,60.0,110,109.5,0.55
05:15,f1_dev_13,1F 插座 2(L1),1,60.0,110,109.5,0.55
05:15,f1_dev_14,1F 插座 3(L1),1,60.0,110,109.5,0.55
05:15,f1_dev_15,1F 插座 4(L1),1,60.0,110,109.5,0.55
05:15,f1_dev_16,1F 插座 5(L1),1,60.0,110,109.3,0.55
05:15,f1_dev_17,1F 插座 6(L1),1,60.0,110,109.4,0.55
05:30,f1_dev_1,1F 冰箱(EP),1,50.0,110,109.5,0.46
05:30,f1_dev_2,1F 抽水馬達(EP),1,50.0,220,218.9,0.23
05:30,f1_dev_3,1F 照明 1(EP),1,50.0,110,109.5,0.46
05:30,f1_dev_4,1F 照明 2(EP),1,50.0,110,109.5,0.46
05:30,f1_dev_5,1F WiFi(EP),1,50.0,110,109.5,0.46
05:30,f1_dev_6,1F 電熱水器(EP),1,50.0,220,219.0,0.23
05:30,f1_dev_7,1F 廚房專插(EP),1,50.0,110,109.5,0.46
05:30,f1_dev_8,1F 冷氣(L1),1,50.0,220,219.0,0.23
05:30,f1_dev_9,1F 照明 1(L1),1,60.0,110,109.4,0.55
05:30,f1_dev_10,1F 照明 2(L1),1,60.0,110,109.4,0.55
05:30,f1_dev_11,1F 電磁爐(L1),1,60.0,220,219.0,0.27
05:30,f1_dev_12,1F 插座 1(L1),1,60.0,110,109.5,0.55
05:30,f1_dev_13,1F 插座 2(L1),1,60.0,110,109.5,0.55
05:30,f1_dev_14,1F 插座 3(L1),1,60.0,110,109.5,0.55
05:30,f1_dev_15,1F 插座 4(L1),1,60.0,110,109.5,0.55
05:30,f1_dev_16,1F 插座 5(L1),1,60.0,110,109.3,0.55
05:30,f1_dev_17,1F 插座 6(L1),1,60.0,110,109.4,0.55
05:45,f1_dev_1,1F 冰箱(EP),1,50.0,110,109.5,0.46
05:45,f1_dev_2,1F 抽水馬達(EP),1,50.0,220,218.9,0.23
05:45,f1_dev_3,1F 照明 1(EP),1,50.0,110,109.5,0.46
05:45,f1_dev_4,1F 照明 2(EP),1,50.0,110,109.5,0.46
05:45,f1_dev_5,1F WiFi(EP),1,50.0,110,109.5,0.46
05:45,f1_dev_6,1F 電熱水器(EP),1,50.0,220,219.0,0.23
05:45,f1_dev_7,1F 廚房專插(EP),1,50.0,110,109.5,0.46
05:45,f1_dev_8,1F 冷氣(L1),1,50.0,220,219.0,0.23
05:45,f1_dev_9,1F 照明 1(L1),1,60.0,110,109.4,0.55
05:45,f1_dev_10,1F 照明 2(L1),1,60.0,110,109.4,0.55
05:45,f1_dev_11,1F 電磁爐(L1),1,60.0,220,219.0,0.27
05:45,f1_dev_12,1F 插座 1(L1),1,60.0,110,109.5,0.55
05:45,f1_dev_13,1F 插座 2(L1),1,60.0,110,109.5,0.55
05:45,f1_dev_14,1F 插座 3(L1),1,60.0,110,109.5,0.55
05:45,f1_dev_15,1F 插座 4(L1),1,60.0,110,109.5,0.55
05:45,f1_dev_16,1F 插座 5(L1),1,60.0,110,109.3,0.55
05:45,f1_dev_17,1F 插座 6(L1),1,60.0,110,109.4,0.55
06:00,f1_dev_1,1F 冰箱(EP),1,50.0,110,109.8,0.46
06:00,f1_dev_2,1F 抽水馬達(EP),1,50.0,220,219.5,0.23
06:00,f1_dev_3,1F 照明 1(EP),1,50.0,110,109.7,0.46
06:00,f1_dev_4,1F 照明 2(EP),1,50.0,110,109.7,0.46
06:00,f1_dev_5,1F WiFi(EP),1,50.0,110,109.8,0.46
06:00,f1_dev_6,1F 電熱水器(EP),1,50.0,220,219.5,0.23
06:00,f1_dev_7,1F 廚房專插(EP),1,50.0,110,109.8,0.46
06:00,f1_dev_8,1F 冷氣(L1),1,50.0,220,219.3,0.23
06:00,f1_dev_9,1F 照明 1(L1),1,60.0,110,109.6,0.55
06:00,f1_dev_10,1F 照明 2(L1),1,60.0,110,109.6,0.55
06:00,f1_dev_11,1F 電磁爐(L1),1,60.0,220,219.3,0.27
06:00,f1_dev_12,1F 插座 1(L1),1,60.0,110,109.7,0.55
06:00,f1_dev_13,1F 插座 2(L1),1,60.0,110,109.7,0.55
06:00,f1_dev_14,1F 插座 3(L1),1,60.0,110,109.6,0.55
06:00,f1_dev_15,1F 插座 4(L1),1,60.0,110,109.7,0.55
06:00,f1_dev_16,1F 插座 5(L1),1,60.0,110,109.5,0.55
06:00,f1_dev_17,1F 插座 6(L1),1,60.0,110,109.5,0.55
06:15,f1_dev_1,1F 冰箱(EP),1,50.0,110,109.2,0.46
06:15,f1_dev_2,1F 抽水馬達(EP),1,50.0,220,218.4,0.23
06:15,f1_dev_3,1F 照明 1(EP),1,50.0,110,109.2,0.46
06:15,f1_dev_4,1F 照明 2(EP),1,50.0,110,109.2,0.46
06:15,f1_dev_5,1F WiFi(EP),1,50.0,110,109.2,0.46
06:15,f1_dev_6,1F 電熱水器(EP),1,50.0,220,218.5,0.23
06:15,f1_dev_7,1F 廚房專插(EP),1,50.0,110,109.2,0.46
06:15,f1_dev_8,1F 冷氣(L1),1,50.0,220,218.6,0.23
06:15,f1_dev_9,1F 照明 1(L1),1,60.0,110,109.3,0.55
06:15,f1_dev_10,1F 照明 2(L1),1,60.0,110,109.3,0.55
06:15,f1_dev_11,1F 電磁爐(L1),1,60.0,220,218.6,0.27
06:15,f1_dev_12,1F 插座 1(L1),1,60.0,110,109.3,0.55
06:15,f1_dev_13,1F 插座 2(L1),1,60.0,110,109.3,0.55
06:15,f1_dev_14,1F 插座 3(L1),1,60.0,110,109.3,0.55
06:15,f1_dev_15,1F 插座 4(L1),1,60.0,110,109.3,0.55
06:15,f1_dev_16,1F 插座 5(L1),1,60.0,110,109.2,0.55
06:15,f1_dev_17,1F 插座 6(L1),1,60.0,110,109.2,0.55
06:30,f1_dev_1,1F 冰箱(EP),1,50.0,110,109.5,0.46
06:30,f1_dev_2,1F 抽水馬達(EP),1,50.0,220,219.1,0.23
06:30,f1_dev_3,1F 照明 1(EP),1,50.0,110,109.5,0.46
06:30,f1_dev_4,1F 照明 2(EP),1,50.0,110,109.5,0.46
06:30,f1_dev_5,1F WiFi(EP),1,50.0,110,109.5,0.46
06:30,f1_dev_6,1F 電熱水器(EP),1,50.0,220,219.1,0.23
06:30,f1_dev_7,1F 廚房專插(EP),1,50.0,110,109.5,0.46
06:30,f1_dev_8,1F 冷氣(L1),1,50.0,220,219.1,0.23
06:30,f1_dev_9,1F 照明 1(L1),1,60.0,110,109.5,0.55
06:30,f1_dev_10,1F 照明 2(L1),1,60.0,110,109.5,0.55
06:30,f1_dev_11,1F 電磁爐(L1),1,60.0,220,219.1,0.27
06:30,f1_dev_12,1F 插座 1(L1),1,60.0,110,109.5,0.55
06:30,f1_dev_13,1F 插座 2(L1),1,60.0,110,109.5,0.55
06:30,f1_dev_14,1F 插座 3(L1),1,60.0,110,109.5,0.55
06:30,f1_dev_15,1F 插座 4(L1),1,60.0,110,109.5,0.55
06:30,f1_dev_16,1F 插座 5(L1),1,60.0,110,109.4,0.55
06:30,f1_dev_17,1F 插座 6(L1),1,60.0,110,109.4,0.55
06:45,f1_dev_1,1F 冰箱(EP),1,50.0,110,109.6,0.46
06:45,f1_dev_2,1F 抽水馬達(EP),1,50.0,220,219.1,0.23
06:45,f1_dev_3,1F 照明 1(EP),1,50.0,110,109.6,0.46
06:45,f1_dev_4,1F 照明 2(EP),1,50.0,110,109.6,0.46
06:45,f1_dev_5,1F WiFi(EP),1,50.0,110,109.6,0.46
06:45,f1_dev_6,1F 電熱水器(EP),1,50.0,220,219.2,0.23
06:45,f1_dev_7,1F 廚房專插(EP),1,50.0,110,109.6,0.46
06:45,f1_dev_8,1F 冷氣(L1),1,50.0,220,219.1,0.23
06:45,f1_dev_9,1F 照明 1(L1),1,60.0,110,109.5,0.55
06:45,f1_dev_10,1F 照明 2(L1),1,60.0,110,109.5,0.55
06:45,f1_dev_11,1F 電磁爐(L1),1,60.0,220,219.1,0.27
06:45,f1_dev_12,1F 插座 1(L1),1,60.0,110,109.5,0.55
06:45,f1_dev_13,1F 插座 2(L1),1,60.0,110,109.5,0.55
06:45,f1_dev_14,1F 插座 3(L1),1,60.0,110,109.5,0.55
06:45,f1_dev_15,1F 插座 4(L1),1,60.0,110,109.5,0.55
06:45,f1_dev_16,1F 插座 5(L1),1,60.0,110,109.4,0.55
06:45,f1_dev_17,1F 插座 6(L1),1,60.0,110,109.4,0.55
07:00,f1_dev_1,1F 冰箱(EP),1,50.0,110,109.6,0.46
07:00,f1_dev_2,1F 抽水馬達(EP),1,50.0,220,219.2,0.23
07:00,f1_dev_3,1F 照明 1(EP),1,50.0,110,109.6,0.46
07:00,f1_dev_4,1F 照明 2(EP),1,50.0,110,109.6,0.46
07:00,f1_dev_5,1F WiFi(EP),1,50.0,110,109.6,0.46
07:00,f1_dev_6,1F 電熱水器(EP),1,50.0,220,219.2,0.23
07:00,f1_dev_7,1F 廚房專插(EP),1,50.0,110,109.6,0.46
07:00,f1_dev_8,1F 冷氣(L1),1,50.0,220,219.1,0.23
07:00,f1_dev_9,1F 照明 1(L1),1,60.0,110,109.5,0.55
07:00,f1_dev_10,1F 照明 2(L1),1,60.0,110,109.5,0.55
07:00,f1_dev_11,1F 電磁爐(L1),1,60.0,220,219.1,0.27
07:00,f1_dev_12,1F 插座 1(L1),1,60.0,110,109.6,0.55
07:00,f1_dev_13,1F 插座 2(L1),1,60.0,110,109.6,0.55
07:00,f1_dev_14,1F 插座 3(L1),1,60.0,110,109.5,0.55
07:00,f1_dev_15,1F 插座 4(L1),1,60.0,110,109.6,0.55
07:00,f1_dev_16,1F 插座 5(L1),1,60.0,110,109.4,0.55
07:00,f1_dev_17,1F 插座 6(L1),1,60.0,110,109.4,0.55
07:15,f1_dev_1,1F 冰箱(EP),1,50.0,110,109.8,0.46
07:15,f1_dev_2,1F 抽水馬達(EP),1,50.0,220,219.5,0.23
07:15,f1_dev_3,1F 照明 1(EP),1,50.0,110,109.7,0.46
07:15,f1_dev_4,1F 照明 2(EP),1,50.0,110,109.7,0.46
07:15,f1_dev_5,1F WiFi(EP),1,50.0,110,109.8,0.46
07:15,f1_dev_6,1F 電熱水器(EP),1,50.0,220,219.5,0.23
07:15,f1_dev_7,1F 廚房專插(EP),1,50.0,110,109.8,0.46
07:15,f1_dev_8,1F 冷氣(L1),1,50.0,220,219.3,0.23
07:15,f1_dev_9,1F 照明 1(L1),1,60.0,110,109.6,0.55
07:15,f1_dev_10,1F 照明 2(L1),1,60.0,110,109.6,0.55
07:15,f1_dev_11,1F 電磁爐(L1),1,60.0,220,219.3,0.27
07:15,f1_dev_12,1F 插座 1(L1),1,60.0,110,109.7,0.55
07:15,f1_dev_13,1F 插座 2(L1),1,60.0,110,109.7,0.55
07:15,f1_dev_14,1F 插座 3(L1),1,60.0,110,109.6,0.55
07:15,f1_dev_15,1F 插座 4(L1),1,60.0,110,109.7,0.55
07:15,f1_dev_16,1F 插座 5(L1),1,60.0,110,109.5,0.55
07:15,f1_dev_17,1F 插座 6(L1),1,60.0,110,109.5,0.55
07:30,f1_dev_1,1F 冰箱(EP),1,50.0,110,109.5,0.46
07:30,f1_dev_2,1F 抽水馬達(EP),1,50.0,220,219.0,0.23
07:30,f1_dev_3,1F 照明 1(EP),1,50.0,110,109.5,0.46
07:30,f1_dev_4,1F 照明 2(EP),1,50.0,110,109.5,0.46
07:30,f1_dev_5,1F WiFi(EP),1,50.0,110,109.5,0.46
07:30,f1_dev_6,1F 電熱水器(EP),1,50.0,220,219.0,0.23
07:30,f1_dev_7,1F 廚房專插(EP),1,50.0,110,109.5,0.46
07:30,f1_dev_8,1F 冷氣(L1),1,50.0,220,219.0,0.23
07:30,f1_dev_9,1F 照明 1(L1),1,60.0,110,109.5,0.55
07:30,f1_dev_10,1F 照明 2(L1),1,60.0,110,109.5,0.55
07:30,f1_dev_11,1F 電磁爐(L1),1,60.0,220,219.0,0.27
07:30,f1_dev_12,1F 插座 1(L1),1,60.0,110,109.5,0.55
07:30,f1_dev_13,1F 插座 2(L1),1,60.0,110,109.5,0.55
07:30,f1_dev_14,1F 插座 3(L1),1,60.0,110,109.5,0.55
07:30,f1_dev_15,1F 插座 4(L1),1,60.0,110,109.5,0.55
07:30,f1_dev_16,1F 插座 5(L1),1,60.0,110,109.4,0.55
07:30,f1_dev_17,1F 插座 6(L1),1,60.0,110,109.4,0.55
07:45,f1_dev_1,1F 冰箱(EP),1,50.0,110,109.7,0.46
07:45,f1_dev_2,1F 抽水馬達(EP),1,50.0,220,219.3,0.23
07:45,f1_dev_3,1F 照明 1(EP),1,50.0,110,109.7,0.46
07:45,f1_dev_4,1F 照明 2(EP),1,50.0,110,109.7,0.46
07:45,f1_dev_5,1F WiFi(EP),1,50.0,110,109.7,0.46
07:45,f1_dev_6,1F 電熱水器(EP),1,50.0,220,219.4,0.23
07:45,f1_dev_7,1F 廚房專插(EP),1,50.0,110,109.7,0.46
07:45,f1_dev_8,1F 冷氣(L1),1,50.0,220,219.2,0.23
07:45,f1_dev_9,1F 照明 1(L1),1,60.0,110,109.6,0.55
07:45,f1_dev_10,1F 照明 2(L1),1,60.0,110,109.6,0.55
07:45,f1_dev_11,1F 電磁爐(L1),1,60.0,220,219.2,0.27
07:45,f1_dev_12,1F 插座 1(L1),1,60.0,110,109.6,0.55
07:45,f1_dev_13,1F 插座 2(L1),1,60.0,110,109.6,0.55
07:45,f1_dev_14,1F 插座 3(L1),1,60.0,110,109.6,0.55
07:45,f1_dev_15,1F 插座 4(L1),1,60.0,110,109.6,0.55
07:45,f1_dev_16,1F 插座 5(L1),1,60.0,110,109.5,0.55
07:45,f1_dev_17,1F 插座 6(L1),1,60.0,110,109.5,0.55
08:00,f1_dev_1,1F 冰箱(EP),1,50.0,110,109.7,0.46
08:00,f1_dev_2,1F 抽水馬達(EP),1,50.0,220,219.4,0.23
08:00,f1_dev_3,1F 照明 1(EP),1,50.0,110,109.7,0.46
08:00,f1_dev_4,1F 照明 2(EP),1,50.0,110,109.7,0.46
08:00,f1_dev_5,1F WiFi(EP),1,50.0,110,109.7,0.46
08:00,f1_dev_6,1F 電熱水器(EP),1,50.0,220,219.4,0.23
08:00,f1_dev_7,1F 廚房專插(EP),1,50.0,110,109.7,0.46
08:00,f1_dev_8,1F 冷氣(L1),1,50.0,220,219.3,0.23
08:00,f1_dev_9,1F 照明 1(L1),1,60.0,110,109.6,0.55
08:00,f1_dev_10,1F 照明 2(L1),1,60.0,110,109.6,0.55
08:00,f1_dev_11,1F 電磁爐(L1),1,60.0,220,219.3,0.27
08:00,f1_dev_12,1F 插座 1(L1),1,60.0,110,109.6,0.55
08:00,f1_dev_13,1F 插座 2(L1),1,60.0,110,109.6,0.55
08:00,f1_dev_14,1F 插座 3(L1),1,60.0,110,109.6,0.55
08:00,f1_dev_15,1F 插座 4(L1),1,60.0,110,109.6,0.55
08:00,f1_dev_16,1F 插座 5(L1),1,60.0,110,109.5,0.55
08:00,f1_dev_17,1F 插座 6(L1),1,60.0,110,109.5,0.55
08:15,f1_dev_1,1F 冰箱(EP),1,50.0,110,109.7,0.46
08:15,f1_dev_2,1F 抽水馬達(EP),1,50.0,220,219.5,0.23
08:15,f1_dev_3,1F 照明 1(EP),1,50.0,110,109.7,0.46
08:15,f1_dev_4,1F 照明 2(EP),1,50.0,110,109.7,0.46
08:15,f1_dev_5,1F WiFi(EP),1,50.0,110,109.7,0.46
08:15,f1_dev_6,1F 電熱水器(EP),1,50.0,220,219.5,0.23
08:15,f1_dev_7,1F 廚房專插(EP),1,50.0,110,109.7,0.46
08:15,f1_dev_8,1F 冷氣(L1),1,50.0,220,219.3,0.23
08:15,f1_dev_9,1F 照明 1(L1),1,60.0,110,109.6,0.55
08:15,f1_dev_10,1F 照明 2(L1),1,60.0,110,109.6,0.55
08:15,f1_dev_11,1F 電磁爐(L1),1,60.0,220,219.3,0.27
08:15,f1_dev_12,1F 插座 1(L1),1,60.0,110,109.6,0.55
08:15,f1_dev_13,1F 插座 2(L1),1,60.0,110,109.6,0.55
08:15,f1_dev_14,1F 插座 3(L1),1,60.0,110,109.6,0.55
08:15,f1_dev_15,1F 插座 4(L1),1,60.0,110,109.6,0.55
08:15,f1_dev_16,1F 插座 5(L1),1,60.0,110,109.5,0.55
08:15,f1_dev_17,1F 插座 6(L1),1,60.0,110,109.5,0.55
08:30,f1_dev_1,1F 冰箱(EP),1,50.0,110,109.8,0.46
08:30,f1_dev_2,1F 抽水馬達(EP),1,50.0,220,219.5,0.23
08:30,f1_dev_3,1F 照明 1(EP),1,50.0,110,109.7,0.46
08:30,f1_dev_4,1F 照明 2(EP),1,50.0,110,109.7,0.46
08:30,f1_dev_5,1F WiFi(EP),1,50.0,110,109.8,0.46
08:30,f1_dev_6,1F 電熱水器(EP),1,50.0,220,219.5,0.23
08:30,f1_dev_7,1F 廚房專插(EP),1,50.0,110,109.8,0.46
08:30,f1_dev_8,1F 冷氣(L1),1,50.0,220,219.3,0.23
08:30,f1_dev_9,1F 照明 1(L1),1,60.0,110,109.6,0.55
08:30,f1_dev_10,1F 照明 2(L1),1,60.0,110,109.6,0.55
08:30,f1_dev_11,1F 電磁爐(L1),1,60.0,220,219.3,0.27
08:30,f1_dev_12,1F 插座 1(L1),1,60.0,110,109.7,0.55
08:30,f1_dev_13,1F 插座 2(L1),1,60.0,110,109.7,0.55
08:30,f1_dev_14,1F 插座 3(L1),1,60.0,110,109.6,0.55
08:30,f1_dev_15,1F 插座 4(L1),1,60.0,110,109.7,0.55
08:30,f1_dev_16,1F 插座 5(L1),1,60.0,110,109.5,0.55
08:30,f1_dev_17,1F 插座 6(L1),1,60.0,110,109.5,0.55
08:45,f1_dev_1,1F 冰箱(EP),1,50.0,110,109.8,0.46
08:45,f1_dev_2,1F 抽水馬達(EP),1,50.0,220,219.5,0.23
08:45,f1_dev_3,1F 照明 1(EP),1,50.0,110,109.7,0.46
08:45,f1_dev_4,1F 照明 2(EP),1,50.0,110,109.7,0.46
08:45,f1_dev_5,1F WiFi(EP),1,50.0,110,109.8,0.46
08:45,f1_dev_6,1F 電熱水器(EP),1,50.0,220,219.5,0.23
08:45,f1_dev_7,1F 廚房專插(EP),1,50.0,110,109.8,0.46
08:45,f1_dev_8,1F 冷氣(L1),1,50.0,220,219.3,0.23
08:45,f1_dev_9,1F 照明 1(L1),1,60.0,110,109.6,0.55
08:45,f1_dev_10,1F 照明 2(L1),1,60.0,110,109.6,0.55
08:45,f1_dev_11,1F 電磁爐(L1),1,60.0,220,219.3,0.27
08:45,f1_dev_12,1F 插座 1(L1),1,60.0,110,109.7,0.55
08:45,f1_dev_13,1F 插座 2(L1),1,60.0,110,109.7,0.55
08:45,f1_dev_14,1F 插座 3(L1),1,60.0,110,109.6,0.55
08:45,f1_dev_15,1F 插座 4(L1),1,60.0,110,109.7,0.55
08:45,f1_dev_16,1F 插座 5(L1),1,60.0,110,109.5,0.55
08:45,f1_dev_17,1F 插座 6(L1),1,60.0,110,109.5,0.55
09:00,f1_dev_1,1F 冰箱(EP),1,50.0,110,109.8,0.46
09:00,f1_dev_2,1F 抽水馬達(EP),1,50.0,220,219.6,0.23
09:00,f1_dev_3,1F 照明 1(EP),1,50.0,110,109.8,0.46
09:00,f1_dev_4,1F 照明 2(EP),1,50.0,110,109.8,0.46
09:00,f1_dev_5,1F WiFi(EP),1,50.0,110,109.8,0.46
09:00,f1_dev_6,1F 電熱水器(EP),1,50.0,220,219.6,0.23
09:00,f1_dev_7,1F 廚房專插(EP),1,50.0,110,109.8,0.46
09:00,f1_dev_8,1F 冷氣(L1),1,50.0,220,219.4,0.23
09:00,f1_dev_9,1F 照明 1(L1),1,60.0,110,109.6,0.55
09:00,f1_dev_10,1F 照明 2(L1),1,60.0,110,109.6,0.55
09:00,f1_dev_11,1F 電磁爐(L1),1,60.0,220,219.4,0.27
09:00,f1_dev_12,1F 插座 1(L1),1,60.0,110,109.7,0.55
09:00,f1_dev_13,1F 插座 2(L1),1,60.0,110,109.7,0.55
09:00,f1_dev_14,1F 插座 3(L1),1,60.0,110,109.7,0.55
09:00,f1_dev_15,1F 插座 4(L1),1,60.0,110,109.7,0.55
09:00,f1_dev_16,1F 插座 5(L1),1,60.0,110,109.5,0.55
09:00,f1_dev_17,1F 插座 6(L1),1,60.0,110,109.5,0.55
09:15,f1_dev_1,1F 冰箱(EP),1,50.0,110,109.8,0.46
09:15,f1_dev_2,1F 抽水馬達(EP),1,50.0,220,219.6,0.23
09:15,f1_dev_3,1F 照明 1(EP),1,50.0,110,109.8,0.46
09:15,f1_dev_4,1F 照明 2(EP),1,50.0,110,109.8,0.46
09:15,f1_dev_5,1F WiFi(EP),1,50.0,110,109.8,0.46
09:15,f1_dev_6,1F 電熱水器(EP),1,50.0,220,219.6,0.23
09:15,f1_dev_7,1F 廚房專插(EP),1,50.0,110,109.8,0.46
09:15,f1_dev_8,1F 冷氣(L1),1,50.0,220,219.4,0.23
09:15,f1_dev_9,1F 照明 1(L1),1,60.0,110,109.7,0.55
09:15,f1_dev_10,1F 照明 2(L1),1,60.0,110,109.7,0.55
09:15,f1_dev_11,1F 電磁爐(L1),1,60.0,220,219.4,0.27
09:15,f1_dev_12,1F 插座 1(L1),1,60.0,110,109.7,0.55
09:15,f1_dev_13,1F 插座 2(L1),1,60.0,110,109.7,0.55
09:15,f1_dev_14,1F 插座 3(L1),1,60.0,110,109.7,0.55
09:15,f1_dev_15,1F 插座 4(L1),1,60.0,110,109.7,0.55
09:15,f1_dev_16,1F 插座 5(L1),1,60.0,110,109.6,0.55
09:15,f1_dev_17,1F 插座 6(L1),1,60.0,110,109.6,0.55
09:30,f1_dev_1,1F 冰箱(EP),1,50.0,110,109.8,0.46
09:30,f1_dev_2,1F 抽水馬達(EP),1,50.0,220,219.5,0.23
09:30,f1_dev_3,1F 照明 1(EP),1,50.0,110,109.7,0.46
09:30,f1_dev_4,1F 照明 2(EP),1,50.0,110,109.7,0.46
09:30,f1_dev_5,1F WiFi(EP),1,50.0,110,109.8,0.46
09:30,f1_dev_6,1F 電熱水器(EP),1,50.0,220,219.5,0.23
09:30,f1_dev_7,1F 廚房專插(EP),1,50.0,110,109.8,0.46
09:30,f1_dev_8,1F 冷氣(L1),1,50.0,220,219.3,0.23
09:30,f1_dev_9,1F 照明 1(L1),1,60.0,110,109.6,0.55
09:30,f1_dev_10,1F 照明 2(L1),1,60.0,110,109.6,0.55
09:30,f1_dev_11,1F 電磁爐(L1),1,60.0,220,219.3,0.27
09:30,f1_dev_12,1F 插座 1(L1),1,60.0,110,109.7,0.55
09:30,f1_dev_13,1F 插座 2(L1),1,60.0,110,109.7,0.55
09:30,f1_dev_14,1F 插座 3(L1),1,60.0,110,109.6,0.55
09:30,f1_dev_15,1F 插座 4(L1),1,60.0,110,109.7,0.55
09:30,f1_dev_16,1F 插座 5(L1),1,60.0,110,109.5,0.55
09:30,f1_dev_17,1F 插座 6(L1),1,60.0,110,109.5,0.55
09:45,f1_dev_1,1F 冰箱(EP),1,50.0,110,109.8,0.46
09:45,f1_dev_2,1F 抽水馬達(EP),1,50.0,220,219.7,0.23
09:45,f1_dev_3,1F 照明 1(EP),1,50.0,110,109.8,0.46
09:45,f1_dev_4,1F 照明 2(EP),1,50.0,110,109.8,0.46
09:45,f1_dev_5,1F WiFi(EP),1,50.0,110,109.9,0.46
09:45,f1_dev_6,1F 電熱水器(EP),1,50.0,220,219.7,0.23
09:45,f1_dev_7,1F 廚房專插(EP),1,50.0,110,109.9,0.46
09:45,f1_dev_8,1F 冷氣(L1),1,50.0,220,219.4,0.23
09:45,f1_dev_9,1F 照明 1(L1),1,60.0,110,109.7,0.55
09:45,f1_dev_10,1F 照明 2(L1),1,60.0,110,109.7,0.55
09:45,f1_dev_11,1F 電磁爐(L1),1,60.0,220,219.4,0.27
09:45,f1_dev_12,1F 插座 1(L1),1,60.0,110,109.7,0.55
09:45,f1_dev_13,1F 插座 2(L1),1,60.0,110,109.7,0.55
09:45,f1_dev_14,1F 插座 3(L1),1,60.0,110,109.7,0.55
09:45,f1_dev_15,1F 插座 4(L1),1,60.0,110,109.7,0.55
09:45,f1_dev_16,1F 插座 5(L1),1,60.0,110,109.6,0.55
09:45,f1_dev_17,1F 插座 6(L1),1,60.0,110,109.6,0.55
10:00,f1_dev_1,1F 冰箱(EP),1,50.0,110,109.9,0.46
10:00,f1_dev_2,1F 抽水馬達(EP),1,50.0,220,219.7,0.23
10:00,f1_dev_3,1F 照明 1(EP),1,50.0,110,109.8,0.46
10:00,f1_dev_4,1F 照明 2(EP),1,50.0,110,109.8,0.46
10:00,f1_dev_5,1F WiFi(EP),1,50.0,110,109.9,0.46
10:00,f1_dev_6,1F 電熱水器(EP),1,50.0,220,219.7,0.23
10:00,f1_dev_7,1F 廚房專插(EP),1,50.0,110,109.9,0.46
10:00,f1_dev_8,1F 冷氣(L1),1,50.0,220,219.5,0.23
10:00,f1_dev_9,1F 照明 1(L1),1,60.0,110,109.7,0.55
10:00,f1_dev_10,1F 照明 2(L1),1,60.0,110,109.7,0.55
10:00,f1_dev_11,1F 電磁爐(L1),1,60.0,220,219.4,0.27
10:00,f1_dev_12,1F 插座 1(L1),1,60.0,110,109.7,0.55
10:00,f1_dev_13,1F 插座 2(L1),1,60.0,110,109.7,0.55
10:00,f1_dev_14,1F 插座 3(L1),1,60.0,110,109.7,0.55
10:00,f1_dev_15,1F 插座 4(L1),1,60.0,110,109.7,0.55
10:00,f1_dev_16,1F 插座 5(L1),1,60.0,110,109.6,0.55
10:00,f1_dev_17,1F 插座 6(L1),1,60.0,110,109.6,0.55
10:15,f1_dev_1,1F 冰箱(EP),1,50.0,110,109.9,0.46
10:15,f1_dev_2,1F 抽水馬達(EP),1,50.0,220,219.7,0.23
10:15,f1_dev_3,1F 照明 1(EP),1,50.0,110,109.9,0.46
10:15,f1_dev_4,1F 照明 2(EP),1,50.0,110,109.9,0.46
10:15,f1_dev_5,1F WiFi(EP),1,50.0,110,109.9,0.46
10:15,f1_dev_6,1F 電熱水器(EP),1,50.0,220,219.8,0.23
10:15,f1_dev_7,1F 廚房專插(EP),1,50.0,110,109.9,0.46
10:15,f1_dev_8,1F 冷氣(L1),1,50.0,220,219.5,0.23
10:15,f1_dev_9,1F 照明 1(L1),1,60.0,110,109.7,0.55
10:15,f1_dev_10,1F 照明 2(L1),1,60.0,110,109.7,0.55
10:15,f1_dev_11,1F 電磁爐(L1),1,60.0,220,219.5,0.27
10:15,f1_dev_12,1F 插座 1(L1),1,60.0,110,109.7,0.55
10:15,f1_dev_13,1F 插座 2(L1),1,60.0,110,109.7,0.55
10:15,f1_dev_14,1F 插座 3(L1),1,60.0,110,109.7,0.55
10:15,f1_dev_15,1F 插座 4(L1),1,60.0,110,109.7,0.55
10:15,f1_dev_16,1F 插座 5(L1),1,60.0,110,109.6,0.55
10:15,f1_dev_17,1F 插座 6(L1),1,60.0,110,109.6,0.55
10:30,f1_dev_1,1F 冰箱(EP),1,50.0,110,109.9,0.46
10:30,f1_dev_2,1F 抽水馬達(EP),1,50.0,220,219.8,0.23
10:30,f1_dev_3,1F 照明 1(EP),1,50.0,110,109.9,0.46
10:30,f1_dev_4,1F 照明 2(EP),1,50.0,110,109.9,0.46
10:30,f1_dev_5,1F WiFi(EP),1,50.0,110,109.9,0.46
10:30,f1_dev_6,1F 電熱水器(EP),1,50.0,220,219.8,0.23
10:30,f1_dev_7,1F 廚房專插(EP),1,50.0,110,109.9,0.46
10:30,f1_dev_8,1F 冷氣(L1),1,50.0,220,219.5,0.23
10:30,f1_dev_9,1F 照明 1(L1),1,60.0,110,109.7,0.55
10:30,f1_dev_10,1F 照明 2(L1),1,60.0,110,109.7,0.55
10:30,f1_dev_11,1F 電磁爐(L1),1,60.0,220,219.5,0.27
10:30,f1_dev_12,1F 插座 1(L1),1,60.0,110,109.7,0.55
10:30,f1_dev_13,1F 插座 2(L1),1,60.0,110,109.7,0.55
10:30,f1_dev_14,1F 插座 3(L1),1,60.0,110,109.7,0.55
10:30,f1_dev_15,1F 插座 4(L1),1,60.0,110,109.7,0.55
10:30,f1_dev_16,1F 插座 5(L1),1,60.0,110,109.6,0.55
10:30,f1_dev_17,1F 插座 6(L1),1,60.0,110,109.6,0.55
10:45,f1_dev_1,1F 冰箱(EP),1,50.0,110,109.9,0.45
10:45,f1_dev_2,1F 抽水馬達(EP),1,50.0,220,219.8,0.23
10:45,f1_dev_3,1F 照明 1(EP),1,50.0,110,109.9,0.46
10:45,f1_dev_4,1F 照明 2(EP),1,50.0,110,109.9,0.46
10:45,f1_dev_5,1F WiFi(EP),1,50.0,110,109.9,0.45
10:45,f1_dev_6,1F 電熱水器(EP),1,50.0,220,219.8,0.23
10:45,f1_dev_7,1F 廚房專插(EP),1,50.0,110,109.9,0.45
10:45,f1_dev_8,1F 冷氣(L1),1,50.0,220,219.5,0.23
10:45,f1_dev_9,1F 照明 1(L1),1,60.0,110,109.7,0.55
10:45,f1_dev_10,1F 照明 2(L1),1,60.0,110,109.7,0.55
10:45,f1_dev_11,1F 電磁爐(L1),1,60.0,220,219.5,0.27
10:45,f1_dev_12,1F 插座 1(L1),1,60.0,110,109.7,0.55
10:45,f1_dev_13,1F 插座 2(L1),1,60.0,110,109.7,0.55
10:45,f1_dev_14,1F 插座 3(L1),1,60.0,110,109.7,0.55
10:45,f1_dev_15,1F 插座 4(L1),1,60.0,110,109.7,0.55
10:45,f1_dev_16,1F 插座 5(L1),1,60.0,110,109.6,0.55
10:45,f1_dev_17,1F 插座 6(L1),1,60.0,110,109.6,0.55
11:00,f1_dev_1,1F 冰箱(EP),1,50.0,110,109.8,0.46
11:00,f1_dev_2,1F 抽水馬達(EP),1,50.0,220,219.6,0.23
11:00,f1_dev_3,1F 照明 1(EP),1,50.0,110,109.8,0.46
11:00,f1_dev_4,1F 照明 2(EP),1,50.0,110,109.8,0.46
11:00,f1_dev_5,1F WiFi(EP),1,50.0,110,109.8,0.46
11:00,f1_dev_6,1F 電熱水器(EP),1,50.0,220,219.6,0.23
11:00,f1_dev_7,1F 廚房專插(EP),1,50.0,110,109.8,0.46
11:00,f1_dev_8,1F 冷氣(L1),1,50.0,220,219.4,0.23
11:00,f1_dev_9,1F 照明 1(L1),1,60.0,110,109.6,0.55
11:00,f1_dev_10,1F 照明 2(L1),1,60.0,110,109.6,0.55
11:00,f1_dev_11,1F 電磁爐(L1),1,60.0,220,219.4,0.27
11:00,f1_dev_12,1F 插座 1(L1),1,60.0,110,109.7,0.55
11:00,f1_dev_13,1F 插座 2(L1),1,60.0,110,109.7,0.55
11:00,f1_dev_14,1F 插座 3(L1),1,60.0,110,109.7,0.55
11:00,f1_dev_15,1F 插座 4(L1),1,60.0,110,109.7,0.55
11:00,f1_dev_16,1F 插座 5(L1),1,60.0,110,109.6,0.55
11:00,f1_dev_17,1F 插座 6(L1),1,60.0,110,109.6,0.55
11:15,f1_dev_1,1F 冰箱(EP),1,50.0,110,109.9,0.46
11:15,f1_dev_2,1F 抽水馬達(EP),1,50.0,220,219.7,0.23
11:15,f1_dev_3,1F 照明 1(EP),1,50.0,110,109.8,0.46
11:15,f1_dev_4,1F 照明 2(EP),1,50.0,110,109.8,0.46
11:15,f1_dev_5,1F WiFi(EP),1,50.0,110,109.9,0.46
11:15,f1_dev_6,1F 電熱水器(EP),1,50.0,220,219.7,0.23
11:15,f1_dev_7,1F 廚房專插(EP),1,50.0,110,109.9,0.46
11:15,f1_dev_8,1F 冷氣(L1),1,50.0,220,219.5,0.23
11:15,f1_dev_9,1F 照明 1(L1),1,60.0,110,109.7,0.55
11:15,f1_dev_10,1F 照明 2(L1),1,60.0,110,109.7,0.55
11:15,f1_dev_11,1F 電磁爐(L1),1,60.0,220,219.4,0.27
11:15,f1_dev_12,1F 插座 1(L1),1,60.0,110,109.7,0.55
11:15,f1_dev_13,1F 插座 2(L1),1,60.0,110,109.7,0.55
11:15,f1_dev_14,1F 插座 3(L1),1,60.0,110,109.7,0.55
11:15,f1_dev_15,1F 插座 4(L1),1,60.0,110,109.7,0.55
11:15,f1_dev_16,1F 插座 5(L1),1,60.0,110,109.6,0.55
11:15,f1_dev_17,1F 插座 6(L1),1,60.0,110,109.6,0.55
11:30,f1_dev_1,1F 冰箱(EP),1,50.0,110,109.9,0.45
11:30,f1_dev_2,1F 抽水馬達(EP),1,50.0,220,219.8,0.23
11:30,f1_dev_3,1F 照明 1(EP),1,50.0,110,109.9,0.46
11:30,f1_dev_4,1F 照明 2(EP),1,50.0,110,109.9,0.45
11:30,f1_dev_5,1F WiFi(EP),1,50.0,110,109.9,0.45
11:30,f1_dev_6,1F 電熱水器(EP),1,50.0,220,219.8,0.23
11:30,f1_dev_7,1F 廚房專插(EP),1,50.0,110,109.9,0.45
11:30,f1_dev_8,1F 冷氣(L1),1,50.0,220,219.5,0.23
11:30,f1_dev_9,1F 照明 1(L1),1,60.0,110,109.7,0.55
11:30,f1_dev_10,1F 照明 2(L1),1,60.0,110,109.7,0.55
11:30,f1_dev_11,1F 電磁爐(L1),1,60.0,220,219.5,0.27
11:30,f1_dev_12,1F 插座 1(L1),1,60.0,110,109.8,0.55
11:30,f1_dev_13,1F 插座 2(L1),1,60.0,110,109.8,0.55
11:30,f1_dev_14,1F 插座 3(L1),1,60.0,110,109.7,0.55
11:30,f1_dev_15,1F 插座 4(L1),1,60.0,110,109.7,0.55
11:30,f1_dev_16,1F 插座 5(L1),1,60.0,110,109.6,0.55
11:30,f1_dev_17,1F 插座 6(L1),1,60.0,110,109.6,0.55
11:45,f1_dev_1,1F 冰箱(EP),1,50.0,110,109.9,0.45
11:45,f1_dev_2,1F 抽水馬達(EP),1,50.0,220,219.8,0.23
11:45,f1_dev_3,1F 照明 1(EP),1,50.0,110,109.9,0.45
11:45,f1_dev_4,1F 照明 2(EP),1,50.0,110,109.9,0.45
11:45,f1_dev_5,1F WiFi(EP),1,50.0,110,109.9,0.45
11:45,f1_dev_6,1F 電熱水器(EP),1,50.0,220,219.8,0.23
11:45,f1_dev_7,1F 廚房專插(EP),1,50.0,110,109.9,0.45
11:45,f1_dev_8,1F 冷氣(L1),1,50.0,220,219.5,0.23
11:45,f1_dev_9,1F 照明 1(L1),1,60.0,110,109.7,0.55
11:45,f1_dev_10,1F 照明 2(L1),1,60.0,110,109.7,0.55
11:45,f1_dev_11,1F 電磁爐(L1),1,60.0,220,219.5,0.27
11:45,f1_dev_12,1F 插座 1(L1),1,60.0,110,109.8,0.55
11:45,f1_dev_13,1F 插座 2(L1),1,60.0,110,109.8,0.55
11:45,f1_dev_14,1F 插座 3(L1),1,60.0,110,109.7,0.55
11:45,f1_dev_15,1F 插座 4(L1),1,60.0,110,109.7,0.55
11:45,f1_dev_16,1F 插座 5(L1),1,60.0,110,109.6,0.55
11:45,f1_dev_17,1F 插座 6(L1),1,60.0,110,109.6,0.55
12:00,f1_dev_1,1F 冰箱(EP),1,50.0,110,110.0,0.45
12:00,f1_dev_2,1F 抽水馬達(EP),1,50.0,220,220.0,0.23
12:00,f1_dev_3,1F 照明 1(EP),1,50.0,110,110.0,0.45
12:00,f1_dev_4,1F 照明 2(EP),1,50.0,110,110.0,0.45
12:00,f1_dev_5,1F WiFi(EP),1,50.0,110,110.0,0.45
12:00,f1_dev_6,1F 電熱水器(EP),1,50.0,220,220.0,0.23
12:00,f1_dev_7,1F 廚房專插(EP),1,50.0,110,110.0,0.45
12:00,f1_dev_8,1F 冷氣(L1),0,0.0,220,0.0,0.0
12:00,f1_dev_9,1F 照明 1(L1),0,0.0,110,0.0,0.0
12:00,f1_dev_10,1F 照明 2(L1),0,0.0,110,0.0,0.0
12:00,f1_dev_11,1F 電磁爐(L1),0,0.0,220,0.0,0.0
12:00,f1_dev_12,1F 插座 1(L1),0,0.0,110,0.0,0.0
12:00,f1_dev_13,1F 插座 2(L1),0,0.0,110,0.0,0.0
12:00,f1_dev_14,1F 插座 3(L1),0,0.0,110,0.0,0.0
12:00,f1_dev_15,1F 插座 4(L1),0,0.0,110,0.0,0.0
12:00,f1_dev_16,1F 插座 5(L1),0,0.0,110,0.0,0.0
12:00,f1_dev_17,1F 插座 6(L1),0,0.0,110,0.0,0.0
12:15,f1_dev_1,1F 冰箱(EP),1,50.0,110,110.0,0.45
12:15,f1_dev_2,1F 抽水馬達(EP),1,50.0,220,220.0,0.23
12:15,f1_dev_3,1F 照明 1(EP),1,50.0,110,110.0,0.45
12:15,f1_dev_4,1F 照明 2(EP),1,50.0,110,110.0,0.45
12:15,f1_dev_5,1F WiFi(EP),1,50.0,110,110.0,0.45
12:15,f1_dev_6,1F 電熱水器(EP),1,50.0,220,220.0,0.23
12:15,f1_dev_7,1F 廚房專插(EP),1,50.0,110,110.0,0.45
12:15,f1_dev_8,1F 冷氣(L1),0,0.0,220,0.0,0.0
12:15,f1_dev_9,1F 照明 1(L1),0,0.0,110,0.0,0.0
12:15,f1_dev_10,1F 照明 2(L1),0,0.0,110,0.0,0.0
12:15,f1_dev_11,1F 電磁爐(L1),0,0.0,220,0.0,0.0
12:15,f1_dev_12,1F 插座 1(L1),0,0.0,110,0.0,0.0
12:15,f1_dev_13,1F 插座 2(L1),0,0.0,110,0.0,0.0
12:15,f1_dev_14,1F 插座 3(L1),0,0.0,110,0.0,0.0
12:15,f1_dev_15,1F 插座 4(L1),0,0.0,110,0.0,0.0
12:15,f1_dev_16,1F 插座 5(L1),0,0.0,110,0.0,0.0
12:15,f1_dev_17,1F 插座 6(L1),0,0.0,110,0.0,0.0
12:30,f1_dev_1,1F 冰箱(EP),1,50.0,110,110.0,0.45
12:30,f1_dev_2,1F 抽水馬達(EP),1,50.0,220,220.0,0.23
12:30,f1_dev_3,1F 照明 1(EP),1,50.0,110,110.0,0.45
12:30,f1_dev_4,1F 照明 2(EP),1,50.0,110,110.0,0.45
12:30,f1_dev_5,1F WiFi(EP),1,50.0,110,110.0,0.45
12:30,f1_dev_6,1F 電熱水器(EP),1,50.0,220,220.0,0.23
12:30,f1_dev_7,1F 廚房專插(EP),1,50.0,110,110.0,0.45
12:30,f1_dev_8,1F 冷氣(L1),0,0.0,220,0.0,0.0
12:30,f1_dev_9,1F 照明 1(L1),0,0.0,110,0.0,0.0
12:30,f1_dev_10,1F 照明 2(L1),0,0.0,110,0.0,0.0
12:30,f1_dev_11,1F 電磁爐(L1),0,0.0,220,0.0,0.0
12:30,f1_dev_12,1F 插座 1(L1),0,0.0,110,0.0,0.0
12:30,f1_dev_13,1F 插座 2(L1),0,0.0,110,0.0,0.0
12:30,f1_dev_14,1F 插座 3(L1),0,0.0,110,0.0,0.0
12:30,f1_dev_15,1F 插座 4(L1),0,0.0,110,0.0,0.0
12:30,f1_dev_16,1F 插座 5(L1),0,0.0,110,0.0,0.0
12:30,f1_dev_17,1F 插座 6(L1),0,0.0,110,0.0,0.0
12:45,f1_dev_1,1F 冰箱(EP),1,50.0,110,110.0,0.45
12:45,f1_dev_2,1F 抽水馬達(EP),1,50.0,220,220.0,0.23
12:45,f1_dev_3,1F 照明 1(EP),1,50.0,110,110.0,0.45
12:45,f1_dev_4,1F 照明 2(EP),1,50.0,110,110.0,0.45
12:45,f1_dev_5,1F WiFi(EP),1,50.0,110,110.0,0.45
12:45,f1_dev_6,1F 電熱水器(EP),1,50.0,220,220.0,0.23
12:45,f1_dev_7,1F 廚房專插(EP),1,50.0,110,110.0,0.45
12:45,f1_dev_8,1F 冷氣(L1),0,0.0,220,0.0,0.0
12:45,f1_dev_9,1F 照明 1(L1),0,0.0,110,0.0,0.0
12:45,f1_dev_10,1F 照明 2(L1),0,0.0,110,0.0,0.0
12:45,f1_dev_11,1F 電磁爐(L1),0,0.0,220,0.0,0.0
12:45,f1_dev_12,1F 插座 1(L1),0,0.0,110,0.0,0.0
12:45,f1_dev_13,1F 插座 2(L1),0,0.0,110,0.0,0.0
12:45,f1_dev_14,1F 插座 3(L1),0,0.0,110,0.0,0.0
12:45,f1_dev_15,1F 插座 4(L1),0,0.0,110,0.0,0.0
12:45,f1_dev_16,1F 插座 5(L1),0,0.0,110,0.0,0.0
12:45,f1_dev_17,1F 插座 6(L1),0,0.0,110,0.0,0.0
13:00,f1_dev_1,1F 冰箱(EP),1,50.0,110,110.0,0.45
13:00,f1_dev_2,1F 抽水馬達(EP),1,50.0,220,220.0,0.23
13:00,f1_dev_3,1F 照明 1(EP),1,50.0,110,110.0,0.45
13:00,f1_dev_4,1F 照明 2(EP),1,50.0,110,110.0,0.45
13:00,f1_dev_5,1F WiFi(EP),1,50.0,110,110.0,0.45
13:00,f1_dev_6,1F 電熱水器(EP),1,50.0,220,220.0,0.23
13:00,f1_dev_7,1F 廚房專插(EP),1,50.0,110,110.0,0.45
13:00,f1_dev_8,1F 冷氣(L1),0,0.0,220,0.0,0.0
13:00,f1_dev_9,1F 照明 1(L1),0,0.0,110,0.0,0.0
13:00,f1_dev_10,1F 照明 2(L1),0,0.0,110,0.0,0.0
13:00,f1_dev_11,1F 電磁爐(L1),0,0.0,220,0.0,0.0
13:00,f1_dev_12,1F 插座 1(L1),0,0.0,110,0.0,0.0
13:00,f1_dev_13,1F 插座 2(L1),0,0.0,110,0.0,0.0
13:00,f1_dev_14,1F 插座 3(L1),0,0.0,110,0.0,0.0
13:00,f1_dev_15,1F 插座 4(L1),0,0.0,110,0.0,0.0
13:00,f1_dev_16,1F 插座 5(L1),0,0.0,110,0.0,0.0
13:00,f1_dev_17,1F 插座 6(L1),0,0.0,110,0.0,0.0
13:15,f1_dev_1,1F 冰箱(EP),1,50.0,110,110.0,0.45
13:15,f1_dev_2,1F 抽水馬達(EP),1,50.0,220,220.0,0.23
13:15,f1_dev_3,1F 照明 1(EP),1,50.0,110,110.0,0.45
13:15,f1_dev_4,1F 照明 2(EP),1,50.0,110,110.0,0.45
13:15,f1_dev_5,1F WiFi(EP),1,50.0,110,110.0,0.45
13:15,f1_dev_6,1F 電熱水器(EP),1,50.0,220,220.0,0.23
13:15,f1_dev_7,1F 廚房專插(EP),1,50.0,110,110.0,0.45
13:15,f1_dev_8,1F 冷氣(L1),0,0.0,220,0.0,0.0
13:15,f1_dev_9,1F 照明 1(L1),0,0.0,110,0.0,0.0
13:15,f1_dev_10,1F 照明 2(L1),0,0.0,110,0.0,0.0
13:15,f1_dev_11,1F 電磁爐(L1),0,0.0,220,0.0,0.0
13:15,f1_dev_12,1F 插座 1(L1),0,0.0,110,0.0,0.0
13:15,f1_dev_13,1F 插座 2(L1),0,0.0,110,0.0,0.0
13:15,f1_dev_14,1F 插座 3(L1),0,0.0,110,0.0,0.0
13:15,f1_dev_15,1F 插座 4(L1),0,0.0,110,0.0,0.0
13:15,f1_dev_16,1F 插座 5(L1),0,0.0,110,0.0,0.0
13:15,f1_dev_17,1F 插座 6(L1),0,0.0,110,0.0,0.0
13:30,f1_dev_1,1F 冰箱(EP),1,50.0,110,110.0,0.45
13:30,f1_dev_2,1F 抽水馬達(EP),1,50.0,220,220.0,0.23
13:30,f1_dev_3,1F 照明 1(EP),1,50.0,110,110.0,0.45
13:30,f1_dev_4,1F 照明 2(EP),1,50.0,110,110.0,0.45
13:30,f1_dev_5,1F WiFi(EP),1,50.0,110,110.0,0.45
13:30,f1_dev_6,1F 電熱水器(EP),1,50.0,220,220.0,0.23
13:30,f1_dev_7,1F 廚房專插(EP),1,50.0,110,110.0,0.45
13:30,f1_dev_8,1F 冷氣(L1),0,0.0,220,0.0,0.0
13:30,f1_dev_9,1F 照明 1(L1),0,0.0,110,0.0,0.0
13:30,f1_dev_10,1F 照明 2(L1),0,0.0,110,0.0,0.0
13:30,f1_dev_11,1F 電磁爐(L1),0,0.0,220,0.0,0.0
13:30,f1_dev_12,1F 插座 1(L1),0,0.0,110,0.0,0.0
13:30,f1_dev_13,1F 插座 2(L1),0,0.0,110,0.0,0.0
13:30,f1_dev_14,1F 插座 3(L1),0,0.0,110,0.0,0.0
13:30,f1_dev_15,1F 插座 4(L1),0,0.0,110,0.0,0.0
13:30,f1_dev_16,1F 插座 5(L1),0,0.0,110,0.0,0.0
13:30,f1_dev_17,1F 插座 6(L1),0,0.0,110,0.0,0.0
13:45,f1_dev_1,1F 冰箱(EP),1,50.0,110,110.0,0.45
13:45,f1_dev_2,1F 抽水馬達(EP),1,50.0,220,220.0,0.23
13:45,f1_dev_3,1F 照明 1(EP),1,50.0,110,110.0,0.45
13:45,f1_dev_4,1F 照明 2(EP),1,50.0,110,110.0,0.45
13:45,f1_dev_5,1F WiFi(EP),1,50.0,110,110.0,0.45
13:45,f1_dev_6,1F 電熱水器(EP),1,50.0,220,220.0,0.23
13:45,f1_dev_7,1F 廚房專插(EP),1,50.0,110,110.0,0.45
13:45,f1_dev_8,1F 冷氣(L1),0,0.0,220,0.0,0.0
13:45,f1_dev_9,1F 照明 1(L1),0,0.0,110,0.0,0.0
13:45,f1_dev_10,1F 照明 2(L1),0,0.0,110,0.0,0.0
13:45,f1_dev_11,1F 電磁爐(L1),0,0.0,220,0.0,0.0
13:45,f1_dev_12,1F 插座 1(L1),0,0.0,110,0.0,0.0
13:45,f1_dev_13,1F 插座 2(L1),0,0.0,110,0.0,0.0
13:45,f1_dev_14,1F 插座 3(L1),0,0.0,110,0.0,0.0
13:45,f1_dev_15,1F 插座 4(L1),0,0.0,110,0.0,0.0
13:45,f1_dev_16,1F 插座 5(L1),0,0.0,110,0.0,0.0
13:45,f1_dev_17,1F 插座 6(L1),0,0.0,110,0.0,0.0
14:00,f1_dev_1,1F 冰箱(EP),1,50.0,110,110.0,0.45
14:00,f1_dev_2,1F 抽水馬達(EP),1,50.0,220,220.0,0.23
14:00,f1_dev_3,1F 照明 1(EP),1,50.0,110,110.0,0.45
14:00,f1_dev_4,1F 照明 2(EP),1,50.0,110,110.0,0.45
14:00,f1_dev_5,1F WiFi(EP),1,50.0,110,110.0,0.45
14:00,f1_dev_6,1F 電熱水器(EP),1,50.0,220,220.0,0.23
14:00,f1_dev_7,1F 廚房專插(EP),1,50.0,110,110.0,0.45
14:00,f1_dev_8,1F 冷氣(L1),0,0.0,220,0.0,0.0
14:00,f1_dev_9,1F 照明 1(L1),0,0.0,110,0.0,0.0
14:00,f1_dev_10,1F 照明 2(L1),0,0.0,110,0.0,0.0
14:00,f1_dev_11,1F 電磁爐(L1),0,0.0,220,0.0,0.0
14:00,f1_dev_12,1F 插座 1(L1),0,0.0,110,0.0,0.0
14:00,f1_dev_13,1F 插座 2(L1),0,0.0,110,0.0,0.0
14:00,f1_dev_14,1F 插座 3(L1),0,0.0,110,0.0,0.0
14:00,f1_dev_15,1F 插座 4(L1),0,0.0,110,0.0,0.0
14:00,f1_dev_16,1F 插座 5(L1),0,0.0,110,0.0,0.0
14:00,f1_dev_17,1F 插座 6(L1),0,0.0,110,0.0,0.0
14:15,f1_dev_1,1F 冰箱(EP),1,50.0,110,110.0,0.45
14:15,f1_dev_2,1F 抽水馬達(EP),1,50.0,220,220.0,0.23
14:15,f1_dev_3,1F 照明 1(EP),1,50.0,110,110.0,0.45
14:15,f1_dev_4,1F 照明 2(EP),1,50.0,110,110.0,0.45
14:15,f1_dev_5,1F WiFi(EP),1,50.0,110,110.0,0.45
14:15,f1_dev_6,1F 電熱水器(EP),1,50.0,220,220.0,0.23
14:15,f1_dev_7,1F 廚房專插(EP),1,50.0,110,110.0,0.45
14:15,f1_dev_8,1F 冷氣(L1),0,0.0,220,0.0,0.0
14:15,f1_dev_9,1F 照明 1(L1),0,0.0,110,0.0,0.0
14:15,f1_dev_10,1F 照明 2(L1),0,0.0,110,0.0,0.0
14:15,f1_dev_11,1F 電磁爐(L1),0,0.0,220,0.0,0.0
14:15,f1_dev_12,1F 插座 1(L1),0,0.0,110,0.0,0.0
14:15,f1_dev_13,1F 插座 2(L1),0,0.0,110,0.0,0.0
14:15,f1_dev_14,1F 插座 3(L1),0,0.0,110,0.0,0.0
14:15,f1_dev_15,1F 插座 4(L1),0,0.0,110,0.0,0.0
14:15,f1_dev_16,1F 插座 5(L1),0,0.0,110,0.0,0.0
14:15,f1_dev_17,1F 插座 6(L1),0,0.0,110,0.0,0.0
14:30,f1_dev_1,1F 冰箱(EP),1,50.0,110,110.0,0.45
14:30,f1_dev_2,1F 抽水馬達(EP),1,50.0,220,220.0,0.23
14:30,f1_dev_3,1F 照明 1(EP),1,50.0,110,110.0,0.45
14:30,f1_dev_4,1F 照明 2(EP),1,50.0,110,110.0,0.45
14:30,f1_dev_5,1F WiFi(EP),1,50.0,110,110.0,0.45
14:30,f1_dev_6,1F 電熱水器(EP),1,50.0,220,220.0,0.23
14:30,f1_dev_7,1F 廚房專插(EP),1,50.0,110,110.0,0.45
14:30,f1_dev_8,1F 冷氣(L1),0,0.0,220,0.0,0.0
14:30,f1_dev_9,1F 照明 1(L1),0,0.0,110,0.0,0.0
14:30,f1_dev_10,1F 照明 2(L1),0,0.0,110,0.0,0.0
14:30,f1_dev_11,1F 電磁爐(L1),0,0.0,220,0.0,0.0
14:30,f1_dev_12,1F 插座 1(L1),0,0.0,110,0.0,0.0
14:30,f1_dev_13,1F 插座 2(L1),0,0.0,110,0.0,0.0
14:30,f1_dev_14,1F 插座 3(L1),0,0.0,110,0.0,0.0
14:30,f1_dev_15,1F 插座 4(L1),0,0.0,110,0.0,0.0
14:30,f1_dev_16,1F 插座 5(L1),0,0.0,110,0.0,0.0
14:30,f1_dev_17,1F 插座 6(L1),0,0.0,110,0.0,0.0
14:45,f1_dev_1,1F 冰箱(EP),1,50.0,110,110.0,0.45
14:45,f1_dev_2,1F 抽水馬達(EP),1,50.0,220,220.0,0.23
14:45,f1_dev_3,1F 照明 1(EP),1,50.0,110,110.0,0.45
14:45,f1_dev_4,1F 照明 2(EP),1,50.0,110,110.0,0.45
14:45,f1_dev_5,1F WiFi(EP),1,50.0,110,110.0,0.45
14:45,f1_dev_6,1F 電熱水器(EP),1,50.0,220,220.0,0.23
14:45,f1_dev_7,1F 廚房專插(EP),1,50.0,110,110.0,0.45
14:45,f1_dev_8,1F 冷氣(L1),0,0.0,220,0.0,0.0
14:45,f1_dev_9,1F 照明 1(L1),0,0.0,110,0.0,0.0
14:45,f1_dev_10,1F 照明 2(L1),0,0.0,110,0.0,0.0
14:45,f1_dev_11,1F 電磁爐(L1),0,0.0,220,0.0,0.0
14:45,f1_dev_12,1F 插座 1(L1),0,0.0,110,0.0,0.0
14:45,f1_dev_13,1F 插座 2(L1),0,0.0,110,0.0,0.0
14:45,f1_dev_14,1F 插座 3(L1),0,0.0,110,0.0,0.0
14:45,f1_dev_15,1F 插座 4(L1),0,0.0,110,0.0,0.0
14:45,f1_dev_16,1F 插座 5(L1),0,0.0,110,0.0,0.0
14:45,f1_dev_17,1F 插座 6(L1),0,0.0,110,0.0,0.0
15:00,f1_dev_1,1F 冰箱(EP),1,50.0,110,109.7,0.46
15:00,f1_dev_2,1F 抽水馬達(EP),1,50.0,220,219.4,0.23
15:00,f1_dev_3,1F 照明 1(EP),1,50.0,110,109.7,0.46
15:00,f1_dev_4,1F 照明 2(EP),1,50.0,110,109.7,0.46
15:00,f1_dev_5,1F WiFi(EP),1,50.0,110,109.7,0.46
15:00,f1_dev_6,1F 電熱水器(EP),1,50.0,220,219.4,0.23
15:00,f1_dev_7,1F 廚房專插(EP),1,50.0,110,109.7,0.46
15:00,f1_dev_8,1F 冷氣(L1),1,50.0,220,219.2,0.23
15:00,f1_dev_9,1F 照明 1(L1),1,60.0,110,109.6,0.55
15:00,f1_dev_10,1F 照明 2(L1),1,60.0,110,109.6,0.55
15:00,f1_dev_11,1F 電磁爐(L1),1,60.0,220,219.2,0.27
15:00,f1_dev_12,1F 插座 1(L1),1,60.0,110,109.6,0.55
15:00,f1_dev_13,1F 插座 2(L1),1,60.0,110,109.6,0.55
15:00,f1_dev_14,1F 插座 3(L1),1,60.0,110,109.6,0.55
15:00,f1_dev_15,1F 插座 4(L1),1,60.0,110,109.6,0.55
15:00,f1_dev_16,1F 插座 5(L1),1,60.0,110,109.5,0.55
15:00,f1_dev_17,1F 插座 6(L1),1,60.0,110,109.5,0.55
15:15,f1_dev_1,1F 冰箱(EP),1,50.0,110,109.8,0.46
15:15,f1_dev_2,1F 抽水馬達(EP),1,50.0,220,219.5,0.23
15:15,f1_dev_3,1F 照明 1(EP),1,50.0,110,109.7,0.46
15:15,f1_dev_4,1F 照明 2(EP),1,50.0,110,109.7,0.46
15:15,f1_dev_5,1F WiFi(EP),1,50.0,110,109.8,0.46
15:15,f1_dev_6,1F 電熱水器(EP),1,50.0,220,219.5,0.23
15:15,f1_dev_7,1F 廚房專插(EP),1,50.0,110,109.8,0.46
15:15,f1_dev_8,1F 冷氣(L1),1,50.0,220,219.3,0.23
15:15,f1_dev_9,1F 照明 1(L1),1,60.0,110,109.6,0.55
15:15,f1_dev_10,1F 照明 2(L1),1,60.0,110,109.6,0.55
15:15,f1_dev_11,1F 電磁爐(L1),1,60.0,220,219.3,0.27
15:15,f1_dev_12,1F 插座 1(L1),1,60.0,110,109.7,0.55
15:15,f1_dev_13,1F 插座 2(L1),1,60.0,110,109.7,0.55
15:15,f1_dev_14,1F 插座 3(L1),1,60.0,110,109.6,0.55
15:15,f1_dev_15,1F 插座 4(L1),1,60.0,110,109.6,0.55
15:15,f1_dev_16,1F 插座 5(L1),1,60.0,110,109.5,0.55
15:15,f1_dev_17,1F 插座 6(L1),1,60.0,110,109.5,0.55
15:30,f1_dev_1,1F 冰箱(EP),1,50.0,110,109.7,0.46
15:30,f1_dev_2,1F 抽水馬達(EP),1,50.0,220,219.5,0.23
15:30,f1_dev_3,1F 照明 1(EP),1,50.0,110,109.7,0.46
15:30,f1_dev_4,1F 照明 2(EP),1,50.0,110,109.7,0.46
15:30,f1_dev_5,1F WiFi(EP),1,50.0,110,109.7,0.46
15:30,f1_dev_6,1F 電熱水器(EP),1,50.0,220,219.5,0.23
15:30,f1_dev_7,1F 廚房專插(EP),1,50.0,110,109.7,0.46
15:30,f1_dev_8,1F 冷氣(L1),1,50.0,220,219.3,0.23
15:30,f1_dev_9,1F 照明 1(L1),1,60.0,110,109.6,0.55
15:30,f1_dev_10,1F 照明 2(L1),1,60.0,110,109.6,0.55
15:30,f1_dev_11,1F 電磁爐(L1),1,60.0,220,219.3,0.27
15:30,f1_dev_12,1F 插座 1(L1),1,60.0,110,109.6,0.55
15:30,f1_dev_13,1F 插座 2(L1),1,60.0,110,109.6,0.55
15:30,f1_dev_14,1F 插座 3(L1),1,60.0,110,109.6,0.55
15:30,f1_dev_15,1F 插座 4(L1),1,60.0,110,109.6,0.55
15:30,f1_dev_16,1F 插座 5(L1),1,60.0,110,109.5,0.55
15:30,f1_dev_17,1F 插座 6(L1),1,60.0,110,109.5,0.55
15:45,f1_dev_1,1F 冰箱(EP),1,50.0,110,109.7,0.46
15:45,f1_dev_2,1F 抽水馬達(EP),1,50.0,220,219.4,0.23
15:45,f1_dev_3,1F 照明 1(EP),1,50.0,110,109.7,0.46
15:45,f1_dev_4,1F 照明 2(EP),1,50.0,110,109.7,0.46
15:45,f1_dev_5,1F WiFi(EP),1,50.0,110,109.7,0.46
15:45,f1_dev_6,1F 電熱水器(EP),1,50.0,220,219.4,0.23
15:45,f1_dev_7,1F 廚房專插(EP),1,50.0,110,109.7,0.46
15:45,f1_dev_8,1F 冷氣(L1),1,50.0,220,219.3,0.23
15:45,f1_dev_9,1F 照明 1(L1),1,60.0,110,109.6,0.55
15:45,f1_dev_10,1F 照明 2(L1),1,60.0,110,109.6,0.55
15:45,f1_dev_11,1F 電磁爐(L1),1,60.0,220,219.3,0.27
15:45,f1_dev_12,1F 插座 1(L1),1,60.0,110,109.6,0.55
15:45,f1_dev_13,1F 插座 2(L1),1,60.0,110,109.6,0.55
15:45,f1_dev_14,1F 插座 3(L1),1,60.0,110,109.6,0.55
15:45,f1_dev_15,1F 插座 4(L1),1,60.0,110,109.6,0.55
15:45,f1_dev_16,1F 插座 5(L1),1,60.0,110,109.5,0.55
15:45,f1_dev_17,1F 插座 6(L1),1,60.0,110,109.5,0.55
16:00,f1_dev_1,1F 冰箱(EP),1,50.0,110,109.7,0.46
16:00,f1_dev_2,1F 抽水馬達(EP),1,50.0,220,219.4,0.23
16:00,f1_dev_3,1F 照明 1(EP),1,50.0,110,109.7,0.46
16:00,f1_dev_4,1F 照明 2(EP),1,50.0,110,109.7,0.46
16:00,f1_dev_5,1F WiFi(EP),1,50.0,110,109.7,0.46
16:00,f1_dev_6,1F 電熱水器(EP),1,50.0,220,219.4,0.23
16:00,f1_dev_7,1F 廚房專插(EP),1,50.0,110,109.7,0.46
16:00,f1_dev_8,1F 冷氣(L1),1,50.0,220,219.2,0.23
16:00,f1_dev_9,1F 照明 1(L1),1,60.0,110,109.6,0.55
16:00,f1_dev_10,1F 照明 2(L1),1,60.0,110,109.6,0.55
16:00,f1_dev_11,1F 電磁爐(L1),1,60.0,220,219.2,0.27
16:00,f1_dev_12,1F 插座 1(L1),1,60.0,110,109.6,0.55
16:00,f1_dev_13,1F 插座 2(L1),1,60.0,110,109.6,0.55
16:00,f1_dev_14,1F 插座 3(L1),1,60.0,110,109.6,0.55
16:00,f1_dev_15,1F 插座 4(L1),1,60.0,110,109.6,0.55
16:00,f1_dev_16,1F 插座 5(L1),1,60.0,110,109.5,0.55
16:00,f1_dev_17,1F 插座 6(L1),1,60.0,110,109.5,0.55
16:15,f1_dev_1,1F 冰箱(EP),1,50.0,110,109.7,0.46
16:15,f1_dev_2,1F 抽水馬達(EP),1,50.0,220,219.3,0.23
16:15,f1_dev_3,1F 照明 1(EP),1,50.0,110,109.6,0.46
16:15,f1_dev_4,1F 照明 2(EP),1,50.0,110,109.6,0.46
16:15,f1_dev_5,1F WiFi(EP),1,50.0,110,109.7,0.46
16:15,f1_dev_6,1F 電熱水器(EP),1,50.0,220,219.3,0.23
16:15,f1_dev_7,1F 廚房專插(EP),1,50.0,110,109.7,0.46
16:15,f1_dev_8,1F 冷氣(L1),1,50.0,220,219.2,0.23
16:15,f1_dev_9,1F 照明 1(L1),1,60.0,110,109.6,0.55
16:15,f1_dev_10,1F 照明 2(L1),1,60.0,110,109.6,0.55
16:15,f1_dev_11,1F 電磁爐(L1),1,60.0,220,219.2,0.27
16:15,f1_dev_12,1F 插座 1(L1),1,60.0,110,109.6,0.55
16:15,f1_dev_13,1F 插座 2(L1),1,60.0,110,109.6,0.55
16:15,f1_dev_14,1F 插座 3(L1),1,60.0,110,109.6,0.55
16:15,f1_dev_15,1F 插座 4(L1),1,60.0,110,109.6,0.55
16:15,f1_dev_16,1F 插座 5(L1),1,60.0,110,109.5,0.55
16:15,f1_dev_17,1F 插座 6(L1),1,60.0,110,109.5,0.55
16:30,f1_dev_1,1F 冰箱(EP),1,50.0,110,109.6,0.46
16:30,f1_dev_2,1F 抽水馬達(EP),1,50.0,220,219.3,0.23
16:30,f1_dev_3,1F 照明 1(EP),1,50.0,110,109.6,0.46
16:30,f1_dev_4,1F 照明 2(EP),1,50.0,110,109.6,0.46
16:30,f1_dev_5,1F WiFi(EP),1,50.0,110,109.6,0.46
16:30,f1_dev_6,1F 電熱水器(EP),1,50.0,220,219.3,0.23
16:30,f1_dev_7,1F 廚房專插(EP),1,50.0,110,109.6,0.46
16:30,f1_dev_8,1F 冷氣(L1),1,50.0,220,219.2,0.23
16:30,f1_dev_9,1F 照明 1(L1),1,60.0,110,109.5,0.55
16:30,f1_dev_10,1F 照明 2(L1),1,60.0,110,109.5,0.55
16:30,f1_dev_11,1F 電磁爐(L1),1,60.0,220,219.2,0.27
16:30,f1_dev_12,1F 插座 1(L1),1,60.0,110,109.6,0.55
16:30,f1_dev_13,1F 插座 2(L1),1,60.0,110,109.6,0.55
16:30,f1_dev_14,1F 插座 3(L1),1,60.0,110,109.6,0.55
16:30,f1_dev_15,1F 插座 4(L1),1,60.0,110,109.6,0.55
16:30,f1_dev_16,1F 插座 5(L1),1,60.0,110,109.4,0.55
16:30,f1_dev_17,1F 插座 6(L1),1,60.0,110,109.4,0.55
16:45,f1_dev_1,1F 冰箱(EP),1,50.0,110,109.6,0.46
16:45,f1_dev_2,1F 抽水馬達(EP),1,50.0,220,219.2,0.23
16:45,f1_dev_3,1F 照明 1(EP),1,50.0,110,109.6,0.46
16:45,f1_dev_4,1F 照明 2(EP),1,50.0,110,109.6,0.46
16:45,f1_dev_5,1F WiFi(EP),1,50.0,110,109.6,0.46
16:45,f1_dev_6,1F 電熱水器(EP),1,50.0,220,219.2,0.23
16:45,f1_dev_7,1F 廚房專插(EP),1,50.0,110,109.6,0.46
16:45,f1_dev_8,1F 冷氣(L1),1,50.0,220,219.1,0.23
16:45,f1_dev_9,1F 照明 1(L1),1,60.0,110,109.5,0.55
16:45,f1_dev_10,1F 照明 2(L1),1,60.0,110,109.5,0.55
16:45,f1_dev_11,1F 電磁爐(L1),1,60.0,220,219.1,0.27
16:45,f1_dev_12,1F 插座 1(L1),1,60.0,110,109.6,0.55
16:45,f1_dev_13,1F 插座 2(L1),1,60.0,110,109.6,0.55
16:45,f1_dev_14,1F 插座 3(L1),1,60.0,110,109.6,0.55
16:45,f1_dev_15,1F 插座 4(L1),1,60.0,110,109.6,0.55
16:45,f1_dev_16,1F 插座 5(L1),1,60.0,110,109.4,0.55
16:45,f1_dev_17,1F 插座 6(L1),1,60.0,110,109.4,0.55
17:00,f1_dev_1,1F 冰箱(EP),1,50.0,110,109.6,0.46
17:00,f1_dev_2,1F 抽水馬達(EP),1,50.0,220,219.1,0.23
17:00,f1_dev_3,1F 照明 1(EP),1,50.0,110,109.6,0.46
17:00,f1_dev_4,1F 照明 2(EP),1,50.0,110,109.6,0.46
17:00,f1_dev_5,1F WiFi(EP),1,50.0,110,109.6,0.46
17:00,f1_dev_6,1F 電熱水器(EP),1,50.0,220,219.2,0.23
17:00,f1_dev_7,1F 廚房專插(EP),1,50.0,110,109.6,0.46
17:00,f1_dev_8,1F 冷氣(L1),1,50.0,220,219.1,0.23
17:00,f1_dev_9,1F 照明 1(L1),1,60.0,110,109.5,0.55
17:00,f1_dev_10,1F 照明 2(L1),1,60.0,110,109.5,0.55
17:00,f1_dev_11,1F 電磁爐(L1),1,60.0,220,219.1,0.27
17:00,f1_dev_12,1F 插座 1(L1),1,60.0,110,109.5,0.55
17:00,f1_dev_13,1F 插座 2(L1),1,60.0,110,109.5,0.55
17:00,f1_dev_14,1F 插座 3(L1),1,60.0,110,109.5,0.55
17:00,f1_dev_15,1F 插座 4(L1),1,60.0,110,109.5,0.55
17:00,f1_dev_16,1F 插座 5(L1),1,60.0,110,109.4,0.55
17:00,f1_dev_17,1F 插座 6(L1),1,60.0,110,109.4,0.55
17:15,f1_dev_1,1F 冰箱(EP),1,50.0,110,109.5,0.46
17:15,f1_dev_2,1F 抽水馬達(EP),1,50.0,220,219.1,0.23
17:15,f1_dev_3,1F 照明 1(EP),1,50.0,110,109.5,0.46
17:15,f1_dev_4,1F 照明 2(EP),1,50.0,110,109.5,0.46
17:15,f1_dev_5,1F WiFi(EP),1,50.0,110,109.6,0.46
17:15,f1_dev_6,1F 電熱水器(EP),1,50.0,220,219.1,0.23
17:15,f1_dev_7,1F 廚房專插(EP),1,50.0,110,109.6,0.46
17:15,f1_dev_8,1F 冷氣(L1),1,50.0,220,219.1,0.23
17:15,f1_dev_9,1F 照明 1(L1),1,60.0,110,109.5,0.55
17:15,f1_dev_10,1F 照明 2(L1),1,60.0,110,109.5,0.55
17:15,f1_dev_11,1F 電磁爐(L1),1,60.0,220,219.1,0.27
17:15,f1_dev_12,1F 插座 1(L1),1,60.0,110,109.5,0.55
17:15,f1_dev_13,1F 插座 2(L1),1,60.0,110,109.5,0.55
17:15,f1_dev_14,1F 插座 3(L1),1,60.0,110,109.5,0.55
17:15,f1_dev_15,1F 插座 4(L1),1,60.0,110,109.5,0.55
17:15,f1_dev_16,1F 插座 5(L1),1,60.0,110,109.4,0.55
17:15,f1_dev_17,1F 插座 6(L1),1,60.0,110,109.4,0.55
17:30,f1_dev_1,1F 冰箱(EP),1,50.0,110,109.5,0.46
17:30,f1_dev_2,1F 抽水馬達(EP),1,50.0,220,219.0,0.23
17:30,f1_dev_3,1F 照明 1(EP),1,50.0,110,109.5,0.46
17:30,f1_dev_4,1F 照明 2(EP),1,50.0,110,109.5,0.46
17:30,f1_dev_5,1F WiFi(EP),1,50.0,110,109.5,0.46
17:30,f1_dev_6,1F 電熱水器(EP),1,50.0,220,219.1,0.23
17:30,f1_dev_7,1F 廚房專插(EP),1,50.0,110,109.5,0.46
17:30,f1_dev_8,1F 冷氣(L1),1,50.0,220,219.0,0.23
17:30,f1_dev_9,1F 照明 1(L1),1,60.0,110,109.5,0.55
17:30,f1_dev_10,1F 照明 2(L1),1,60.0,110,109.5,0.55
17:30,f1_dev_11,1F 電磁爐(L1),1,60.0,220,219.0,0.27
17:30,f1_dev_12,1F 插座 1(L1),1,60.0,110,109.5,0.55
17:30,f1_dev_13,1F 插座 2(L1),1,60.0,110,109.5,0.55
17:30,f1_dev_14,1F 插座 3(L1),1,60.0,110,109.5,0.55
17:30,f1_dev_15,1F 插座 4(L1),1,60.0,110,109.5,0.55
17:30,f1_dev_16,1F 插座 5(L1),1,60.0,110,109.4,0.55
17:30,f1_dev_17,1F 插座 6(L1),1,60.0,110,109.4,0.55
17:45,f1_dev_1,1F 冰箱(EP),1,50.0,110,109.5,0.46
17:45,f1_dev_2,1F 抽水馬達(EP),1,50.0,220,219.0,0.23
17:45,f1_dev_3,1F 照明 1(EP),1,50.0,110,109.5,0.46
17:45,f1_dev_4,1F 照明 2(EP),1,50.0,110,109.5,0.46
17:45,f1_dev_5,1F WiFi(EP),1,50.0,110,109.5,0.46
17:45,f1_dev_6,1F 電熱水器(EP),1,50.0,220,219.0,0.23
17:45,f1_dev_7,1F 廚房專插(EP),1,50.0,110,109.5,0.46
17:45,f1_dev_8,1F 冷氣(L1),1,50.0,220,219.0,0.23
17:45,f1_dev_9,1F 照明 1(L1),1,60.0,110,109.5,0.55
17:45,f1_dev_10,1F 照明 2(L1),1,60.0,110,109.5,0.55
17:45,f1_dev_11,1F 電磁爐(L1),1,60.0,220,219.0,0.27
17:45,f1_dev_12,1F 插座 1(L1),1,60.0,110,109.5,0.55
17:45,f1_dev_13,1F 插座 2(L1),1,60.0,110,109.5,0.55
17:45,f1_dev_14,1F 插座 3(L1),1,60.0,110,109.5,0.55
17:45,f1_dev_15,1F 插座 4(L1),1,60.0,110,109.5,0.55
17:45,f1_dev_16,1F 插座 5(L1),1,60.0,110,109.4,0.55
17:45,f1_dev_17,1F 插座 6(L1),1,60.0,110,109.4,0.55
18:00,f1_dev_1,1F 冰箱(EP),1,50.0,110,109.5,0.46
18:00,f1_dev_2,1F 抽水馬達(EP),1,50.0,220,218.9,0.23
18:00,f1_dev_3,1F 照明 1(EP),1,50.0,110,109.5,0.46
18:00,f1_dev_4,1F 照明 2(EP),1,50.0,110,109.5,0.46
18:00,f1_dev_5,1F WiFi(EP),1,50.0,110,109.5,0.46
18:00,f1_dev_6,1F 電熱水器(EP),1,50.0,220,219.0,0.23
18:00,f1_dev_7,1F 廚房專插(EP),1,50.0,110,109.5,0.46
18:00,f1_dev_8,1F 冷氣(L1),1,50.0,220,219.0,0.23
18:00,f1_dev_9,1F 照明 1(L1),1,60.0,110,109.4,0.55
18:00,f1_dev_10,1F 照明 2(L1),1,60.0,110,109.4,0.55
18:00,f1_dev_11,1F 電磁爐(L1),1,60.0,220,219.0,0.27
18:00,f1_dev_12,1F 插座 1(L1),1,60.0,110,109.5,0.55
18:00,f1_dev_13,1F 插座 2(L1),1,60.0,110,109.5,0.55
18:00,f1_dev_14,1F 插座 3(L1),1,60.0,110,109.5,0.55
18:00,f1_dev_15,1F 插座 4(L1),1,60.0,110,109.5,0.55
18:00,f1_dev_16,1F 插座 5(L1),1,60.0,110,109.3,0.55
18:00,f1_dev_17,1F 插座 6(L1),1,60.0,110,109.4,0.55
18:15,f1_dev_1,1F 冰箱(EP),1,50.0,110,109.5,0.46
18:15,f1_dev_2,1F 抽水馬達(EP),1,50.0,220,218.9,0.23
18:15,f1_dev_3,1F 照明 1(EP),1,50.0,110,109.5,0.46
18:15,f1_dev_4,1F 照明 2(EP),1,50.0,110,109.5,0.46
18:15,f1_dev_5,1F WiFi(EP),1,50.0,110,109.5,0.46
18:15,f1_dev_6,1F 電熱水器(EP),1,50.0,220,219.0,0.23
18:15,f1_dev_7,1F 廚房專插(EP),1,50.0,110,109.5,0.46
18:15,f1_dev_8,1F 冷氣(L1),1,50.0,220,219.0,0.23
18:15,f1_dev_9,1F 照明 1(L1),1,60.0,110,109.4,0.55
18:15,f1_dev_10,1F 照明 2(L1),1,60.0,110,109.4,0.55
18:15,f1_dev_11,1F 電磁爐(L1),1,60.0,220,219.0,0.27
18:15,f1_dev_12,1F 插座 1(L1),1,60.0,110,109.5,0.55
18:15,f1_dev_13,1F 插座 2(L1),1,60.0,110,109.5,0.55
18:15,f1_dev_14,1F 插座 3(L1),1,60.0,110,109.5,0.55
18:15,f1_dev_15,1F 插座 4(L1),1,60.0,110,109.5,0.55
18:15,f1_dev_16,1F 插座 5(L1),1,60.0,110,109.3,0.55
18:15,f1_dev_17,1F 插座 6(L1),1,60.0,110,109.4,0.55
18:30,f1_dev_1,1F 冰箱(EP),1,50.0,110,109.5,0.46
18:30,f1_dev_2,1F 抽水馬達(EP),1,50.0,220,218.9,0.23
18:30,f1_dev_3,1F 照明 1(EP),1,50.0,110,109.5,0.46
18:30,f1_dev_4,1F 照明 2(EP),1,50.0,110,109.5,0.46
18:30,f1_dev_5,1F WiFi(EP),1,50.0,110,109.5,0.46
18:30,f1_dev_6,1F 電熱水器(EP),1,50.0,220,219.0,0.23
18:30,f1_dev_7,1F 廚房專插(EP),1,50.0,110,109.5,0.46
18:30,f1_dev_8,1F 冷氣(L1),1,50.0,220,219.0,0.23
18:30,f1_dev_9,1F 照明 1(L1),1,60.0,110,109.4,0.55
18:30,f1_dev_10,1F 照明 2(L1),1,60.0,110,109.4,0.55
18:30,f1_dev_11,1F 電磁爐(L1),1,60.0,220,219.0,0.27
18:30,f1_dev_12,1F 插座 1(L1),1,60.0,110,109.5,0.55
18:30,f1_dev_13,1F 插座 2(L1),1,60.0,110,109.5,0.55
18:30,f1_dev_14,1F 插座 3(L1),1,60.0,110,109.5,0.55
18:30,f1_dev_15,1F 插座 4(L1),1,60.0,110,109.5,0.55
18:30,f1_dev_16,1F 插座 5(L1),1,60.0,110,109.3,0.55
18:30,f1_dev_17,1F 插座 6(L1),1,60.0,110,109.4,0.55
18:45,f1_dev_1,1F 冰箱(EP),1,50.0,110,109.5,0.46
18:45,f1_dev_2,1F 抽水馬達(EP),1,50.0,220,218.9,0.23
18:45,f1_dev_3,1F 照明 1(EP),1,50.0,110,109.5,0.46
18:45,f1_dev_4,1F 照明 2(EP),1,50.0,110,109.5,0.46
18:45,f1_dev_5,1F WiFi(EP),1,50.0,110,109.5,0.46
18:45,f1_dev_6,1F 電熱水器(EP),1,50.0,220,219.0,0.23
18:45,f1_dev_7,1F 廚房專插(EP),1,50.0,110,109.5,0.46
18:45,f1_dev_8,1F 冷氣(L1),1,50.0,220,219.0,0.23
18:45,f1_dev_9,1F 照明 1(L1),1,60.0,110,109.4,0.55
18:45,f1_dev_10,1F 照明 2(L1),1,60.0,110,109.4,0.55
18:45,f1_dev_11,1F 電磁爐(L1),1,60.0,220,219.0,0.27
18:45,f1_dev_12,1F 插座 1(L1),1,60.0,110,109.5,0.55
18:45,f1_dev_13,1F 插座 2(L1),1,60.0,110,109.5,0.55
18:45,f1_dev_14,1F 插座 3(L1),1,60.0,110,109.5,0.55
18:45,f1_dev_15,1F 插座 4(L1),1,60.0,110,109.5,0.55
18:45,f1_dev_16,1F 插座 5(L1),1,60.0,110,109.3,0.55
18:45,f1_dev_17,1F 插座 6(L1),1,60.0,110,109.4,0.55
19:00,f1_dev_1,1F 冰箱(EP),1,50.0,110,109.5,0.46
19:00,f1_dev_2,1F 抽水馬達(EP),1,50.0,220,218.9,0.23
19:00,f1_dev_3,1F 照明 1(EP),1,50.0,110,109.5,0.46
19:00,f1_dev_4,1F 照明 2(EP),1,50.0,110,109.5,0.46
19:00,f1_dev_5,1F WiFi(EP),1,50.0,110,109.5,0.46
19:00,f1_dev_6,1F 電熱水器(EP),1,50.0,220,219.0,0.23
19:00,f1_dev_7,1F 廚房專插(EP),1,50.0,110,109.5,0.46
19:00,f1_dev_8,1F 冷氣(L1),1,50.0,220,219.0,0.23
19:00,f1_dev_9,1F 照明 1(L1),1,60.0,110,109.4,0.55
19:00,f1_dev_10,1F 照明 2(L1),1,60.0,110,109.4,0.55
19:00,f1_dev_11,1F 電磁爐(L1),1,60.0,220,219.0,0.27
19:00,f1_dev_12,1F 插座 1(L1),1,60.0,110,109.5,0.55
19:00,f1_dev_13,1F 插座 2(L1),1,60.0,110,109.5,0.55
19:00,f1_dev_14,1F 插座 3(L1),1,60.0,110,109.5,0.55
19:00,f1_dev_15,1F 插座 4(L1),1,60.0,110,109.5,0.55
19:00,f1_dev_16,1F 插座 5(L1),1,60.0,110,109.3,0.55
19:00,f1_dev_17,1F 插座 6(L1),1,60.0,110,109.4,0.55
19:15,f1_dev_1,1F 冰箱(EP),1,50.0,110,109.5,0.46
19:15,f1_dev_2,1F 抽水馬達(EP),1,50.0,220,218.9,0.23
19:15,f1_dev_3,1F 照明 1(EP),1,50.0,110,109.5,0.46
19:15,f1_dev_4,1F 照明 2(EP),1,50.0,110,109.5,0.46
19:15,f1_dev_5,1F WiFi(EP),1,50.0,110,109.5,0.46
19:15,f1_dev_6,1F 電熱水器(EP),1,50.0,220,219.0,0.23
19:15,f1_dev_7,1F 廚房專插(EP),1,50.0,110,109.5,0.46
19:15,f1_dev_8,1F 冷氣(L1),1,50.0,220,219.0,0.23
19:15,f1_dev_9,1F 照明 1(L1),1,60.0,110,109.4,0.55
19:15,f1_dev_10,1F 照明 2(L1),1,60.0,110,109.4,0.55
19:15,f1_dev_11,1F 電磁爐(L1),1,60.0,220,219.0,0.27
19:15,f1_dev_12,1F 插座 1(L1),1,60.0,110,109.5,0.55
19:15,f1_dev_13,1F 插座 2(L1),1,60.0,110,109.5,0.55
19:15,f1_dev_14,1F 插座 3(L1),1,60.0,110,109.5,0.55
19:15,f1_dev_15,1F 插座 4(L1),1,60.0,110,109.5,0.55
19:15,f1_dev_16,1F 插座 5(L1),1,60.0,110,109.3,0.55
19:15,f1_dev_17,1F 插座 6(L1),1,60.0,110,109.4,0.55
19:30,f1_dev_1,1F 冰箱(EP),1,50.0,110,109.5,0.46
19:30,f1_dev_2,1F 抽水馬達(EP),1,50.0,220,218.9,0.23
19:30,f1_dev_3,1F 照明 1(EP),1,50.0,110,109.5,0.46
19:30,f1_dev_4,1F 照明 2(EP),1,50.0,110,109.5,0.46
19:30,f1_dev_5,1F WiFi(EP),1,50.0,110,109.5,0.46
19:30,f1_dev_6,1F 電熱水器(EP),1,50.0,220,219.0,0.23
19:30,f1_dev_7,1F 廚房專插(EP),1,50.0,110,109.5,0.46
19:30,f1_dev_8,1F 冷氣(L1),1,50.0,220,219.0,0.23
19:30,f1_dev_9,1F 照明 1(L1),1,60.0,110,109.4,0.55
19:30,f1_dev_10,1F 照明 2(L1),1,60.0,110,109.4,0.55
19:30,f1_dev_11,1F 電磁爐(L1),1,60.0,220,219.0,0.27
19:30,f1_dev_12,1F 插座 1(L1),1,60.0,110,109.5,0.55
19:30,f1_dev_13,1F 插座 2(L1),1,60.0,110,109.5,0.55
19:30,f1_dev_14,1F 插座 3(L1),1,60.0,110,109.5,0.55
19:30,f1_dev_15,1F 插座 4(L1),1,60.0,110,109.5,0.55
19:30,f1_dev_16,1F 插座 5(L1),1,60.0,110,109.3,0.55
19:30,f1_dev_17,1F 插座 6(L1),1,60.0,110,109.4,0.55
19:45,f1_dev_1,1F 冰箱(EP),1,50.0,110,109.5,0.46
19:45,f1_dev_2,1F 抽水馬達(EP),1,50.0,220,218.9,0.23
19:45,f1_dev_3,1F 照明 1(EP),1,50.0,110,109.5,0.46
19:45,f1_dev_4,1F 照明 2(EP),1,50.0,110,109.5,0.46
19:45,f1_dev_5,1F WiFi(EP),1,50.0,110,109.5,0.46
19:45,f1_dev_6,1F 電熱水器(EP),1,50.0,220,219.0,0.23
19:45,f1_dev_7,1F 廚房專插(EP),1,50.0,110,109.5,0.46
19:45,f1_dev_8,1F 冷氣(L1),1,50.0,220,219.0,0.23
19:45,f1_dev_9,1F 照明 1(L1),1,60.0,110,109.4,0.55
19:45,f1_dev_10,1F 照明 2(L1),1,60.0,110,109.4,0.55
19:45,f1_dev_11,1F 電磁爐(L1),1,60.0,220,219.0,0.27
19:45,f1_dev_12,1F 插座 1(L1),1,60.0,110,109.5,0.55
19:45,f1_dev_13,1F 插座 2(L1),1,60.0,110,109.5,0.55
19:45,f1_dev_14,1F 插座 3(L1),1,60.0,110,109.5,0.55
19:45,f1_dev_15,1F 插座 4(L1),1,60.0,110,109.5,0.55
19:45,f1_dev_16,1F 插座 5(L1),1,60.0,110,109.3,0.55
19:45,f1_dev_17,1F 插座 6(L1),1,60.0,110,109.4,0.55
20:00,f1_dev_1,1F 冰箱(EP),1,50.0,110,109.8,0.46
20:00,f1_dev_2,1F 抽水馬達(EP),1,50.0,220,219.5,0.23
20:00,f1_dev_3,1F 照明 1(EP),1,50.0,110,109.7,0.46
20:00,f1_dev_4,1F 照明 2(EP),1,50.0,110,109.7,0.46
20:00,f1_dev_5,1F WiFi(EP),1,50.0,110,109.8,0.46
20:00,f1_dev_6,1F 電熱水器(EP),1,50.0,220,219.5,0.23
20:00,f1_dev_7,1F 廚房專插(EP),1,50.0,110,109.8,0.46
20:00,f1_dev_8,1F 冷氣(L1),1,50.0,220,219.3,0.23
20:00,f1_dev_9,1F 照明 1(L1),1,60.0,110,109.6,0.55
20:00,f1_dev_10,1F 照明 2(L1),1,60.0,110,109.6,0.55
20:00,f1_dev_11,1F 電磁爐(L1),1,60.0,220,219.3,0.27
20:00,f1_dev_12,1F 插座 1(L1),1,60.0,110,109.7,0.55
20:00,f1_dev_13,1F 插座 2(L1),1,60.0,110,109.7,0.55
20:00,f1_dev_14,1F 插座 3(L1),1,60.0,110,109.6,0.55
20:00,f1_dev_15,1F 插座 4(L1),1,60.0,110,109.7,0.55
20:00,f1_dev_16,1F 插座 5(L1),1,60.0,110,109.5,0.55
20:00,f1_dev_17,1F 插座 6(L1),1,60.0,110,109.5,0.55
20:15,f1_dev_1,1F 冰箱(EP),1,50.0,110,109.8,0.46
20:15,f1_dev_2,1F 抽水馬達(EP),1,50.0,220,219.5,0.23
20:15,f1_dev_3,1F 照明 1(EP),1,50.0,110,109.7,0.46
20:15,f1_dev_4,1F 照明 2(EP),1,50.0,110,109.7,0.46
20:15,f1_dev_5,1F WiFi(EP),1,50.0,110,109.8,0.46
20:15,f1_dev_6,1F 電熱水器(EP),1,50.0,220,219.5,0.23
20:15,f1_dev_7,1F 廚房專插(EP),1,50.0,110,109.8,0.46
20:15,f1_dev_8,1F 冷氣(L1),1,50.0,220,219.3,0.23
20:15,f1_dev_9,1F 照明 1(L1),1,60.0,110,109.6,0.55
20:15,f1_dev_10,1F 照明 2(L1),1,60.0,110,109.6,0.55
20:15,f1_dev_11,1F 電磁爐(L1),1,60.0,220,219.3,0.27
20:15,f1_dev_12,1F 插座 1(L1),1,60.0,110,109.7,0.55
20:15,f1_dev_13,1F 插座 2(L1),1,60.0,110,109.7,0.55
20:15,f1_dev_14,1F 插座 3(L1),1,60.0,110,109.6,0.55
20:15,f1_dev_15,1F 插座 4(L1),1,60.0,110,109.7,0.55
20:15,f1_dev_16,1F 插座 5(L1),1,60.0,110,109.5,0.55
20:15,f1_dev_17,1F 插座 6(L1),1,60.0,110,109.5,0.55
20:30,f1_dev_1,1F 冰箱(EP),1,50.0,110,109.8,0.46
20:30,f1_dev_2,1F 抽水馬達(EP),1,50.0,220,219.5,0.23
20:30,f1_dev_3,1F 照明 1(EP),1,50.0,110,109.7,0.46
20:30,f1_dev_4,1F 照明 2(EP),1,50.0,110,109.7,0.46
20:30,f1_dev_5,1F WiFi(EP),1,50.0,110,109.8,0.46
20:30,f1_dev_6,1F 電熱水器(EP),1,50.0,220,219.5,0.23
20:30,f1_dev_7,1F 廚房專插(EP),1,50.0,110,109.8,0.46
20:30,f1_dev_8,1F 冷氣(L1),1,50.0,220,219.3,0.23
20:30,f1_dev_9,1F 照明 1(L1),1,60.0,110,109.6,0.55
20:30,f1_dev_10,1F 照明 2(L1),1,60.0,110,109.6,0.55
20:30,f1_dev_11,1F 電磁爐(L1),1,60.0,220,219.3,0.27
20:30,f1_dev_12,1F 插座 1(L1),1,60.0,110,109.7,0.55
20:30,f1_dev_13,1F 插座 2(L1),1,60.0,110,109.7,0.55
20:30,f1_dev_14,1F 插座 3(L1),1,60.0,110,109.6,0.55
20:30,f1_dev_15,1F 插座 4(L1),1,60.0,110,109.7,0.55
20:30,f1_dev_16,1F 插座 5(L1),1,60.0,110,109.5,0.55
20:30,f1_dev_17,1F 插座 6(L1),1,60.0,110,109.5,0.55
20:45,f1_dev_1,1F 冰箱(EP),1,50.0,110,109.8,0.46
20:45,f1_dev_2,1F 抽水馬達(EP),1,50.0,220,219.5,0.23
20:45,f1_dev_3,1F 照明 1(EP),1,50.0,110,109.7,0.46
20:45,f1_dev_4,1F 照明 2(EP),1,50.0,110,109.7,0.46
20:45,f1_dev_5,1F WiFi(EP),1,50.0,110,109.8,0.46
20:45,f1_dev_6,1F 電熱水器(EP),1,50.0,220,219.5,0.23
20:45,f1_dev_7,1F 廚房專插(EP),1,50.0,110,109.8,0.46
20:45,f1_dev_8,1F 冷氣(L1),1,50.0,220,219.3,0.23
20:45,f1_dev_9,1F 照明 1(L1),1,60.0,110,109.6,0.55
20:45,f1_dev_10,1F 照明 2(L1),1,60.0,110,109.6,0.55
20:45,f1_dev_11,1F 電磁爐(L1),1,60.0,220,219.3,0.27
20:45,f1_dev_12,1F 插座 1(L1),1,60.0,110,109.7,0.55
20:45,f1_dev_13,1F 插座 2(L1),1,60.0,110,109.7,0.55
20:45,f1_dev_14,1F 插座 3(L1),1,60.0,110,109.6,0.55
20:45,f1_dev_15,1F 插座 4(L1),1,60.0,110,109.7,0.55
20:45,f1_dev_16,1F 插座 5(L1),1,60.0,110,109.5,0.55
20:45,f1_dev_17,1F 插座 6(L1),1,60.0,110,109.5,0.55
21:00,f1_dev_1,1F 冰箱(EP),1,50.0,110,109.5,0.46
21:00,f1_dev_2,1F 抽水馬達(EP),1,50.0,220,218.9,0.23
21:00,f1_dev_3,1F 照明 1(EP),1,50.0,110,109.5,0.46
21:00,f1_dev_4,1F 照明 2(EP),1,50.0,110,109.5,0.46
21:00,f1_dev_5,1F WiFi(EP),1,50.0,110,109.5,0.46
21:00,f1_dev_6,1F 電熱水器(EP),1,50.0,220,219.0,0.23
21:00,f1_dev_7,1F 廚房專插(EP),1,50.0,110,109.5,0.46
21:00,f1_dev_8,1F 冷氣(L1),1,50.0,220,219.0,0.23
21:00,f1_dev_9,1F 照明 1(L1),1,60.0,110,109.4,0.55
21:00,f1_dev_10,1F 照明 2(L1),1,60.0,110,109.4,0.55
21:00,f1_dev_11,1F 電磁爐(L1),1,60.0,220,219.0,0.27
21:00,f1_dev_12,1F 插座 1(L1),1,60.0,110,109.5,0.55
21:00,f1_dev_13,1F 插座 2(L1),1,60.0,110,109.5,0.55
21:00,f1_dev_14,1F 插座 3(L1),1,60.0,110,109.5,0.55
21:00,f1_dev_15,1F 插座 4(L1),1,60.0,110,109.5,0.55
21:00,f1_dev_16,1F 插座 5(L1),1,60.0,110,109.3,0.55
21:00,f1_dev_17,1F 插座 6(L1),1,60.0,110,109.4,0.55
21:15,f1_dev_1,1F 冰箱(EP),1,50.0,110,109.5,0.46
21:15,f1_dev_2,1F 抽水馬達(EP),1,50.0,220,218.9,0.23
21:15,f1_dev_3,1F 照明 1(EP),1,50.0,110,109.5,0.46
21:15,f1_dev_4,1F 照明 2(EP),1,50.0,110,109.5,0.46
21:15,f1_dev_5,1F WiFi(EP),1,50.0,110,109.5,0.46
21:15,f1_dev_6,1F 電熱水器(EP),1,50.0,220,219.0,0.23
21:15,f1_dev_7,1F 廚房專插(EP),1,50.0,110,109.5,0.46
21:15,f1_dev_8,1F 冷氣(L1),1,50.0,220,219.0,0.23
21:15,f1_dev_9,1F 照明 1(L1),1,60.0,110,109.4,0.55
21:15,f1_dev_10,1F 照明 2(L1),1,60.0,110,109.4,0.55
21:15,f1_dev_11,1F 電磁爐(L1),1,60.0,220,219.0,0.27
21:15,f1_dev_12,1F 插座 1(L1),1,60.0,110,109.5,0.55
21:15,f1_dev_13,1F 插座 2(L1),1,60.0,110,109.5,0.55
21:15,f1_dev_14,1F 插座 3(L1),1,60.0,110,109.5,0.55
21:15,f1_dev_15,1F 插座 4(L1),1,60.0,110,109.5,0.55
21:15,f1_dev_16,1F 插座 5(L1),1,60.0,110,109.3,0.55
21:15,f1_dev_17,1F 插座 6(L1),1,60.0,110,109.4,0.55
21:30,f1_dev_1,1F 冰箱(EP),1,50.0,110,109.5,0.46
21:30,f1_dev_2,1F 抽水馬達(EP),1,50.0,220,218.9,0.23
21:30,f1_dev_3,1F 照明 1(EP),1,50.0,110,109.5,0.46
21:30,f1_dev_4,1F 照明 2(EP),1,50.0,110,109.5,0.46
21:30,f1_dev_5,1F WiFi(EP),1,50.0,110,109.5,0.46
21:30,f1_dev_6,1F 電熱水器(EP),1,50.0,220,219.0,0.23
21:30,f1_dev_7,1F 廚房專插(EP),1,50.0,110,109.5,0.46
21:30,f1_dev_8,1F 冷氣(L1),1,50.0,220,219.0,0.23
21:30,f1_dev_9,1F 照明 1(L1),1,60.0,110,109.4,0.55
21:30,f1_dev_10,1F 照明 2(L1),1,60.0,110,109.4,0.55
21:30,f1_dev_11,1F 電磁爐(L1),1,60.0,220,219.0,0.27
21:30,f1_dev_12,1F 插座 1(L1),1,60.0,110,109.5,0.55
21:30,f1_dev_13,1F 插座 2(L1),1,60.0,110,109.5,0.55
21:30,f1_dev_14,1F 插座 3(L1),1,60.0,110,109.5,0.55
21:30,f1_dev_15,1F 插座 4(L1),1,60.0,110,109.5,0.55
21:30,f1_dev_16,1F 插座 5(L1),1,60.0,110,109.3,0.55
21:30,f1_dev_17,1F 插座 6(L1),1,60.0,110,109.4,0.55
21:45,f1_dev_1,1F 冰箱(EP),1,50.0,110,109.5,0.46
21:45,f1_dev_2,1F 抽水馬達(EP),1,50.0,220,218.9,0.23
21:45,f1_dev_3,1F 照明 1(EP),1,50.0,110,109.5,0.46
21:45,f1_dev_4,1F 照明 2(EP),1,50.0,110,109.5,0.46
21:45,f1_dev_5,1F WiFi(EP),1,50.0,110,109.5,0.46
21:45,f1_dev_6,1F 電熱水器(EP),1,50.0,220,219.0,0.23
21:45,f1_dev_7,1F 廚房專插(EP),1,50.0,110,109.5,0.46
21:45,f1_dev_8,1F 冷氣(L1),1,50.0,220,219.0,0.23
21:45,f1_dev_9,1F 照明 1(L1),1,60.0,110,109.4,0.55
21:45,f1_dev_10,1F 照明 2(L1),1,60.0,110,109.4,0.55
21:45,f1_dev_11,1F 電磁爐(L1),1,60.0,220,219.0,0.27
21:45,f1_dev_12,1F 插座 1(L1),1,60.0,110,109.5,0.55
21:45,f1_dev_13,1F 插座 2(L1),1,60.0,110,109.5,0.55
21:45,f1_dev_14,1F 插座 3(L1),1,60.0,110,109.5,0.55
21:45,f1_dev_15,1F 插座 4(L1),1,60.0,110,109.5,0.55
21:45,f1_dev_16,1F 插座 5(L1),1,60.0,110,109.3,0.55
21:45,f1_dev_17,1F 插座 6(L1),1,60.0,110,109.4,0.55
22:00,f1_dev_1,1F 冰箱(EP),1,50.0,110,109.5,0.46
22:00,f1_dev_2,1F 抽水馬達(EP),1,50.0,220,218.9,0.23
22:00,f1_dev_3,1F 照明 1(EP),1,50.0,110,109.5,0.46
22:00,f1_dev_4,1F 照明 2(EP),1,50.0,110,109.5,0.46
22:00,f1_dev_5,1F WiFi(EP),1,50.0,110,109.5,0.46
22:00,f1_dev_6,1F 電熱水器(EP),1,50.0,220,219.0,0.23
22:00,f1_dev_7,1F 廚房專插(EP),1,50.0,110,109.5,0.46
22:00,f1_dev_8,1F 冷氣(L1),1,50.0,220,219.0,0.23
22:00,f1_dev_9,1F 照明 1(L1),1,60.0,110,109.4,0.55
22:00,f1_dev_10,1F 照明 2(L1),1,60.0,110,109.4,0.55
22:00,f1_dev_11,1F 電磁爐(L1),1,60.0,220,219.0,0.27
22:00,f1_dev_12,1F 插座 1(L1),1,60.0,110,109.5,0.55
22:00,f1_dev_13,1F 插座 2(L1),1,60.0,110,109.5,0.55
22:00,f1_dev_14,1F 插座 3(L1),1,60.0,110,109.5,0.55
22:00,f1_dev_15,1F 插座 4(L1),1,60.0,110,109.5,0.55
22:00,f1_dev_16,1F 插座 5(L1),1,60.0,110,109.3,0.55
22:00,f1_dev_17,1F 插座 6(L1),1,60.0,110,109.4,0.55
22:15,f1_dev_1,1F 冰箱(EP),1,50.0,110,109.5,0.46
22:15,f1_dev_2,1F 抽水馬達(EP),1,50.0,220,218.9,0.23
22:15,f1_dev_3,1F 照明 1(EP),1,50.0,110,109.5,0.46
22:15,f1_dev_4,1F 照明 2(EP),1,50.0,110,109.5,0.46
22:15,f1_dev_5,1F WiFi(EP),1,50.0,110,109.5,0.46
22:15,f1_dev_6,1F 電熱水器(EP),1,50.0,220,219.0,0.23
22:15,f1_dev_7,1F 廚房專插(EP),1,50.0,110,109.5,0.46
22:15,f1_dev_8,1F 冷氣(L1),1,50.0,220,219.0,0.23
22:15,f1_dev_9,1F 照明 1(L1),1,60.0,110,109.4,0.55
22:15,f1_dev_10,1F 照明 2(L1),1,60.0,110,109.4,0.55
22:15,f1_dev_11,1F 電磁爐(L1),1,60.0,220,219.0,0.27
22:15,f1_dev_12,1F 插座 1(L1),1,60.0,110,109.5,0.55
22:15,f1_dev_13,1F 插座 2(L1),1,60.0,110,109.5,0.55
22:15,f1_dev_14,1F 插座 3(L1),1,60.0,110,109.5,0.55
22:15,f1_dev_15,1F 插座 4(L1),1,60.0,110,109.5,0.55
22:15,f1_dev_16,1F 插座 5(L1),1,60.0,110,109.3,0.55
22:15,f1_dev_17,1F 插座 6(L1),1,60.0,110,109.4,0.55
22:30,f1_dev_1,1F 冰箱(EP),1,50.0,110,109.5,0.46
22:30,f1_dev_2,1F 抽水馬達(EP),1,50.0,220,218.9,0.23
22:30,f1_dev_3,1F 照明 1(EP),1,50.0,110,109.5,0.46
22:30,f1_dev_4,1F 照明 2(EP),1,50.0,110,109.5,0.46
22:30,f1_dev_5,1F WiFi(EP),1,50.0,110,109.5,0.46
22:30,f1_dev_6,1F 電熱水器(EP),1,50.0,220,219.0,0.23
22:30,f1_dev_7,1F 廚房專插(EP),1,50.0,110,109.5,0.46
22:30,f1_dev_8,1F 冷氣(L1),1,50.0,220,219.0,0.23
22:30,f1_dev_9,1F 照明 1(L1),1,60.0,110,109.4,0.55
22:30,f1_dev_10,1F 照明 2(L1),1,60.0,110,109.4,0.55
22:30,f1_dev_11,1F 電磁爐(L1),1,60.0,220,219.0,0.27
22:30,f1_dev_12,1F 插座 1(L1),1,60.0,110,109.5,0.55
22:30,f1_dev_13,1F 插座 2(L1),1,60.0,110,109.5,0.55
22:30,f1_dev_14,1F 插座 3(L1),1,60.0,110,109.5,0.55
22:30,f1_dev_15,1F 插座 4(L1),1,60.0,110,109.5,0.55
22:30,f1_dev_16,1F 插座 5(L1),1,60.0,110,109.3,0.55
22:30,f1_dev_17,1F 插座 6(L1),1,60.0,110,109.4,0.55
22:45,f1_dev_1,1F 冰箱(EP),1,50.0,110,109.5,0.46
22:45,f1_dev_2,1F 抽水馬達(EP),1,50.0,220,218.9,0.23
22:45,f1_dev_3,1F 照明 1(EP),1,50.0,110,109.5,0.46
22:45,f1_dev_4,1F 照明 2(EP),1,50.0,110,109.5,0.46
22:45,f1_dev_5,1F WiFi(EP),1,50.0,110,109.5,0.46
22:45,f1_dev_6,1F 電熱水器(EP),1,50.0,220,219.0,0.23
22:45,f1_dev_7,1F 廚房專插(EP),1,50.0,110,109.5,0.46
22:45,f1_dev_8,1F 冷氣(L1),1,50.0,220,219.0,0.23
22:45,f1_dev_9,1F 照明 1(L1),1,60.0,110,109.4,0.55
22:45,f1_dev_10,1F 照明 2(L1),1,60.0,110,109.4,0.55
22:45,f1_dev_11,1F 電磁爐(L1),1,60.0,220,219.0,0.27
22:45,f1_dev_12,1F 插座 1(L1),1,60.0,110,109.5,0.55
22:45,f1_dev_13,1F 插座 2(L1),1,60.0,110,109.5,0.55
22:45,f1_dev_14,1F 插座 3(L1),1,60.0,110,109.5,0.55
22:45,f1_dev_15,1F 插座 4(L1),1,60.0,110,109.5,0.55
22:45,f1_dev_16,1F 插座 5(L1),1,60.0,110,109.3,0.55
22:45,f1_dev_17,1F 插座 6(L1),1,60.0,110,109.4,0.55
23:00,f1_dev_1,1F 冰箱(EP),1,50.0,110,109.5,0.46
23:00,f1_dev_2,1F 抽水馬達(EP),1,50.0,220,218.9,0.23
23:00,f1_dev_3,1F 照明 1(EP),1,50.0,110,109.5,0.46
23:00,f1_dev_4,1F 照明 2(EP),1,50.0,110,109.5,0.46
23:00,f1_dev_5,1F WiFi(EP),1,50.0,110,109.5,0.46
23:00,f1_dev_6,1F 電熱水器(EP),1,50.0,220,219.0,0.23
23:00,f1_dev_7,1F 廚房專插(EP),1,50.0,110,109.5,0.46
23:00,f1_dev_8,1F 冷氣(L1),1,50.0,220,219.0,0.23
23:00,f1_dev_9,1F 照明 1(L1),1,60.0,110,109.4,0.55
23:00,f1_dev_10,1F 照明 2(L1),1,60.0,110,109.4,0.55
23:00,f1_dev_11,1F 電磁爐(L1),1,60.0,220,219.0,0.27
23:00,f1_dev_12,1F 插座 1(L1),1,60.0,110,109.5,0.55
23:00,f1_dev_13,1F 插座 2(L1),1,60.0,110,109.5,0.55
23:00,f1_dev_14,1F 插座 3(L1),1,60.0,110,109.5,0.55
23:00,f1_dev_15,1F 插座 4(L1),1,60.0,110,109.5,0.55
23:00,f1_dev_16,1F 插座 5(L1),1,60.0,110,109.3,0.55
23:00,f1_dev_17,1F 插座 6(L1),1,60.0,110,109.4,0.55
23:15,f1_dev_1,1F 冰箱(EP),1,50.0,110,109.5,0.46
23:15,f1_dev_2,1F 抽水馬達(EP),1,50.0,220,218.9,0.23
23:15,f1_dev_3,1F 照明 1(EP),1,50.0,110,109.5,0.46
23:15,f1_dev_4,1F 照明 2(EP),1,50.0,110,109.5,0.46
23:15,f1_dev_5,1F WiFi(EP),1,50.0,110,109.5,0.46
23:15,f1_dev_6,1F 電熱水器(EP),1,50.0,220,219.0,0.23
23:15,f1_dev_7,1F 廚房專插(EP),1,50.0,110,109.5,0.46
23:15,f1_dev_8,1F 冷氣(L1),1,50.0,220,219.0,0.23
23:15,f1_dev_9,1F 照明 1(L1),1,60.0,110,109.4,0.55
23:15,f1_dev_10,1F 照明 2(L1),1,60.0,110,109.4,0.55
23:15,f1_dev_11,1F 電磁爐(L1),1,60.0,220,219.0,0.27
23:15,f1_dev_12,1F 插座 1(L1),1,60.0,110,109.5,0.55
23:15,f1_dev_13,1F 插座 2(L1),1,60.0,110,109.5,0.55
23:15,f1_dev_14,1F 插座 3(L1),1,60.0,110,109.5,0.55
23:15,f1_dev_15,1F 插座 4(L1),1,60.0,110,109.5,0.55
23:15,f1_dev_16,1F 插座 5(L1),1,60.0,110,109.3,0.55
23:15,f1_dev_17,1F 插座 6(L1),1,60.0,110,109.4,0.55
23:30,f1_dev_1,1F 冰箱(EP),1,50.0,110,109.5,0.46
23:30,f1_dev_2,1F 抽水馬達(EP),1,50.0,220,218.9,0.23
23:30,f1_dev_3,1F 照明 1(EP),1,50.0,110,109.5,0.46
23:30,f1_dev_4,1F 照明 2(EP),1,50.0,110,109.5,0.46
23:30,f1_dev_5,1F WiFi(EP),1,50.0,110,109.5,0.46
23:30,f1_dev_6,1F 電熱水器(EP),1,50.0,220,219.0,0.23
23:30,f1_dev_7,1F 廚房專插(EP),1,50.0,110,109.5,0.46
23:30,f1_dev_8,1F 冷氣(L1),1,50.0,220,219.0,0.23
23:30,f1_dev_9,1F 照明 1(L1),1,60.0,110,109.4,0.55
23:30,f1_dev_10,1F 照明 2(L1),1,60.0,110,109.4,0.55
23:30,f1_dev_11,1F 電磁爐(L1),1,60.0,220,219.0,0.27
23:30,f1_dev_12,1F 插座 1(L1),1,60.0,110,109.5,0.55
23:30,f1_dev_13,1F 插座 2(L1),1,60.0,110,109.5,0.55
23:30,f1_dev_14,1F 插座 3(L1),1,60.0,110,109.5,0.55
23:30,f1_dev_15,1F 插座 4(L1),1,60.0,110,109.5,0.55
23:30,f1_dev_16,1F 插座 5(L1),1,60.0,110,109.3,0.55
23:30,f1_dev_17,1F 插座 6(L1),1,60.0,110,109.4,0.55
23:45,f1_dev_1,1F 冰箱(EP),1,50.0,110,109.5,0.46
23:45,f1_dev_2,1F 抽水馬達(EP),1,50.0,220,218.9,0.23
23:45,f1_dev_3,1F 照明 1(EP),1,50.0,110,109.5,0.46
23:45,f1_dev_4,1F 照明 2(EP),1,50.0,110,109.5,0.46
23:45,f1_dev_5,1F WiFi(EP),1,50.0,110,109.5,0.46
23:45,f1_dev_6,1F 電熱水器(EP),1,50.0,220,219.0,0.23
23:45,f1_dev_7,1F 廚房專插(EP),1,50.0,110,109.5,0.46
23:45,f1_dev_8,1F 冷氣(L1),1,50.0,220,219.0,0.23
23:45,f1_dev_9,1F 照明 1(L1),1,60.0,110,109.4,0.55
23:45,f1_dev_10,1F 照明 2(L1),1,60.0,110,109.4,0.55
23:45,f1_dev_11,1F 電磁爐(L1),1,60.0,220,219.0,0.27
23:45,f1_dev_12,1F 插座 1(L1),1,60.0,110,109.5,0.55
23:45,f1_dev_13,1F 插座 2(L1),1,60.0,110,109.5,0.55
23:45,f1_dev_14,1F 插座 3(L1),1,60.0,110,109.5,0.55
23:45,f1_dev_15,1F 插座 4(L1),1,60.0,110,109.5,0.55
23:45,f1_dev_16,1F 插座 5(L1),1,60.0,110,109.3,0.55
23:45,f1_dev_17,1F 插座 6(L1),1,60.0,110,109.4,0.55
