Time,Hour,Minute,電池_SOC(%),供電模式,線路損失(kW),EP_匯流排電壓_L1(V),EP_匯流排電壓_L2(V),EP_總電流_L1(A),EP_總電流_L2(A),L1_匯流排電壓_L1(V),L1_匯流排電壓_L2(V),L1_總電流_L1(A),L1_總電流_L2(A),L2_匯流排電壓_L1(V),L2_匯流排電壓_L2(V),L2_總電流_L1(A),L2_總電流_L2(A),L3_匯流排電壓_L1(V),L3_匯流排電壓_L2(V),L3_總電流_L1(A),L3_總電流_L2(A),總電錶T_當前累積功率(kWh),PV電錶_當前累積功率(kWh),A電錶_當前累積功率(kWh),B電錶_當前累積功率(kWh),C電錶_當前累積功率(kWh),D電錶_當前累積功率(kWh)
00:00,0,0,45.44,市電供電,0.013,109.801,109.804,14.09,15.52,109.668,109.662,3.45,3.34,109.64,109.608,6.62,9.34,109.667,109.661,3.53,3.45,0.00323,0.0,-0.812,0.18622,0.43781,0.1912
00:15,0,15,41.05,市電供電,0.0122,109.797,109.801,13.69,14.98,109.668,109.663,3.37,3.29,109.64,109.614,6.49,8.79,109.667,109.663,3.45,3.39,0.00625,0.0,-1.59843,0.36885,0.85706,0.37877
00:30,0,30,36.76,市電供電,0.0117,109.794,109.799,13.33,14.63,109.668,109.665,3.32,3.24,109.64,109.619,6.4,8.37,109.667,109.664,3.4,3.34,0.00913,0.0,-2.36521,0.54876,1.26199,0.5636
00:45,0,45,32.48,市電供電,0.0117,109.793,109.8,13.35,14.6,109.667,109.665,3.34,3.27,109.639,109.621,6.45,8.21,109.666,109.664,3.41,3.37,0.01207,0.0,-3.13149,0.72997,1.66391,0.74968
01:00,1,0,29.27,市電供電,0.0087,109.726,109.734,9.67,10.92,109.627,109.626,3.28,3.2,109.6,109.584,6.32,7.93,109.626,109.625,3.35,3.31,0.19853,0.0,-3.69591,0.90762,2.05464,0.93217
01:15,1,15,25.15,市電供電,0.0109,109.789,109.797,12.83,14.07,109.667,109.667,3.24,3.17,109.64,109.625,6.25,7.77,109.667,109.666,3.31,3.27,0.20122,0.0,-4.43359,1.08327,2.43893,1.1126
01:30,1,30,21.09,市電供電,0.0105,109.787,109.795,12.62,13.86,109.667,109.667,3.19,3.12,109.641,109.627,6.15,7.62,109.667,109.667,3.27,3.22,0.2039,0.0,-5.15958,1.25639,2.8166,1.2905
01:45,1,45,20.0,市電供電,0.0074,109.59,109.599,2.37,3.62,109.544,109.545,3.2,3.13,109.518,109.504,6.16,7.6,109.544,109.544,3.27,3.23,0.76795,0.0,-5.32365,1.4296,3.1935,1.46848
02:00,2,0,25.94,市電供電,0.0548,109.076,109.085,24.38,23.13,109.223,109.223,3.18,3.11,109.196,109.183,6.14,7.55,109.222,109.222,3.26,3.21,2.78839,-0.0,-4.026,1.60156,3.56736,1.64519
02:15,2,15,21.98,市電供電,0.0101,109.786,109.793,12.37,13.52,109.668,109.668,3.12,3.06,109.642,109.629,6.02,7.43,109.668,109.667,3.19,3.16,2.79103,-0.0,-4.73608,1.77106,3.93633,1.81945
02:30,2,30,20.0,市電供電,0.0066,109.656,109.663,5.53,6.68,109.588,109.588,3.08,3.02,109.563,109.549,5.95,7.35,109.588,109.587,3.16,3.12,3.1604,-0.0,-5.07078,1.93844,4.30089,1.99157
02:45,2,45,20.0,市電供電,0.0086,109.525,109.532,1.32,0.17,109.506,109.506,3.08,3.02,109.481,109.467,5.94,7.34,109.506,109.505,3.15,3.12,3.90385,-0.0,-5.03007,2.10549,4.66473,2.16338
03:00,3,0,25.94,市電供電,0.0535,109.084,109.091,24.28,23.13,109.231,109.23,3.06,3.0,109.205,109.192,5.9,7.3,109.23,109.23,3.13,3.1,5.89508,-0.0,-3.73516,2.27089,5.02529,2.33351
03:15,3,15,22.11,市電供電,0.0094,109.782,109.79,11.94,13.08,109.669,109.669,3.01,2.95,109.644,109.631,5.8,7.21,109.669,109.668,3.08,3.05,5.89753,-0.0,-4.42125,2.43435,5.38217,2.50171
03:30,3,30,20.0,市電供電,0.0063,109.67,109.677,6.0,7.14,109.6,109.599,2.98,2.92,109.575,109.561,5.74,7.16,109.599,109.599,3.05,3.02,6.21856,-0.0,-4.78132,2.59586,5.73552,2.66795
03:45,3,45,20.0,市電供電,0.0074,109.536,109.543,1.3,0.16,109.52,109.519,2.84,2.78,109.496,109.482,5.47,6.92,109.519,109.518,2.92,2.88,6.91082,-0.0,-4.74126,2.74991,6.07485,2.82674
04:00,4,0,25.94,市電供電,0.0516,109.093,109.1,24.26,23.12,109.242,109.241,2.85,2.79,109.219,109.203,5.49,7.02,109.242,109.24,2.93,2.89,8.86021,-0.0,-3.447,2.90417,6.4165,2.98573
04:15,4,15,22.31,市電供電,0.0083,109.778,109.784,11.24,12.37,109.672,109.67,2.8,2.74,109.649,109.631,5.39,7.05,109.671,109.669,2.88,2.84,8.86241,-0.0,-4.09461,3.05623,6.75743,3.14255
04:30,4,30,20.0,市電供電,0.0059,109.692,109.696,6.72,7.84,109.618,109.615,2.78,2.72,109.595,109.574,5.34,7.25,109.618,109.614,2.85,2.82,9.11469,-0.0,-4.49371,3.207,7.1025,3.29809
04:45,4,45,25.94,市電供電,0.051,109.098,109.1,24.25,23.12,109.249,109.243,2.71,2.64,109.226,109.199,5.19,7.52,109.248,109.242,2.78,2.74,11.05298,-0.0,-3.19976,3.35311,7.44961,3.44898
05:00,5,0,22.24,市電供電,0.0085,109.784,109.781,11.47,12.6,109.677,109.667,2.7,2.64,109.655,109.617,5.17,8.14,109.676,109.666,2.77,2.74,11.05527,-0.0,-3.85993,3.49936,7.81479,3.6
05:15,5,15,20.0,市電供電,0.0062,109.684,109.677,6.4,7.61,109.614,109.599,2.7,2.62,109.592,109.541,5.15,9.05,109.613,109.598,2.77,2.72,11.35678,-0.0,-4.24381,3.64505,8.20399,3.75051
05:30,5,30,20.0,市電供電,0.0088,109.532,109.517,1.38,0.17,109.518,109.495,2.69,2.61,109.496,109.426,5.13,10.29,109.517,109.494,2.76,2.71,12.11608,-0.0,-4.20137,3.78992,8.62625,3.9002
05:45,5,45,20.0,市電供電,0.0097,109.531,109.507,1.43,0.17,109.517,109.485,2.61,2.52,109.496,109.403,4.96,11.68,109.517,109.484,2.69,2.62,12.90124,-0.0,-4.15768,3.93039,9.08185,4.04555
06:00,6,0,20.0,市電供電,0.0117,109.535,109.489,0.67,0.01,109.516,109.466,2.65,2.61,109.494,109.366,5.04,13.74,109.515,109.463,2.72,2.9,13.73139,0.04125,-4.13941,4.07419,9.59583,4.19961
06:15,6,15,20.0,市電供電,0.0133,109.545,109.498,0.3,1.47,109.518,109.464,2.77,2.62,109.494,109.348,5.34,15.49,109.517,109.461,2.85,2.93,14.55927,0.1636,-4.18779,4.22192,10.1661,4.35783
06:30,6,30,20.0,市電供電,0.0151,109.563,109.499,1.65,2.22,109.526,109.459,2.81,2.65,109.502,109.33,5.43,17.04,109.525,109.457,2.88,2.96,15.37793,0.36245,-4.29369,4.37133,10.7813,4.51774
06:45,6,45,20.0,市電供電,0.0161,109.584,109.518,2.95,3.69,109.538,109.467,2.84,2.64,109.514,109.329,5.46,18.04,109.537,109.465,2.91,2.95,16.15034,0.642,-4.47534,4.52135,11.42469,4.67833
07:00,7,0,20.0,市電供電,0.0326,109.503,109.432,4.5,5.15,109.365,109.291,11.73,11.55,109.419,109.227,5.65,18.61,109.443,109.368,2.99,3.05,17.35217,1.00174,-4.73944,5.15817,12.08837,4.84367
07:15,7,15,20.0,市電供電,0.0324,109.516,109.456,5.47,6.61,109.369,109.303,11.94,11.67,109.423,109.242,5.95,18.45,109.448,109.38,3.21,3.17,18.5095,1.44239,-5.06993,5.80396,12.75568,5.01831
07:30,7,30,20.0,市電供電,0.016,109.646,109.592,6.83,7.93,109.568,109.508,3.22,2.96,109.542,109.376,6.12,17.62,109.568,109.505,3.3,3.27,19.10497,1.95574,-5.47415,5.97315,13.40603,5.19844
07:45,7,45,20.0,市電供電,0.0145,109.675,109.631,8.11,9.21,109.587,109.538,3.26,2.99,109.561,109.419,6.17,16.19,109.586,109.537,3.34,3.04,19.58909,2.53945,-5.94851,6.14438,14.01859,5.37311
08:00,8,0,20.0,市電供電,0.0098,109.725,109.753,9.47,11.82,109.626,109.64,3.41,3.11,109.6,109.601,6.32,7.44,109.625,109.639,3.5,3.21,19.74502,3.19627,-6.53231,6.32321,14.39574,5.55686
08:15,8,15,20.0,市電供電,0.0113,109.74,109.771,10.6,13.13,109.631,109.647,3.59,3.24,109.604,109.607,6.62,7.7,109.63,109.646,3.67,3.34,19.86714,3.92515,-7.18276,6.51059,14.78855,5.74924
08:30,8,30,20.0,市電供電,0.0128,109.756,109.786,11.81,14.25,109.638,109.653,3.72,3.39,109.609,109.611,6.9,8.0,109.637,109.652,3.8,3.49,19.95575,4.71614,-7.89742,6.70549,15.19703,5.94913
08:45,8,45,20.0,市電供電,0.0142,109.775,109.804,12.94,15.34,109.648,109.662,3.77,3.45,109.619,109.62,7.01,8.12,109.647,109.662,3.85,3.55,19.99603,5.56721,-8.67305,6.90345,15.61203,6.15208
09:00,9,0,20.0,市電供電,0.0144,109.956,109.977,14.59,16.37,109.846,109.857,0.6,0.29,109.845,109.843,0.68,1.79,109.845,109.856,0.68,0.39,19.26698,6.47653,-9.52344,6.92775,15.67984,6.18127
09:15,9,15,20.0,市電供電,0.0163,109.974,109.996,15.54,17.35,109.857,109.868,0.61,0.29,109.856,109.855,0.69,1.79,109.856,109.867,0.69,0.39,18.48578,7.43993,-10.42689,6.95235,15.74795,6.21077
09:30,9,30,20.0,市電供電,0.0028,109.788,109.809,5.8,7.62,109.741,109.752,0.61,0.29,109.74,109.738,0.69,1.79,109.74,109.751,0.69,0.39,18.23963,7.86577,-10.79509,6.9769,15.81601,6.2402
09:45,9,45,23.94,市電供電,0.0029,109.72,109.741,2.26,4.05,109.699,109.709,0.6,0.29,109.698,109.696,0.68,1.79,109.698,109.708,0.68,0.38,18.18763,8.92608,-10.96819,7.00115,15.88376,6.26933
10:00,10,0,29.88,市電供電,0.0038,109.587,109.608,4.66,2.87,109.616,109.626,0.6,0.29,109.615,109.613,0.68,1.79,109.615,109.625,0.68,0.38,18.51508,10.02679,-10.76181,7.02538,15.95149,6.29843
10:15,10,15,29.88,市電供電,0.0233,110.036,110.056,18.75,20.52,109.896,109.906,0.6,0.29,109.895,109.893,0.68,1.79,109.895,109.905,0.68,0.39,17.5579,11.16575,-11.84064,7.04976,16.0194,6.32773
10:30,10,30,29.88,市電供電,0.0245,110.046,110.066,19.28,21.03,109.902,109.912,0.59,0.29,109.902,109.899,0.67,1.79,109.902,109.911,0.67,0.39,16.57096,12.33317,-12.94841,7.07386,16.08704,6.35676
10:45,10,45,32.89,市電供電,0.0073,109.836,109.856,8.29,10.02,109.771,109.781,0.58,0.29,109.771,109.767,0.66,1.79,109.771,109.78,0.66,0.39,16.18806,13.52646,-13.45107,7.09762,16.15434,6.38544
11:00,11,0,38.83,市電供電,0.0035,109.631,109.65,2.41,0.71,109.643,109.653,0.57,0.29,109.643,109.639,0.65,1.79,109.643,109.652,0.65,0.38,16.39221,14.74587,-13.36566,7.12105,16.22131,6.41378
11:15,11,15,43.57,市電供電,0.0037,109.725,109.744,2.49,4.16,109.702,109.711,0.56,0.29,109.701,109.698,0.64,1.8,109.701,109.71,0.64,0.39,16.3285,15.97943,-13.54802,7.14441,16.28826,6.44213
11:30,11,30,47.9,市電供電,0.0045,109.758,109.777,4.21,5.89,109.723,109.732,0.56,0.29,109.722,109.718,0.64,1.8,109.722,109.731,0.64,0.39,16.16969,17.22302,-13.8253,7.16772,16.35514,6.4704
11:45,11,45,47.9,市電供電,0.0284,110.077,110.095,20.84,22.52,109.922,109.93,0.56,0.29,109.921,109.917,0.64,1.79,109.921,109.93,0.64,0.39,15.09675,18.47289,-15.01695,7.19108,16.42208,6.49874
12:00,12,0,53.83,市電供電,0.0036,109.642,109.661,1.83,0.15,109.65,109.659,0.56,0.29,109.65,109.646,0.64,1.8,109.65,109.658,0.64,0.39,15.26957,19.7229,-14.96275,7.21443,16.48902,6.52708
12:15,12,15,53.83,市電供電,0.0034,109.804,109.823,6.6,8.28,109.752,109.76,0.55,0.29,109.751,109.747,0.64,1.8,109.751,109.76,0.64,0.39,14.97947,20.18526,-15.37089,7.23757,16.55576,6.55523
12:30,12,30,59.77,市電供電,0.0048,109.541,109.56,7.09,5.38,109.587,109.596,0.56,0.29,109.586,109.583,0.65,1.8,109.586,109.595,0.65,0.39,15.44026,21.14847,-15.02911,7.26103,16.62282,6.5837
12:45,12,45,65.71,市電供電,0.0035,109.632,109.65,2.4,0.72,109.644,109.653,0.55,0.29,109.643,109.639,0.64,1.8,109.643,109.652,0.64,0.39,15.64388,22.36715,-14.94345,7.28414,16.68954,6.61182
13:00,13,0,70.4,市電供電,0.0034,109.716,109.734,1.98,3.66,109.697,109.705,0.55,0.29,109.696,109.692,0.63,1.8,109.696,109.704,0.63,0.39,15.60682,23.56431,-15.09824,7.3072,16.75618,6.63986
13:15,13,15,76.34,市電供電,0.0035,109.615,109.633,3.3,1.64,109.634,109.642,0.54,0.29,109.633,109.628,0.62,1.8,109.633,109.641,0.62,0.39,15.85869,24.7327,-14.96306,7.32991,16.82248,6.66754
13:30,13,30,82.28,市電供電,0.0036,109.604,109.623,3.83,2.15,109.627,109.636,0.55,0.29,109.626,109.622,0.63,1.8,109.626,109.635,0.63,0.39,16.14004,25.87306,-14.79919,7.35289,16.88904,6.69547
13:45,13,45,85.76,市電供電,0.0042,109.772,109.791,4.94,6.62,109.732,109.741,0.55,0.29,109.731,109.727,0.63,1.79,109.731,109.74,0.63,0.39,15.94062,26.9768,-15.1162,7.3759,16.95563,6.72345
14:00,14,0,88.66,市電供電,0.005,109.801,109.819,6.41,8.1,109.75,109.758,0.55,0.29,109.749,109.745,0.63,1.79,109.749,109.757,0.63,0.39,15.66013,28.04033,-15.51437,7.39894,17.02226,6.75147
14:15,14,15,88.66,市電供電,0.0185,109.997,110.016,16.67,18.35,109.872,109.881,0.55,0.29,109.872,109.867,0.63,1.79,109.872,109.88,0.63,0.38,14.81548,29.05895,-16.47631,7.42185,17.08874,6.77932
14:30,14,30,88.66,市電供電,0.0166,109.98,109.998,15.75,17.43,109.861,109.87,0.55,0.29,109.861,109.857,0.63,1.79,109.861,109.869,0.63,0.38,14.02131,30.02672,-17.38772,7.44476,17.15521,6.80715
14:45,14,45,90.0,市電供電,0.0075,109.863,109.882,9.68,11.36,109.789,109.797,0.55,0.29,109.788,109.784,0.63,1.79,109.788,109.797,0.63,0.38,13.56102,30.94168,-17.96514,7.46763,17.22164,6.83495
15:00,15,0,90.0,市電供電,0.0058,109.85,109.869,8.98,10.67,109.781,109.789,0.55,0.29,109.78,109.776,0.63,1.79,109.78,109.788,0.63,0.38,13.13885,31.53555,-18.50445,7.49051,17.28809,6.86276
15:15,15,15,90.0,市電供電,0.011,109.92,109.939,12.68,14.36,109.824,109.833,0.56,0.3,109.823,109.819,0.65,1.8,109.823,109.832,0.65,0.39,12.51596,32.33365,-19.24684,7.51411,17.35531,6.89142
15:30,15,30,90.0,市電供電,0.0091,109.896,109.915,11.42,13.16,109.808,109.818,0.59,0.3,109.807,109.805,0.67,1.8,109.807,109.817,0.67,0.4,11.96274,33.06519,-19.92155,7.53837,17.42319,6.92076
15:45,15,45,90.0,市電供電,0.0073,109.871,109.891,10.16,11.89,109.793,109.803,0.59,0.3,109.792,109.789,0.67,1.8,109.792,109.802,0.67,0.4,11.47938,33.72704,-20.52684,7.56275,17.49121,6.95026
16:00,16,0,90.0,市電供電,0.0057,109.846,109.866,8.84,10.58,109.777,109.787,0.59,0.3,109.776,109.773,0.68,1.81,109.776,109.786,0.68,0.41,11.06909,34.31624,-21.05969,7.58731,17.55945,6.98002
16:15,16,15,90.0,市電供電,0.0042,109.815,109.839,7.3,9.23,109.757,109.769,0.65,0.32,109.756,109.756,0.74,1.82,109.756,109.768,0.74,0.42,10.74443,34.83243,-21.5134,7.61396,17.62983,7.01204
16:30,16,30,90.0,市電供電,0.0031,109.79,109.814,6.0,7.96,109.741,109.754,0.67,0.32,109.74,109.74,0.76,1.83,109.74,109.753,0.76,0.43,10.49176,35.27868,-21.89663,7.64107,17.70071,7.04459
16:45,16,45,90.0,市電供電,0.002,109.762,109.785,4.52,6.48,109.723,109.736,0.67,0.32,109.722,109.722,0.76,1.83,109.722,109.735,0.76,0.43,10.32094,35.64343,-22.1985,7.66834,17.77176,7.07733
17:00,17,0,90.0,市電供電,0.0013,109.731,109.75,3.08,5.07,109.703,109.71,0.68,0.33,109.702,109.697,0.78,1.83,109.702,109.701,0.78,1.35,10.255,35.93043,-22.42202,7.69607,17.8433,7.13563
17:15,17,15,89.27,市電供電,0.002,109.73,109.718,3.75,3.93,109.696,109.685,0.81,0.53,109.695,109.661,0.92,3.15,109.695,109.677,0.91,1.38,10.25551,36.13586,-22.63268,7.73301,17.95475,7.19842
17:30,17,30,90.0,市電供電,0.0024,109.597,109.584,3.11,2.88,109.612,109.6,0.84,0.54,109.611,109.575,0.95,3.38,109.611,109.593,0.94,1.39,10.64007,36.26085,-22.4686,7.77091,18.07342,7.26231
17:45,17,45,90.0,市電供電,0.002,109.62,109.606,1.85,1.56,109.625,109.612,0.87,0.55,109.624,109.584,0.98,3.71,109.624,109.605,0.96,1.4,10.96593,36.30381,-22.37502,7.80969,18.20207,7.32715
18:00,18,0,89.27,電池供電,0.0007,110.0,110.0,2.51,2.51,0.0,0.0,0.0,0.0,0.0,0.0,0.0,0.0,0.0,0.0,0.0,0.0,10.96593,36.30381,-22.37502,7.80969,18.20207,7.32715
18:15,18,15,88.3,電池供電,0.0013,110.0,110.0,3.37,3.37,0.0,0.0,0.0,0.0,0.0,0.0,0.0,0.0,0.0,0.0,0.0,0.0,10.96593,36.30381,-22.37502,7.80969,18.20207,7.32715
18:30,18,30,87.12,電池供電,0.0016,110.0,110.0,4.08,4.08,0.0,0.0,0.0,0.0,0.0,0.0,0.0,0.0,0.0,0.0,0.0,0.0,10.96593,36.30381,-22.37502,7.80969,18.20207,7.32715
18:45,18,45,85.65,電池供電,0.0026,110.0,110.0,5.05,5.05,0.0,0.0,0.0,0.0,0.0,0.0,0.0,0.0,0.0,0.0,0.0,0.0,10.96593,36.30381,-22.37502,7.80969,18.20207,7.32715
19:00,19,0,84.02,電池供電,0.0035,110.0,110.0,5.64,5.64,0.0,0.0,0.0,0.0,0.0,0.0,0.0,0.0,0.0,0.0,0.0,0.0,10.96593,36.30381,-22.37502,7.80969,18.20207,7.32715
19:15,19,15,82.24,電池供電,0.0043,110.0,110.0,6.15,6.15,0.0,0.0,0.0,0.0,0.0,0.0,0.0,0.0,0.0,0.0,0.0,0.0,10.96593,36.30381,-22.37502,7.80969,18.20207,7.32715
19:30,19,30,80.58,電池供電,0.0034,110.0,110.0,5.72,5.72,0.0,0.0,0.0,0.0,0.0,0.0,0.0,0.0,0.0,0.0,0.0,0.0,10.96593,36.30381,-22.37502,7.80969,18.20207,7.32715
19:45,19,45,79.04,電池供電,0.0028,110.0,110.0,5.31,5.31,0.0,0.0,0.0,0.0,0.0,0.0,0.0,0.0,0.0,0.0,0.0,0.0,10.96593,36.30381,-22.37502,7.80969,18.20207,7.32715
20:00,20,0,84.07,市電供電,0.0722,109.007,109.006,26.94,21.85,109.151,109.121,5.52,4.74,109.148,109.005,5.82,17.69,109.188,109.151,1.43,1.43,13.29772,36.30381,-21.04341,8.08965,18.84365,7.40547
20:15,20,15,90.0,市電供電,0.0973,108.932,108.828,29.72,31.74,109.098,109.015,5.37,4.62,109.095,108.887,5.69,18.85,109.134,109.044,1.38,1.41,15.99159,36.30381,-19.36726,8.36192,19.51268,7.48144
20:30,20,30,90.0,市電供電,0.0368,109.365,109.273,7.41,8.18,109.371,109.291,5.27,4.5,109.368,109.155,5.6,19.69,109.406,109.319,1.39,1.4,17.45298,36.30381,-18.94102,8.6289,20.20422,7.55794
20:45,20,45,90.0,市電供電,0.0458,109.363,109.213,6.81,11.62,109.365,109.256,5.27,4.5,109.362,109.113,5.62,20.34,109.4,109.284,1.39,1.4,19.0096,36.30381,-18.43726,8.89586,20.9135,7.63439
21:00,21,0,90.0,市電供電,0.0454,109.359,109.216,7.18,11.34,109.364,109.258,5.18,4.41,109.361,109.114,5.53,20.47,109.398,109.285,1.39,1.41,20.56533,36.30381,-17.93105,9.15806,21.62413,7.71092
21:15,21,15,90.0,市電供電,0.033,109.432,109.297,6.42,9.75,109.468,109.362,1.07,0.53,109.431,109.186,5.2,20.13,109.468,109.355,1.15,1.38,21.81302,36.30381,-17.4887,9.20166,22.31677,7.7799
21:30,21,30,83.42,市電供電,0.0654,109.415,109.285,7.49,10.71,109.459,109.357,1.05,0.53,109.423,109.187,5.08,19.4,109.458,109.35,1.13,1.37,23.09244,36.30381,-16.9908,9.2449,22.98635,7.8485
21:45,21,45,76.84,市電供電,0.0701,109.425,109.246,6.59,13.87,109.463,109.341,1.01,0.52,109.427,109.181,4.99,18.37,109.462,109.334,1.09,1.36,24.39973,36.30381,-16.43138,9.2867,23.62523,7.91557
22:00,22,0,73.49,市電供電,0.0791,109.218,109.064,17.94,24.21,109.338,109.235,0.98,0.44,109.303,109.089,4.84,16.66,109.337,109.23,1.06,0.99,26.23356,36.30381,-15.27978,9.32546,24.21252,7.97154
22:15,22,15,70.13,市電供電,0.0616,109.297,109.151,14.62,20.65,109.397,109.296,0.65,0.4,109.363,109.163,4.41,15.1,109.396,109.291,0.73,0.94,27.8051,36.30381,-14.31557,9.35407,24.74561,8.017
22:30,22,30,66.78,市電供電,0.0122,109.734,109.695,8.78,10.13,109.665,109.619,0.64,0.4,109.601,109.47,7.7,16.9,109.664,109.614,0.72,0.93,28.03434,36.30381,-14.83406,9.38246,25.41979,8.06216
22:45,22,45,63.42,市電供電,0.0107,109.746,109.712,9.04,10.14,109.676,109.635,0.57,0.38,109.613,109.501,7.48,15.32,109.675,109.63,0.65,0.91,28.20278,36.30381,-15.35986,9.40864,26.04505,8.10496
23:00,23,0,60.06,市電供電,0.0111,109.719,109.703,9.18,10.79,109.648,109.622,0.54,0.32,109.588,109.503,7.28,13.56,109.618,109.59,3.9,3.91,28.46456,36.30381,-15.90699,9.43223,26.61628,8.31903
23:15,23,15,56.71,市電供電,0.0101,109.74,109.72,9.82,10.8,109.665,109.639,0.39,0.31,109.606,109.532,6.99,12.25,109.636,109.608,3.69,3.83,28.65182,36.30381,-16.4724,9.4514,27.14362,8.52519
23:30,23,30,53.35,市電供電,0.0093,109.747,109.741,9.82,11.19,109.673,109.658,0.39,0.27,109.615,109.561,6.85,10.97,109.644,109.628,3.63,3.6,28.78103,36.30381,-17.04845,9.4696,27.63232,8.72355
23:45,23,45,50.0,市電供電,0.0085,109.757,109.754,9.91,11.19,109.683,109.671,0.37,0.27,109.627,109.585,6.49,9.86,109.655,109.643,3.45,3.44,28.85725,36.30381,-17.62694,9.48699,28.08079,8.9124
