Time,Hour,Minute,ep_fridge_an,ep_washer_an,ep_dryer_bn,ep_boosterpump_abn,ep_pump,ep_1f_lighting1_an,ep_1f_lighting2_bn,ep_2f_lighting1_an,ep_2f_lighting2_bn,ep_3f_lighting1_an,ep_3f_lighting2_bn,ep_1f_wifi_an,ep_1f_WaterHeater_abn,ep_kitchen_bn,ep_2f_socket1_an,ep_2f_socket2_bn,l1_airc_abn,l1_lighting1_an,l1_lighting2_bn,l1_InductionCooktop_abn,l1_socket1_an,l1_socket2_bn,l1_socket3_an,l1_socket4_bn,l1_socket5_an,l1_socket6_bn,l2_Dehumidifier_bn,l2_bathroom1_an,l2_bathroom2_bn,l2_airc1_abn,l2_airc2_abn,l2_lighting1_an,l2_lighting2_bn,l2_socket1_an,l2_socket2_bn,l2_socket3_an,l2_socket4_bn,l2_socket5_an,l2_socket6_bn,l2_socket7_an,l3_airc_abn,l3_lighting1_an,l3_lighting2_bn,l3_socket1_an,l3_socket2_bn,l3_socket3_an,l3_socket4_bn,l3_socket5_an,l3_socket6_bn,l3_socket7_an,l3_socket8_bn
00:00,0,0,0.82,0,0,0.022,0.022,0.12,0.032,0.12,0.032,0.12,0.032,1,0,0,0.005931,0.005931,0.569136,0.12,0.032,0,0.005931,0.005931,0.005931,0.005931,0.005931,0.005931,1,0,0.1007,0.569136,0.569136,0.12,0.032,0.005931,0.005931,0.005931,0.005931,0.005931,0.005931,0.005931,0.569136,0.12,0.032,0.005931,0.005931,0.005931,0.005931,0.005931,0.005931,0.005931,0.005931
00:15,0,15,0.81,0,0,0.015,0.015,0.09,0.032,0.09,0.032,0.09,0.032,1,0,0,0.005816,0.005816,0.560635,0.09,0.032,0,0.005816,0.005816,0.005816,0.005816,0.005816,0.005816,1,0,0.0676,0.560635,0.560635,0.09,0.032,0.005816,0.005816,0.005816,0.005816,0.005816,0.005816,0.005816,0.560635,0.09,0.032,0.005816,0.005816,0.005816,0.005816,0.005816,0.005816,0.005816,0.005816
00:30,0,30,0.81,0,0,0.015,0.015,0.09,0.032,0.09,0.032,0.09,0.032,1,0,0,0.00579,0.00579,0.551697,0.09,0.032,0,0.00579,0.00579,0.00579,0.00579,0.00579,0.00579,1,0,0.0439,0.551697,0.551697,0.09,0.032,0.00579,0.00579,0.00579,0.00579,0.00579,0.00579,0.00579,0.551697,0.09,0.032,0.00579,0.00579,0.00579,0.00579,0.00579,0.00579,0.00579,0.00579
00:45,0,45,0.81,0,0,0.015,0.015,0.08,0.032,0.08,0.032,0.08,0.032,1,0,0,0.005698,0.005698,0.557666,0.08,0.032,0,0.005698,0.005698,0.005698,0.005698,0.005698,0.005698,1,0,0.0277,0.557666,0.557666,0.08,0.032,0.005698,0.005698,0.005698,0.005698,0.005698,0.005698,0.005698,0.557666,0.08,0.032,0.005698,0.005698,0.005698,0.005698,0.005698,0.005698,0.005698,0.005698
01:00,1,0,0.81,0,0,0.015,0.015,0.08,0.032,0.08,0.032,0.08,0.032,1,0,0,0.005687,0.005687,0.545777,0.08,0.032,0,0.005687,0.005687,0.005687,0.005687,0.005687,0.005687,1,0,0.0169,0.545777,0.545777,0.08,0.032,0.005687,0.005687,0.005687,0.005687,0.005687,0.005687,0.005687,0.545777,0.08,0.032,0.005687,0.005687,0.005687,0.005687,0.005687,0.005687,0.005687,0.005687
01:15,1,15,0.8,0,0,0.008,0.008,0.08,0.032,0.08,0.032,0.08,0.032,1,0,0,0.005601,0.005601,0.539716,0.08,0.032,0,0.005601,0.005601,0.005601,0.005601,0.005601,0.005601,1,0,0.01,0.539716,0.539716,0.08,0.032,0.005601,0.005601,0.005601,0.005601,0.005601,0.005601,0.005601,0.539716,0.08,0.032,0.005601,0.005601,0.005601,0.005601,0.005601,0.005601,0.005601,0.005601
01:30,1,30,0.8,0,0,0.008,0.008,0.08,0.032,0.08,0.032,0.08,0.032,1,0,0,0.005585,0.005585,0.531385,0.08,0.032,0,0.005585,0.005585,0.005585,0.005585,0.005585,0.005585,1,0,0.0057,0.531385,0.531385,0.08,0.032,0.005585,0.005585,0.005585,0.005585,0.005585,0.005585,0.005585,0.531385,0.08,0.032,0.005585,0.005585,0.005585,0.005585,0.005585,0.005585,0.005585,0.005585
01:45,1,45,0.8,0,0,0.008,0.008,0.08,0.032,0.08,0.032,0.08,0.032,1,0,0,0.005577,0.005577,0.531734,0.08,0.032,0,0.005577,0.005577,0.005577,0.005577,0.005577,0.005577,1,0,0.0032,0.531734,0.531734,0.08,0.032,0.005577,0.005577,0.005577,0.005577,0.005577,0.005577,0.005577,0.531734,0.08,0.032,0.005577,0.005577,0.005577,0.005577,0.005577,0.005577,0.005577,0.005577
02:00,2,0,0.8,0,0,0.008,0.008,0.08,0.032,0.08,0.032,0.08,0.032,1,0,0,0.005569,0.005569,0.527657,0.08,0.032,0,0.005569,0.005569,0.005569,0.005569,0.005569,0.005569,1,0,0.0017,0.527657,0.527657,0.08,0.032,0.005569,0.005569,0.005569,0.005569,0.005569,0.005569,0.005569,0.527657,0.08,0.032,0.005569,0.005569,0.005569,0.005569,0.005569,0.005569,0.005569,0.005569
02:15,2,15,0.75,0,0,0.007,0.007,0.07,0.032,0.07,0.032,0.07,0.032,1,0,0,0.005541,0.005541,0.520463,0.07,0.032,0,0.005541,0.005541,0.005541,0.005541,0.005541,0.005541,1,0,0.0009,0.520463,0.520463,0.07,0.032,0.005541,0.005541,0.005541,0.005541,0.005541,0.005541,0.005541,0.520463,0.07,0.032,0.005541,0.005541,0.005541,0.005541,0.005541,0.005541,0.005541,0.005541
02:30,2,30,0.75,0,0,0.007,0.007,0.07,0.032,0.07,0.032,0.07,0.032,1,0,0,0.005542,0.005542,0.513326,0.07,0.032,0,0.005542,0.005542,0.005542,0.005542,0.005542,0.005542,1,0,0.0005,0.513326,0.513326,0.07,0.032,0.005542,0.005542,0.005542,0.005542,0.005542,0.005542,0.005542,0.513326,0.07,0.032,0.005542,0.005542,0.005542,0.005542,0.005542,0.005542,0.005542,0.005542
02:45,2,45,0.75,0,0,0.007,0.007,0.07,0.032,0.07,0.032,0.07,0.032,1,0,0,0.00554,0.00554,0.512256,0.07,0.032,0,0.00554,0.00554,0.00554,0.00554,0.00554,0.00554,1,0,0.0003,0.512256,0.512256,0.07,0.032,0.00554,0.00554,0.00554,0.00554,0.00554,0.00554,0.00554,0.512256,0.07,0.032,0.00554,0.00554,0.00554,0.00554,0.00554,0.00554,0.00554,0.00554
03:00,3,0,0.75,0,0,0.007,0.007,0.07,0.032,0.07,0.032,0.07,0.032,1,0,0,0.005538,0.005538,0.506739,0.07,0.032,0,0.005538,0.005538,0.005538,0.005538,0.005538,0.005538,1,0,0.0004,0.506739,0.506739,0.07,0.032,0.005538,0.005538,0.005538,0.005538,0.005538,0.005538,0.005538,0.506739,0.07,0.032,0.005538,0.005538,0.005538,0.005538,0.005538,0.005538,0.005538,0.005538
03:15,3,15,0.74,0,0,0.005,0.005,0.07,0.032,0.07,0.032,0.07,0.032,1,0,0,0.005523,0.005523,0.50036,0.07,0.032,0,0.005523,0.005523,0.005523,0.005523,0.005523,0.005523,1,0,0.0008,0.50036,0.50036,0.07,0.032,0.005523,0.005523,0.005523,0.005523,0.005523,0.005523,0.005523,0.50036,0.07,0.032,0.005523,0.005523,0.005523,0.005523,0.005523,0.005523,0.005523,0.005523
03:30,3,30,0.74,0,0,0.005,0.005,0.07,0.032,0.07,0.032,0.07,0.032,1,0,0,0.005525,0.005525,0.493753,0.07,0.032,0,0.005525,0.005525,0.005525,0.005525,0.005525,0.005525,1,0,0.0019,0.493753,0.493753,0.07,0.032,0.005525,0.005525,0.005525,0.005525,0.005525,0.005525,0.005525,0.493753,0.07,0.032,0.005525,0.005525,0.005525,0.005525,0.005525,0.005525,0.005525,0.005525
03:45,3,45,0.74,0,0,0.005,0.005,0.07,0.032,0.07,0.032,0.07,0.032,1,0,0,0.005531,0.005531,0.468728,0.07,0.032,0,0.005531,0.005531,0.005531,0.005531,0.005531,0.005531,1,0,0.0043,0.468728,0.468728,0.07,0.032,0.005531,0.005531,0.005531,0.005531,0.005531,0.005531,0.005531,0.468728,0.07,0.032,0.005531,0.005531,0.005531,0.005531,0.005531,0.005531,0.005531,0.005531
04:00,4,0,0.74,0,0,0.005,0.005,0.07,0.032,0.07,0.032,0.07,0.032,1,0,0,0.005534,0.005534,0.469436,0.07,0.032,0,0.005534,0.005534,0.005534,0.005534,0.005534,0.005534,1,0,0.0094,0.469436,0.469436,0.07,0.032,0.005534,0.005534,0.005534,0.005534,0.005534,0.005534,0.005534,0.469436,0.07,0.032,0.005534,0.005534,0.005534,0.005534,0.005534,0.005534,0.005534,0.005534
04:15,4,15,0.73,0,0,0.005,0.005,0.07,0.032,0.07,0.032,0.07,0.032,1,0,0,0.005573,0.005573,0.461722,0.07,0.032,0,0.005573,0.005573,0.005573,0.005573,0.005573,0.005573,1,0,0.0194,0.461722,0.461722,0.07,0.032,0.005573,0.005573,0.005573,0.005573,0.005573,0.005573,0.005573,0.461722,0.07,0.032,0.005573,0.005573,0.005573,0.005573,0.005573,0.005573,0.005573,0.005573
04:30,4,30,0.73,0,0,0.005,0.005,0.07,0.032,0.07,0.032,0.07,0.032,1,0,0,0.005572,0.005572,0.457407,0.07,0.032,0,0.005572,0.005572,0.005572,0.005572,0.005572,0.005572,1,0,0.0373,0.457407,0.457407,0.07,0.032,0.005572,0.005572,0.005572,0.005572,0.005572,0.005572,0.005572,0.457407,0.07,0.032,0.005572,0.005572,0.005572,0.005572,0.005572,0.005572,0.005572,0.005572
04:45,4,45,0.73,0,0,0.005,0.005,0.07,0.032,0.07,0.032,0.07,0.032,1,0,0,0.005585,0.005585,0.441748,0.07,0.032,0,0.005585,0.005585,0.005585,0.005585,0.005585,0.005585,1,0,0.0676,0.441748,0.441748,0.07,0.032,0.005585,0.005585,0.005585,0.005585,0.005585,0.005585,0.005585,0.441748,0.07,0.032,0.005585,0.005585,0.005585,0.005585,0.005585,0.005585,0.005585,0.005585
05:00,5,0,0.73,0,0,0.005,0.005,0.07,0.032,0.07,0.032,0.07,0.032,1,0,0,0.005589,0.005589,0.442128,0.07,0.032,0,0.005589,0.005589,0.005589,0.005589,0.005589,0.005589,1,0,0.115,0.442128,0.442128,0.07,0.032,0.005589,0.005589,0.005589,0.005589,0.005589,0.005589,0.005589,0.442128,0.07,0.032,0.005589,0.005589,0.005589,0.005589,0.005589,0.005589,0.005589,0.005589
05:15,5,15,0.73,0,0,0.006,0.006,0.09,0.032,0.09,0.032,0.09,0.032,1,0,0,0.005685,0.005685,0.437743,0.09,0.032,0,0.005685,0.005685,0.005685,0.005685,0.005685,0.005685,1,0,0.1838,0.437743,0.437743,0.09,0.032,0.005685,0.005685,0.005685,0.005685,0.005685,0.005685,0.005685,0.437743,0.09,0.032,0.005685,0.005685,0.005685,0.005685,0.005685,0.005685,0.005685,0.005685
05:30,5,30,0.73,0,0,0.006,0.006,0.09,0.032,0.09,0.032,0.09,0.032,1,0,0,0.005684,0.005684,0.435026,0.09,0.032,0,0.005684,0.005684,0.005684,0.005684,0.005684,0.005684,1,0,0.276,0.435026,0.435026,0.09,0.032,0.005684,0.005684,0.005684,0.005684,0.005684,0.005684,0.005684,0.435026,0.09,0.032,0.005684,0.005684,0.005684,0.005684,0.005684,0.005684,0.005684,0.005684
05:45,5,45,0.73,0,0,0.006,0.006,0.1,0.032,0.1,0.032,0.1,0.032,1,0,0,0.00579,0.00579,0.41856,0.1,0.032,0,0.00579,0.00579,0.00579,0.00579,0.00579,0.00579,1,0,0.3892,0.41856,0.41856,0.1,0.032,0.00579,0.00579,0.00579,0.00579,0.00579,0.00579,0.00579,0.41856,0.1,0.032,0.00579,0.00579,0.00579,0.00579,0.00579,0.00579,0.00579,0.00579
06:00,6,0,0.73,0,0,0.006,0.006,0.1,0.3,0.1,0.3,0.1,0.3,1,0,0,0.005796,0.005796,0.425205,0.1,0.3,0,0.005796,0.005796,0.005796,0.005796,0.005796,0.005796,1,0,0.5156,0.425205,0.425205,0.1,0.3,0.005796,0.005796,0.005796,0.005796,0.005796,0.005796,0.005796,0.425205,0.1,0.3,0.005796,0.005796,0.005796,0.005796,0.005796,0.005796,0.005796,0.005796
06:15,6,15,0.75,0,0,0.009,0.009,0.21,0.3,0.21,0.3,0.21,0.3,1,0,0,0.006303,0.006303,0.424846,0.21,0.3,0,0.006303,0.006303,0.006303,0.006303,0.006303,0.006303,1,0.6416,0.6416,0.424846,0.424846,0.21,0.3,0.006303,0.006303,0.006303,0.006303,0.006303,0.006303,0.006303,0.424846,0.21,0.3,0.006303,0.006303,0.006303,0.006303,0.006303,0.006303,0.006303,0.006303
06:30,6,30,0.75,0,0,0.009,0.009,0.22,0.6,0.22,0.6,0.22,0.6,1,0,0,0.006311,0.006311,0.429565,0.22,0.3,0,0.006311,0.006311,0.006311,0.006311,0.006311,0.006311,1,0.7501,0.7501,0.429565,0.429565,0.22,0.3,0.006311,0.006311,0.006311,0.006311,0.006311,0.006311,0.006311,0.429565,0.22,0.3,0.006311,0.006311,0.006311,0.006311,0.006311,0.006311,0.006311,0.006311
06:45,6,45,0.75,0,0,0.009,0.009,0.26,0.6,0.26,0.6,0.26,0.6,1,0,0,0.006502,0.006502,0.426616,0.26,0.3,0,0.006502,0.006502,0.006502,0.006502,0.006502,0.006502,1,0.8238,0.8238,0.426616,0.426616,0.26,0.3,0.006502,0.006502,0.006502,0.006502,0.006502,0.006502,0.006502,0.426616,0.26,0.3,0.006502,0.006502,0.006502,0.006502,0.006502,0.006502,0.006502,0.006502
07:00,7,0,0.75,0,0,0.009,0.009,0.24,0.6,0.24,0.6,0.24,0.6,1,0,0,0.006446,0.006446,0.444739,0.24,0.3,0.3,0.006446,0.006446,0.006446,0.006446,0.006446,0.006446,1,0.85,0.85,0.444739,0.444739,0.24,0.3,0.006446,0.006446,0.006446,0.006446,0.006446,0.006446,0.006446,0.444739,0.24,0.3,0.006446,0.006446,0.006446,0.006446,0.006446,0.006446,0.006446,0.006446
07:15,7,15,0.81,0,0,0.011,0.011,0.34,0.6,0.34,0.6,0.34,0.6,1,0,0,0.00716,0.00716,0.46037,0.34,0.3,0.3,0.00716,0.00716,0.00716,0.00716,0.00716,0.00716,1,0.8238,0.8238,0.46037,0.46037,0.34,0.3,0.00716,0.00716,0.00716,0.00716,0.00716,0.00716,0.00716,0.46037,0.34,0.3,0.00716,0.00716,0.00716,0.00716,0.00716,0.00716,0.00716,0.00716
07:30,7,30,0.81,0,0,0.011,0.011,0.33,0.6,0.33,0.6,0.33,0.6,1,0,0,0.007085,0.007085,0.480348,0.33,0.3,0,0.007085,0.007085,0.007085,0.007085,0.007085,0.007085,1,0.7501,0.7501,0.480348,0.480348,0.33,0.3,0.007085,0.007085,0.007085,0.007085,0.007085,0.007085,0.007085,0.480348,0.33,0.3,0.007085,0.007085,0.007085,0.007085,0.007085,0.007085,0.007085,0.007085
07:45,7,45,0.81,0,0,0.011,0.011,0.33,0.6,0.33,0.6,0.33,0.6,1,0,0,0.007092,0.007092,0.487139,0.33,0.3,0,0.007092,0.007092,0.007092,0.007092,0.007092,0.007092,1,0.6416,0.6416,0.487139,0.487139,0.33,0.3,0.007092,0.007092,0.007092,0.007092,0.007092,0.007092,0.007092,0.487139,0.33,0,0.007092,0.007092,0.007092,0.007092,0.007092,0.007092,0.007092,0.007092
08:00,8,0,0.81,0,0,0.011,0.011,0.32,0,0.32,0,0.32,0,1,0,0,0.007026,0.007026,0.51904,0.32,0,0,0.007026,0.007026,0.007026,0.007026,0.007026,0.007026,1,0,0,0.51904,0.51904,0.32,0,0.007026,0.007026,0.007026,0.007026,0.007026,0.007026,0.007026,0.51904,0.32,0,0.007026,0.007026,0.007026,0.007026,0.007026,0.007026,0.007026,0.007026
08:15,8,15,0.82,0,0,0.011,0.011,0.36,0,0.36,0,0.36,0,1,0,0,0.00721,0.00721,0.542785,0.36,0,0,0.00721,0.00721,0.00721,0.00721,0.00721,0.00721,1,0,0,0.542785,0.542785,0.36,0,0.00721,0.00721,0.00721,0.00721,0.00721,0.00721,0.00721,0.542785,0.36,0,0.00721,0.00721,0.00721,0.00721,0.00721,0.00721,0.00721,0.00721
08:30,8,30,0.82,0,0,0.011,0.011,0.34,0,0.34,0,0.34,0,1,0,0,0.007166,0.007166,0.570059,0.34,0,0,0.007166,0.007166,0.007166,0.007166,0.007166,0.007166,1,0,0,0.570059,0.570059,0.34,0,0.007166,0.007166,0.007166,0.007166,0.007166,0.007166,0.007166,0.570059,0.34,0,0.007166,0.007166,0.007166,0.007166,0.007166,0.007166,0.007166,0.007166
08:45,8,45,0.82,0,0,0.011,0.011,0.33,0,0.33,0,0.33,0,1,0,0,0.007125,0.007125,0.581556,0.33,0,0,0.007125,0.007125,0.007125,0.007125,0.007125,0.007125,1,0,0,0.581556,0.581556,0.33,0,0.007125,0.007125,0.007125,0.007125,0.007125,0.007125,0.007125,0.581556,0.33,0,0.007125,0.007125,0.007125,0.007125,0.007125,0.007125,0.007125,0.007125
09:00,9,0,0.82,0,0,0.011,0.011,0.32,0,0,0,0.32,0,1,0,0,0.007064,0.007064,0,0.32,0,0,0.007064,0.007064,0.007064,0.007064,0.007064,0.007064,1,0,0,0,0,0.32,0,0.007064,0.007064,0.007064,0.007064,0.007064,0.007064,0.007064,0,0.32,0,0.007064,0.007064,0.007064,0.007064,0.007064,0.007064,0.007064,0.007064
09:15,9,15,0.82,0,0,0.011,0.011,0.33,0,0,0,0.33,0,1,0,0,0.007082,0.007082,0,0.33,0,0,0.007082,0.007082,0.007082,0.007082,0.007082,0.007082,1,0,0,0,0,0.33,0,0.007082,0.007082,0.007082,0.007082,0.007082,0.007082,0.007082,0,0.33,0,0.007082,0.007082,0.007082,0.007082,0.007082,0.007082,0.007082,0.007082
09:30,9,30,0.82,0,0,0.011,0.011,0.33,0,0,0,0.33,0,1,0,0,0.00706,0.00706,0,0.33,0,0,0.00706,0.00706,0.00706,0.00706,0.00706,0.00706,1,0,0,0,0,0.33,0,0.00706,0.00706,0.00706,0.00706,0.00706,0.00706,0.00706,0,0.33,0,0.00706,0.00706,0.00706,0.00706,0.00706,0.00706,0.00706,0.00706
09:45,9,45,0.82,0,0,0.011,0.011,0.32,0,0,0,0.32,0,1,0,0,0.007039,0.007039,0,0.32,0,0,0.007039,0.007039,0.007039,0.007039,0.007039,0.007039,1,0,0,0,0,0.32,0,0.007039,0.007039,0.007039,0.007039,0.007039,0.007039,0.007039,0,0.32,0,0.007039,0.007039,0.007039,0.007039,0.007039,0.007039,0.007039,0.007039
10:00,10,0,0.82,0,0,0.011,0.011,0.32,0,0,0,0.32,0,1,0,0,0.007033,0.007033,0,0.32,0,0,0.007033,0.007033,0.007033,0.007033,0.007033,0.007033,1,0,0,0,0,0.32,0,0.007033,0.007033,0.007033,0.007033,0.007033,0.007033,0.007033,0,0.32,0,0.007033,0.007033,0.007033,0.007033,0.007033,0.007033,0.007033,0.007033
10:15,10,15,0.81,0,0,0.011,0.011,0.32,0,0,0,0.32,0,1,0,0,0.007101,0.007101,0,0.32,0,0,0.007101,0.007101,0.007101,0.007101,0.007101,0.007101,1,0,0,0,0,0.32,0,0.007101,0.007101,0.007101,0.007101,0.007101,0.007101,0.007101,0,0.32,0,0.007101,0.007101,0.007101,0.007101,0.007101,0.007101,0.007101,0.007101
10:30,10,30,0.81,0,0,0.011,0.011,0.31,0,0,0,0.31,0,1,0,0,0.007092,0.007092,0,0.31,0,0,0.007092,0.007092,0.007092,0.007092,0.007092,0.007092,1,0,0,0,0,0.31,0,0.007092,0.007092,0.007092,0.007092,0.007092,0.007092,0.007092,0,0.31,0,0.007092,0.007092,0.007092,0.007092,0.007092,0.007092,0.007092,0.007092
10:45,10,45,0.81,0,0,0.011,0.011,0.3,0,0,0,0.3,0,1,0,0,0.00706,0.00706,0,0.3,0,0,0.00706,0.00706,0.00706,0.00706,0.00706,0.00706,1,0,0,0,0,0.3,0,0.00706,0.00706,0.00706,0.00706,0.00706,0.00706,0.00706,0,0.3,0,0.00706,0.00706,0.00706,0.00706,0.00706,0.00706,0.00706,0.00706
11:00,11,0,0.81,0,0,0.011,0.011,0.29,0,0,0,0.29,0,1,0,0,0.007027,0.007027,0,0.29,0,0,0.007027,0.007027,0.007027,0.007027,0.007027,0.007027,1,0,0,0,0,0.29,0,0.007027,0.007027,0.007027,0.007027,0.007027,0.007027,0.007027,0,0.29,0,0.007027,0.007027,0.007027,0.007027,0.007027,0.007027,0.007027,0.007027
11:15,11,15,0.81,0,0,0.011,0.011,0.28,0,0,0,0.28,0,1,0,0,0.007115,0.007115,0,0.28,0,0,0.007115,0.007115,0.007115,0.007115,0.007115,0.007115,1,0,0,0,0,0.28,0,0.007115,0.007115,0.007115,0.007115,0.007115,0.007115,0.007115,0,0.28,0,0.007115,0.007115,0.007115,0.007115,0.007115,0.007115,0.007115,0.007115
11:30,11,30,0.81,0,0,0.011,0.011,0.28,0,0,0,0.28,0,1,0,0,0.00709,0.00709,0,0.28,0,0,0.00709,0.00709,0.00709,0.00709,0.00709,0.00709,1,0,0,0,0,0.28,0,0.00709,0.00709,0.00709,0.00709,0.00709,0.00709,0.00709,0,0.28,0,0.00709,0.00709,0.00709,0.00709,0.00709,0.00709,0.00709,0.00709
11:45,11,45,0.81,0,0,0.011,0.011,0.28,0,0,0,0.28,0,1,0,0,0.007114,0.007114,0,0.28,0,0,0.007114,0.007114,0.007114,0.007114,0.007114,0.007114,1,0,0,0,0,0.28,0,0.007114,0.007114,0.007114,0.007114,0.007114,0.007114,0.007114,0,0.28,0,0.007114,0.007114,0.007114,0.007114,0.007114,0.007114,0.007114,0.007114
12:00,12,0,0.81,0,0,0.011,0.011,0.28,0,0,0,0.28,0,1,0,0,0.00711,0.00711,0,0.28,0,0,0.00711,0.00711,0.00711,0.00711,0.00711,0.00711,1,0,0,0,0,0.28,0,0.00711,0.00711,0.00711,0.00711,0.00711,0.00711,0.00711,0,0.28,0,0.00711,0.00711,0.00711,0.00711,0.00711,0.00711,0.00711,0.00711
12:15,12,15,0.84,0,0,0.011,0.011,0.27,0,0,0,0.27,0,1,0,0,0.007133,0.007133,0,0.27,0,0,0.007133,0.007133,0.007133,0.007133,0.007133,0.007133,1,0,0,0,0,0.27,0,0.007133,0.007133,0.007133,0.007133,0.007133,0.007133,0.007133,0,0.27,0,0.007133,0.007133,0.007133,0.007133,0.007133,0.007133,0.007133,0.007133
12:30,12,30,0.84,0,0,0.011,0.011,0.28,0,0,0,0.28,0,1,0,0,0.007157,0.007157,0,0.28,0,0,0.007157,0.007157,0.007157,0.007157,0.007157,0.007157,1,0,0,0,0,0.28,0,0.007157,0.007157,0.007157,0.007157,0.007157,0.007157,0.007157,0,0.28,0,0.007157,0.007157,0.007157,0.007157,0.007157,0.007157,0.007157,0.007157
12:45,12,45,0.84,0,0,0.011,0.011,0.27,0,0,0,0.27,0,1,0,0,0.007123,0.007123,0,0.27,0,0,0.007123,0.007123,0.007123,0.007123,0.007123,0.007123,1,0,0,0,0,0.27,0,0.007123,0.007123,0.007123,0.007123,0.007123,0.007123,0.007123,0,0.27,0,0.007123,0.007123,0.007123,0.007123,0.007123,0.007123,0.007123,0.007123
13:00,13,0,0.84,0,0,0.011,0.011,0.27,0,0,0,0.27,0,1,0,0,0.007094,0.007094,0,0.27,0,0,0.007094,0.007094,0.007094,0.007094,0.007094,0.007094,1,0,0,0,0,0.27,0,0.007094,0.007094,0.007094,0.007094,0.007094,0.007094,0.007094,0,0.27,0,0.007094,0.007094,0.007094,0.007094,0.007094,0.007094,0.007094,0.007094
13:15,13,15,0.84,0,0,0.011,0.011,0.26,0,0,0,0.26,0,1,0,0,0.007059,0.007059,0,0.26,0,0,0.007059,0.007059,0.007059,0.007059,0.007059,0.007059,1,0,0,0,0,0.26,0,0.007059,0.007059,0.007059,0.007059,0.007059,0.007059,0.007059,0,0.26,0,0.007059,0.007059,0.007059,0.007059,0.007059,0.007059,0.007059,0.007059
13:30,13,30,0.84,0,0,0.011,0.011,0.27,0,0,0,0.27,0,1,0,0,0.007061,0.007061,0,0.27,0,0,0.007061,0.007061,0.007061,0.007061,0.007061,0.007061,1,0,0,0,0,0.27,0,0.007061,0.007061,0.007061,0.007061,0.007061,0.007061,0.007061,0,0.27,0,0.007061,0.007061,0.007061,0.007061,0.007061,0.007061,0.007061,0.007061
13:45,13,45,0.84,0,0,0.011,0.011,0.27,0,0,0,0.27,0,1,0,0,0.007076,0.007076,0,0.27,0,0,0.007076,0.007076,0.007076,0.007076,0.007076,0.007076,1,0,0,0,0,0.27,0,0.007076,0.007076,0.007076,0.007076,0.007076,0.007076,0.007076,0,0.27,0,0.007076,0.007076,0.007076,0.007076,0.007076,0.007076,0.007076,0.007076
14:00,14,0,0.84,0,0,0.011,0.011,0.27,0,0,0,0.27,0,1,0,0,0.007087,0.007087,0,0.27,0,0,0.007087,0.007087,0.007087,0.007087,0.007087,0.007087,1,0,0,0,0,0.27,0,0.007087,0.007087,0.007087,0.007087,0.007087,0.007087,0.007087,0,0.27,0,0.007087,0.007087,0.007087,0.007087,0.007087,0.007087,0.007087,0.007087
14:15,14,15,0.84,0,0,0.011,0.011,0.27,0,0,0,0.27,0,1,0,0,0.007033,0.007033,0,0.27,0,0,0.007033,0.007033,0.007033,0.007033,0.007033,0.007033,1,0,0,0,0,0.27,0,0.007033,0.007033,0.007033,0.007033,0.007033,0.007033,0.007033,0,0.27,0,0.007033,0.007033,0.007033,0.007033,0.007033,0.007033,0.007033,0.007033
14:30,14,30,0.84,0,0,0.011,0.011,0.27,0,0,0,0.27,0,1,0,0,0.007028,0.007028,0,0.27,0,0,0.007028,0.007028,0.007028,0.007028,0.007028,0.007028,1,0,0,0,0,0.27,0,0.007028,0.007028,0.007028,0.007028,0.007028,0.007028,0.007028,0,0.27,0,0.007028,0.007028,0.007028,0.007028,0.007028,0.007028,0.007028,0.007028
14:45,14,45,0.84,0,0,0.011,0.011,0.27,0,0,0,0.27,0,1,0,0,0.007015,0.007015,0,0.27,0,0,0.007015,0.007015,0.007015,0.007015,0.007015,0.007015,1,0,0,0,0,0.27,0,0.007015,0.007015,0.007015,0.007015,0.007015,0.007015,0.007015,0,0.27,0,0.007015,0.007015,0.007015,0.007015,0.007015,0.007015,0.007015,0.007015
15:00,15,0,0.84,0,0,0.011,0.011,0.27,0,0,0,0.27,0,1,0,0,0.007018,0.007018,0,0.27,0,0,0.007018,0.007018,0.007018,0.007018,0.007018,0.007018,1,0,0,0,0,0.27,0,0.007018,0.007018,0.007018,0.007018,0.007018,0.007018,0.007018,0,0.27,0,0.007018,0.007018,0.007018,0.007018,0.007018,0.007018,0.007018,0.007018
15:15,15,15,0.82,0,0,0.011,0.011,0.28,0,0,0,0.28,0,1,0,0,0.007219,0.007219,0,0.28,0,0,0.007219,0.007219,0.007219,0.007219,0.007219,0.007219,1,0,0,0,0,0.28,0,0.007219,0.007219,0.007219,0.007219,0.007219,0.007219,0.007219,0,0.28,0,0.007219,0.007219,0.007219,0.007219,0.007219,0.007219,0.007219,0.007219
15:30,15,30,0.82,0,0,0.011,0.011,0.3,0,0,0,0.3,0,1,0,0,0.007279,0.007279,0,0.3,0,0,0.007279,0.007279,0.007279,0.007279,0.007279,0.007279,1,0,0,0,0,0.3,0,0.007279,0.007279,0.007279,0.007279,0.007279,0.007279,0.007279,0,0.3,0,0.007279,0.007279,0.007279,0.007279,0.007279,0.007279,0.007279,0.007279
15:45,15,45,0.82,0,0,0.011,0.011,0.3,0,0,0,0.3,0,1,0,0,0.007334,0.007334,0,0.3,0,0,0.007334,0.007334,0.007334,0.007334,0.007334,0.007334,1,0,0,0,0,0.3,0,0.007334,0.007334,0.007334,0.007334,0.007334,0.007334,0.007334,0,0.3,0,0.007334,0.007334,0.007334,0.007334,0.007334,0.007334,0.007334,0.007334
16:00,16,0,0.82,0,0,0.011,0.011,0.3,0,0,0,0.3,0,1,0,0,0.007416,0.007416,0,0.3,0,0,0.007416,0.007416,0.007416,0.007416,0.007416,0.007416,1,0,0,0,0,0.3,0,0.007416,0.007416,0.007416,0.007416,0.007416,0.007416,0.007416,0,0.3,0,0.007416,0.007416,0.007416,0.007416,0.007416,0.007416,0.007416,0.007416
16:15,16,15,0.89,0,0,0.015,0.015,0.35,0,0,0,0.35,0,1,0,0,0.007756,0.007756,0,0.35,0,0,0.007756,0.007756,0.007756,0.007756,0.007756,0.007756,1,0,0,0,0,0.35,0,0.007756,0.007756,0.007756,0.007756,0.007756,0.007756,0.007756,0,0.35,0,0.007756,0.007756,0.007756,0.007756,0.007756,0.007756,0.007756,0.007756
16:30,16,30,0.89,0,0,0.015,0.015,0.36,0,0,0,0.36,0,1,0,0,0.007849,0.007849,0,0.36,0,0,0.007849,0.007849,0.007849,0.007849,0.007849,0.007849,1,0,0,0,0,0.36,0,0.007849,0.007849,0.007849,0.007849,0.007849,0.007849,0.007849,0,0.36,0,0.007849,0.007849,0.007849,0.007849,0.007849,0.007849,0.007849,0.007849
16:45,16,45,0.89,0,0,0.015,0.015,0.36,0,0,0,0.36,0,1,0,0,0.007914,0.007914,0,0.36,0,0,0.007914,0.007914,0.007914,0.007914,0.007914,0.007914,1,0,0,0,0,0.36,0,0.007914,0.007914,0.007914,0.007914,0.007914,0.007914,0.007914,0,0.36,0,0.007914,0.007914,0.007914,0.007914,0.007914,0.007914,0.007914,0.007914
17:00,17,0,0.89,0,0,0.015,0.015,0.37,0,0,0,0.37,0,1,0,0,0.008007,0.008007,0,0.37,0,0,0.008007,0.008007,0.008007,0.008007,0.008007,0.008007,1,0,0,0,0,0.37,0,0.008007,0.008007,0.008007,0.008007,0.008007,0.008007,0.008007,0,0.37,1,0.008007,0.008007,0.008007,0.008007,0.008007,0.008007,0.008007,0.008007
17:15,17,15,0.97,0,0,0.02,0.02,0.48,1,0,1,0.48,1,1,0,0,0.008589,0.008589,0,0.48,1,0,0.008589,0.008589,0.008589,0.008589,0.008589,0.008589,1,0.0277,0.0277,0,0,0.48,1,0.008589,0.008589,0.008589,0.008589,0.008589,0.008589,0.008589,0,0.48,1,0.008589,0.008589,0.008589,0.008589,0.008589,0.008589,0.008589,0.008589
17:30,17,30,0.97,0,0,0.02,0.02,0.5,1,0,1,0.5,1,1,0,0,0.008787,0.008787,0,0.5,1,0,0.008787,0.008787,0.008787,0.008787,0.008787,0.008787,1,0.0439,0.0439,0,0,0.5,1,0.008787,0.008787,0.008787,0.008787,0.008787,0.008787,0.008787,0,0.5,1,0.008787,0.008787,0.008787,0.008787,0.008787,0.008787,0.008787,0.008787
17:45,17,45,0.97,0,0,0.02,0.02,0.52,1,0,1,0.52,1,1,0,0,0.008939,0.008939,0,0.52,1,0,0.008939,0.008939,0.008939,0.008939,0.008939,0.008939,1,0.0676,0.0676,0,0,0.52,1,0.008939,0.008939,0.008939,0.008939,0.008939,0.008939,0.008939,0,0.52,1,0.008939,0.008939,0.008939,0.008939,0.008939,0.008939,0.008939,0.008939
18:00,18,0,0.97,0,0,0.02,0.02,0.54,1,0,1,0.54,1,1,0,0,0.009037,0.009037,0,0.54,1,0,0.009037,0.009037,0.009037,0.009037,0.009037,0.009037,1,0.1007,0.1007,0,0,0.54,1,0.009037,0.009037,0.009037,0.009037,0.009037,0.009037,0.009037,0,0.54,1,0.009037,0.009037,0.009037,0.009037,0.009037,0.009037,0.009037,0.009037
18:15,18,15,1,0,0,0.023,0.023,0.71,1,0.71,1,0.71,1,1,0,0,0.009228,0.009228,0.92327,0.71,1,0,0.009228,0.009228,0.009228,0.009228,0.009228,0.009228,1,0.1453,0.1453,0.92327,0,0.71,1,0.009228,0.009228,0.009228,0.009228,0.009228,0.009228,0.009228,0,0.71,1,0.009228,0.009228,0.009228,0.009228,0.009228,0.009228,0.009228,0.009228
18:30,18,30,1,0.29,0,0.023,0.023,0.73,1,0.73,1,0.73,1,1,0,0,0.009364,0.009364,0.895965,0.73,1,0,0.009364,0.009364,0.009364,0.009364,0.009364,0.009364,1,0.203,0.203,0.895965,0,0.73,1,0.009364,0.009364,0.009364,0.009364,0.009364,0.009364,0.009364,0,0.73,1,0.009364,0.009364,0.009364,0.009364,0.009364,0.009364,0.009364,0.009364
18:45,18,45,1,0.69,0,0.023,0.023,0.76,1,0.76,1,0.76,1,1,0,0,0.009527,0.009527,0.881087,0.76,1,0,0.009527,0.009527,0.009527,0.009527,0.009527,0.009527,1,0.2749,0.2749,0.881087,0,0.76,1,0.009527,0.009527,0.009527,0.009527,0.009527,0.009527,0.009527,0,0.76,1,0.009527,0.009527,0.009527,0.009527,0.009527,0.009527,0.009527,0.009527
19:00,19,0,1,0.93,0,0.023,0.023,0.78,1,0.78,1,0.78,1,1,0,0,0.009665,0.009665,0.852058,0.78,1,0.5,0.009665,0.009665,0.009665,0.009665,0.009665,0.009665,1,0.3604,0.3604,0.852058,0,0.78,1,0.009665,0.009665,0.009665,0.009665,0.009665,0.009665,0.009665,0,0.78,1,0.009665,0.009665,0.009665,0.009665,0.009665,0.009665,0.009665,0.009665
19:15,19,15,0.97,1,0,0.026,0.026,0.95,1,0.95,1,0.95,1,1,0,0,0.009249,0.009249,0.823212,0.95,1,0.3,0.009249,0.009249,0.009249,0.009249,0.009249,0.009249,1,0.4578,0.4578,0.823212,0,0.95,1,0.009249,0.009249,0.009249,0.009249,0.009249,0.009249,0.009249,0,0.95,1,0.009249,0.009249,0.009249,0.009249,0.009249,0.009249,0.009249,0.009249
19:30,19,30,0.97,0.79,0,0.026,0.026,0.97,1,0.97,1,0.97,1,1,0,0,0.009332,0.009332,0.792897,0.97,1,0.2,0.009332,0.009332,0.009332,0.009332,0.009332,0.009332,1,0.5633,0.5633,0.792897,0,0.97,1,0.009332,0.009332,0.009332,0.009332,0.009332,0.009332,0.009332,0,0.97,1,0.009332,0.009332,0.009332,0.009332,0.009332,0.009332,0.009332,0.009332
19:45,19,45,0.97,0.59,0,0.026,0.026,0.99,1,0.99,1,0.99,1,1,0,0,0.009371,0.009371,0.787081,0.99,1,0,0.009371,0.009371,0.009371,0.009371,0.009371,0.009371,1,0.6713,0.6713,0.787081,0,0.99,1,0.009371,0.009371,0.009371,0.009371,0.009371,0.009371,0.009371,0,0.99,1,0.009371,0.009371,0.009371,0.009371,0.009371,0.009371,0.009371,0.009371
20:00,20,0,0.97,0.39,0,0.026,0.026,1,1,1,1,1,1,1,0,0,0.009425,0.009425,0.763108,1,1,0,0.009425,0.009425,0.009425,0.009425,0.009425,0.009425,1,0.7748,0.7748,0.763108,0,1,1,0.009425,0.009425,0.009425,0.009425,0.009425,0.009425,0.009425,0,1,1,0.009425,0.009425,0.009425,0.009425,0.009425,0.009425,0.009425,0.009425
20:15,20,15,0.97,0.26,0,0.028,0.028,0.97,1,0.97,1,0.97,1,1,0,0.63,0.008894,0.008894,0.744003,0.97,1,0,0.008894,0.008894,0.008894,0.008894,0.008894,0.008894,1,0.8663,0.8663,0.744003,0,0.97,1,0.008894,0.008894,0.008894,0.008894,0.008894,0.008894,0.008894,0,0.97,1,0.008894,0.008894,0.008894,0.008894,0.008894,0.008894,0.008894,0.008894
20:30,20,30,0.97,0.39,0.63,0.028,0.028,0.99,1,0.99,1,0.99,1,1,0,0,0.008904,0.008904,0.724368,0.99,1,0,0.008904,0.008904,0.008904,0.008904,0.008904,0.008904,1,0.9382,0.9382,0.724368,0,0.99,1,0.008904,0.008904,0.008904,0.008904,0.008904,0.008904,0.008904,0,0.99,1,0.008904,0.008904,0.008904,0.008904,0.008904,0.008904,0.008904,0.008904
20:45,20,45,0.97,0.26,1,0.028,0.028,0.99,1,0.99,1,0.99,1,1,0,0,0.008887,0.008887,0.724532,0.99,1,0,0.008887,0.008887,0.008887,0.008887,0.008887,0.008887,1,0.9842,0.9842,0.724532,0,0.99,1,0.008887,0.008887,0.008887,0.008887,0.008887,0.008887,0.008887,0,0.99,1,0.008887,0.008887,0.008887,0.008887,0.008887,0.008887,0.008887,0.008887
21:00,21,0,0.97,0.34,0.97,0.028,0.028,0.99,1,0.99,1,0.99,1,1,0,0,0.008914,0.008914,0.70832,0.99,1,0,0.008914,0.008914,0.008914,0.008914,0.008914,0.008914,1,1,1,0.70832,0,0.99,1,0.008914,0.008914,0.008914,0.008914,0.008914,0.008914,0.008914,0,0.99,1,0.008914,0.008914,0.008914,0.008914,0.008914,0.008914,0.008914,0.008914
21:15,21,15,0.93,0.41,0.8,0.03,0.03,0.75,1,0.75,1,0.75,1,1,0,0,0.0084,0.0084,0,0.75,1,0,0.0084,0.0084,0.0084,0.0084,0.0084,0.0084,1,0.9842,0.9842,0.693207,0,0.75,1,0.0084,0.0084,0.0084,0.0084,0.0084,0.0084,0.0084,0,0.75,1,0.0084,0.0084,0.0084,0.0084,0.0084,0.0084,0.0084,0.0084
21:30,21,30,0.93,0.1,0.63,0.03,0.03,0.74,1,0.74,1,0.74,1,1,0.92,0,0.008355,0.008355,0,0.74,1,0,0.008355,0.008355,0.008355,0.008355,0.008355,0.008355,1,0.9382,0.9382,0.677013,0,0.74,1,0.008355,0.008355,0.008355,0.008355,0.008355,0.008355,0.008355,0,0.74,1,0.008355,0.008355,0.008355,0.008355,0.008355,0.008355,0.008355,0.008355
21:45,21,45,0.93,0,1,0.03,0.03,0.7,1,0.7,1,0.7,1,1,0.91,0,0.008181,0.008181,0,0.7,1,0,0.008181,0.008181,0.008181,0.008181,0.008181,0.008181,1,0.8663,0.8663,0.672059,0,0.7,1,0.008181,0.008181,0.008181,0.008181,0.008181,0.008181,0.008181,0,0.7,1,0.008181,0.008181,0.008181,0.008181,0.008181,0.008181,0.008181,0.008181
22:00,22,0,0.93,0,0.97,0.03,0.03,0.67,0.6,0.67,0.6,0.67,0.6,1,0.92,0,0.008069,0.008069,0,0.67,0.6,0,0.008069,0.008069,0.008069,0.008069,0.008069,0.008069,1,0.7748,0.7748,0.654775,0,0.67,0.6,0.008069,0.008069,0.008069,0.008069,0.008069,0.008069,0.008069,0,0.67,0.6,0.008069,0.008069,0.008069,0.008069,0.008069,0.008069,0.008069,0.008069
22:15,22,15,0.89,0,0.8,0.026,0.026,0.37,0.6,0.37,0.6,0.37,0.6,1,0.85,0,0.007064,0.007064,0,0.37,0.6,0,0.007064,0.007064,0.007064,0.007064,0.007064,0.007064,1,0.6713,0.6713,0.640912,0,0.37,0.6,0.007064,0.007064,0.007064,0.007064,0.007064,0.007064,0.007064,0,0.37,0.6,0.007064,0.007064,0.007064,0.007064,0.007064,0.007064,0.007064,0.007064
22:30,22,30,0.89,0,0,0.026,0.026,0.37,0.6,0.37,0.6,0.37,0.6,1,0,0,0.006966,0.006966,0,0.37,0.6,0,0.006966,0.006966,0.006966,0.006966,0.006966,0.006966,1,0.5633,0.5633,0.626975,0.626975,0.37,0.6,0.006966,0.006966,0.006966,0.006966,0.006966,0.006966,0.006966,0,0.37,0.6,0.006966,0.006966,0.006966,0.006966,0.006966,0.006966,0.006966,0.006966
22:45,22,45,0.89,0,0,0.026,0.026,0.31,0.6,0.31,0.6,0.31,0.6,1,0,0,0.006681,0.006681,0,0.31,0.6,0,0.006681,0.006681,0.006681,0.006681,0.006681,0.006681,1,0.4578,0.4578,0.61689,0.61689,0.31,0.6,0.006681,0.006681,0.006681,0.006681,0.006681,0.006681,0.006681,0,0.31,0.6,0.006681,0.006681,0.006681,0.006681,0.006681,0.006681,0.006681,0.006681
23:00,23,0,0.89,0,0,0.026,0.026,0.28,0.3,0.28,0.3,0.28,0.3,1,0,0,0.006553,0.006553,0,0.28,0.3,0,0.006553,0.006553,0.006553,0.006553,0.006553,0.006553,1,0.3604,0.3604,0.603613,0.603613,0.28,0.3,0.006553,0.006553,0.006553,0.006553,0.006553,0.006553,0.006553,0.603613,0.28,0.3,0.006553,0.006553,0.006553,0.006553,0.006553,0.006553,0.006553,0.006553
23:15,23,15,0.82,0,0,0.022,0.022,0.15,0.3,0.15,0.3,0.15,0.3,1,0,0,0.006101,0.006101,0,0.15,0.3,0,0.006101,0.006101,0.006101,0.006101,0.006101,0.006101,1,0.2749,0.2749,0.592562,0.592562,0.15,0.3,0.006101,0.006101,0.006101,0.006101,0.006101,0.006101,0.006101,0.592562,0.15,0.3,0.006101,0.006101,0.006101,0.006101,0.006101,0.006101,0.006101,0.006101
23:30,23,30,0.82,0,0,0.022,0.022,0.15,0.12,0.15,0.12,0.15,0.12,1,0,0,0.006072,0.006072,0,0.15,0.12,0,0.006072,0.006072,0.006072,0.006072,0.006072,0.006072,1,0.203,0.203,0.581792,0.581792,0.15,0.12,0.006072,0.006072,0.006072,0.006072,0.006072,0.006072,0.006072,0.581792,0.15,0.12,0.006072,0.006072,0.006072,0.006072,0.006072,0.006072,0.006072,0.006072
23:45,23,45,0.82,0,0,0.022,0.022,0.13,0.12,0.13,0.12,0.13,0.12,1,0,0,0.005944,0.005944,0,0.13,0.12,0,0.005944,0.005944,0.005944,0.005944,0.005944,0.005944,1,0.1453,0.1453,0.552909,0.552909,0.13,0.12,0.005944,0.005944,0.005944,0.005944,0.005944,0.005944,0.005944,0.552909,0.13,0.12,0.005944,0.005944,0.005944,0.005944,0.005944,0.005944,0.005944,0.005944
