"upgrade(升級方案編號，0 =ROUND()ROUND(1,2) 現況基準，沒有加任何節能改造)",in.ashrae_iecc_climate_zone_2004(氣候區),in.geometry_building_type_recs(建築類型這裡是 single-family attached),timestamp(時間),"models_used(	這個彙整用了幾個模擬模型)",units_represented(這些模型代表幾戶真實住宅，換算每戶平均時要除以它),吊扇out.electricity.ceiling_fan.energy_consumption.kwh,烘衣機out.electricity.clothes_dryer.energy_consumption.kwh,洗衣機out.electricity.clothes_washer.energy_consumption.kwh,冷氣的風扇、泵浦out.electricity.cooling_fans_pumps.energy_consumption.kwh,冷氣out.electricity.cooling.energy_consumption.kwh,洗碗機out.electricity.dishwasher.energy_consumption.kwh,獨立冷凍櫃out.electricity.freezer.energy_consumption.kwh,暖氣的風扇、泵浦out.electricity.heating_fans_pumps.energy_consumption.kwh,熱泵的備援電熱out.electricity.heating_hp_bkup.energy_consumption.kwh,電暖氣／熱泵暖氣out.electricity.heating.energy_consumption.kwh,按摩浴缸的加熱器、泵浦out.electricity.hot_tub_heater.energy_consumption.kwh,按摩浴缸的加熱器、泵浦out.electricity.hot_tub_pump.energy_consumption.kwh,電熱水器out.electricity.hot_water.energy_consumption.kwh,戶外照明out.electricity.lighting_exterior.energy_consumption.kwh,車庫照明out.electricity.lighting_garage.energy_consumption.kwh,室內照明out.electricity.lighting_interior.energy_consumption.kwh,機械通風（新風系統）out.electricity.mech_vent.energy_consumption.kwh,插座負載（電視、電腦、充電器、小家電等）out.electricity.plug_loads.energy_consumption.kwh,out.electricity.pool_heater.energy_consumption.kwh,out.electricity.pool_pump.energy_consumption.kwh,太陽能out.electricity.pv.energy_consumption.kwh,微波爐烤箱out.electricity.range_oven.energy_consumption.kwh,冰箱out.electricity.refrigerator.energy_consumption.kwh,井水泵out.electricity.well_pump.energy_consumption.kwh,out.electricity.net.energy_consumption.kwh,out.electricity.total.energy_consumption.kwh,,冰箱,熱水器,洗衣機,烘衣機,電磁爐,室內照明,插座負載,水泵
0,1A,Single-Family Attached,2018/1/5 00:00,682,165133.3507,472.6397368,300.9688488,0,46.73128546,630.2670261,69.97586268,188.1357969,448.9108976,0,37792.77699,29.78211457,32.92981773,5812.354961,581.1144305,0,1719.13019,77.23979306,8447.224641,0,10.65376456,0,227.1188899,2120.099147,344.7945621,0,59425.24593,,0.82,0.61,0,0.06,0.05,0.12,0.61,0.75
0,1A,Single-Family Attached,2018/1/5 00:15,682,165133.3507,420.3394381,196.8525133,0,72.88143483,736.5625407,49.63685761,188.1357969,442.3733603,0,36827.15851,29.78211457,32.92981773,3848.430316,444.3104084,0,1233.415379,73.36569686,8283.786207,0,10.65376456,0,288.6201672,2107.750466,235.1092134,0,55576.08922,,0.81,0.4,0,0.04,0.06,0.09,0.6,0.51
0,1A,Single-Family Attached,2018/1/5 00:30,682,165133.3507,413.5597697,185.2302247,0,56.41652597,677.2404426,21.06539811,188.1357969,459.5646622,0,37839.26614,29.78211457,32.92981773,3693.466468,444.3104084,0,1219.37178,73.36569686,8246.013769,0,10.65376456,0,236.5619994,2107.750466,235.1092134,0,56216.04149,,0.81,0.39,0,0.04,0.05,0.09,0.6,0.51
0,1A,Single-Family Attached,2018/1/5 00:45,682,165133.3507,397.5791229,185.2302247,10.16950253,61.98553926,697.5794477,0,188.1357969,464.1651514,0,38194.71447,29.78211457,32.92981773,2557.387756,444.3104084,0,1164.892302,73.36569686,8116.231547,0,10.65376456,0,191.7677621,2107.750466,235.1092134,0,55210.22926,,0.81,0.27,0.03,0.04,0.04,0.08,0.59,0.51
0,1A,Single-Family Attached,2018/1/5 01:00,682,165133.3507,395.1578128,185.2302247,15.2542538,56.90078799,675.0612635,0,188.1357969,469.4920337,0,38738.54073,29.78211457,32.92981773,3215.499849,444.3104084,0,1158.112634,73.36569686,8100.008769,0,10.65376456,0,191.7677621,2107.750466,235.1092134,0,56380.20631,,0.81,0.34,0.05,0.04,0.04,0.08,0.59,0.51
0,1A,Single-Family Attached,2018/1/5 01:15,682,165133.3507,379.903559,185.2302247,15.2542538,60.77488419,686.4414211,0,188.1357969,460.5331862,0,37881.8812,36.31965191,39.70948609,2384.021951,422.5186172,0,1060.775967,49.3947266,7977.006214,0,10.65376456,0,140.4359874,2078.452613,122.0340304,0,54196.18458,,0.8,0.25,0.05,0.04,0.03,0.08,0.58,0.27
0,1A,Single-Family Attached,2018/1/5 01:30,682,165133.3507,376.9979868,37.04604495,3.147703165,50.84751267,644.7948869,0,188.1357969,477.9666191,0,38768.8071,36.31965191,39.70948609,1999.760034,422.5186172,0,1055.449084,49.3947266,7955.214423,0,10.65376456,0,79.9032342,2078.452613,122.0340304,0,54409.74413,,0.8,0.21,0.01,0.01,0.02,0.08,0.58,0.27
0,1A,Single-Family Attached,2018/1/5 01:45,682,165133.3507,374.8188077,0,0,50.36325065,643.8263628,0,188.1357969,484.5041565,0,39463.72311,36.31965191,39.70948609,2415.741114,422.5186172,0,1055.691215,49.3947266,7943.834266,0,10.65376456,0,0,2078.452613,122.0340304,0,55397.63866,,0.8,0.25,0,0,0,0.08,0.58,0.27
0,1A,Single-Family Attached,2018/1/5 02:00,682,165133.3507,373.1238906,0,17.91769494,45.52063039,624.6980128,0,188.1357969,495.8843141,0,40239.26874,36.31965191,39.70948609,2353.997706,422.5186172,0,1054.964822,49.3947266,7931.243453,0,10.65376456,0,0,2078.452613,122.0340304,0,56101.27139,,0.8,0.25,0.06,0,0,0.08,0.58,0.27
0,1A,Single-Family Attached,2018/1/5 02:15,682,165133.3507,367.3127463,290.3150843,2.905572153,136.3197602,979.4199465,0,188.1357969,500.4848033,0,40181.64156,29.78211457,32.92981773,1604.117959,422.5186172,0,1028.330411,68.28094559,7892.26036,0,10.65376456,0,14.76999178,1948.428259,101.6950253,0,55887.4697,,0.75,0.17,0.01,0.06,0,0.07,0.57,0.22
0,1A,Single-Family Attached,2018/1/5 02:30,682,165133.3507,367.3127463,388.1360134,0,80.38749623,769.0080964,202.1793956,188.1357969,515.2547951,0,41099.07597,29.78211457,32.92981773,1568.5247,422.5186172,0,1028.330411,68.28094559,7892.986753,0,10.65376456,0,36.80391393,1948.428259,101.6950253,0,56833.23344,,0.75,0.16,0,0.08,0.01,0.07,0.57,0.22
0,1A,Single-Family Attached,2018/1/5 02:45,682,165133.3507,367.0706153,215.4966013,0,98.54732218,831.2357667,216.7072564,188.1357969,531.4775729,0,42091.81312,29.78211457,32.92981773,1979.905291,422.5186172,0,1028.330411,68.28094559,7889.83905,0,10.65376456,0,36.80391393,1948.428259,101.6950253,0,58174.15499,,0.75,0.21,0,0.04,0.01,0.07,0.57,0.22
0,1A,Single-Family Attached,2018/1/5 03:00,682,165133.3507,367.7970083,215.4966013,0,89.10421268,799.758735,43.34145128,188.1357969,548.1846128,0,43117.72222,29.78211457,32.92981773,2168.283219,422.5186172,0,1028.330411,68.28094559,7887.41774,0,10.65376456,0,160.7749925,1948.428259,101.6950253,0,59313.13927,,0.75,0.23,0,0.04,0.04,0.07,0.57,0.22
0,1A,Single-Family Attached,2018/1/5 03:15,682,165133.3507,366.1020912,215.4966013,6.295406331,84.74585445,1389.832013,0,188.1357969,562.9546046,0,44696.90069,36.31965191,39.70948609,2446.733884,409.9278045,0,1028.330411,75.54487597,7865.868079,0,14.04359874,0,229.7823311,1910.655821,79.66110319,0,61743.16611,,0.74,0.26,0.02,0.04,0.05,0.07,0.57,0.17
0,1A,Single-Family Attached,2018/1/5 03:30,682,165133.3507,365.8599602,333.1722735,13.3172057,69.24946964,1328.814998,0,188.1357969,573.1241071,0,45483.58435,36.31965191,39.70948609,2119.857016,409.9278045,0,1028.330411,75.54487597,7868.773652,0,14.04359874,0,108.7168247,1910.655821,79.66110319,0,62146.79851,,0.74,0.22,0.05,0.07,0.02,0.07,0.57,0.17
0,1A,Single-Family Attached,2018/1/5 03:45,682,165133.3507,367.3127463,436.3200849,13.3172057,67.07029053,1319.85615,0,188.1357969,589.589016,0,46671.72123,36.31965191,39.70948609,1423.730355,409.9278045,0,1028.330411,75.54487597,7877.248237,0,14.04359874,0,62.95406331,1910.655821,79.66110319,0,62710.23738,,0.74,0.15,0.05,0.09,0.01,0.07,0.57,0.17
0,1A,Single-Family Attached,2018/1/5 04:00,682,165133.3507,367.0706153,353.2691476,5.32688228,58.35357407,1289.105512,0,188.1357969,604.8432698,0,47580.68105,36.31965191,39.70948609,1942.617115,409.9278045,0,1028.330411,75.54487597,7882.575119,0,14.04359874,0,101.4528943,1910.655821,79.66110319,0,64064.71826,,0.74,0.2,0.02,0.07,0.02,0.07,0.57,0.17
0,1A,Single-Family Attached,2018/1/5 04:15,682,165133.3507,372.1553666,134.3827121,13.80146773,55.44800191,1268.040114,0,188.1357969,649.1532451,0,49855.74404,58.59570508,64.16471837,1696.854137,390.3151925,0,1034.867948,55.93226394,7937.296728,0,28.32932849,0,195.3997273,1897.822878,83.29306838,0,66017.98914,,0.73,0.18,0.05,0.03,0.04,0.07,0.58,0.18
0,1A,Single-Family Attached,2018/1/5 04:30,682,165133.3507,371.1868425,134.3827121,29.78211457,43.34145128,1231.720462,0,188.1357969,657.1435685,0,50552.35497,58.59570508,64.16471837,2418.888817,390.3151925,0,1034.383686,55.93226394,7936.086073,0,28.32932849,0,331.9616184,1897.822878,83.29306838,0,67550.43632,,0.73,0.25,0.1,0.03,0.07,0.07,0.58,0.18
0,1A,Single-Family Attached,2018/1/5 04:45,682,165133.3507,374.3345457,276.5136165,25.42375634,41.8886652,1221.308828,0,188.1357969,684.988635,0,51858.16752,58.59570508,64.16471837,2084.990151,390.3151925,0,1036.078603,55.93226394,7954.245899,0,28.32932849,0,607.0224489,1897.822878,83.29306838,0,68971.26111,,0.73,0.22,0.09,0.05,0.14,0.07,0.58,0.18
0,1A,Single-Family Attached,2018/1/5 05:00,682,165133.3507,373.3660216,489.5889077,25.42375634,36.0775209,1203.875395,50.84751267,188.1357969,698.3058407,0,52864.46401,58.59570508,64.16471837,2453.513552,390.3151925,0,1036.562865,55.93226394,7959.814912,0,28.32932849,0,790.7998876,1897.822878,83.29306838,0,70789.42288,,0.73,0.26,0.09,0.1,0.18,0.07,0.58,0.18
0,1A,Single-Family Attached,2018/1/5 05:15,682,165133.3507,392.2522406,394.9156818,0,37.28817596,1219.613911,54.47947786,188.1357969,725.6666451,0,54774.8777,84.50372344,91.52552281,2979.664243,409.9278045,0,1251.575205,81.35602028,8096.861066,0,53.02669179,0,889.8314718,1897.822878,94.43109496,0,73764.48663,,0.73,0.31,0,0.08,0.2,0.09,0.59,0.21
0,1A,Single-Family Attached,2018/1/5 05:30,682,165133.3507,393.2207647,134.3827121,17.43343292,38.49883102,1217.918994,54.47947786,188.1357969,732.4463135,0,55322.82018,84.50372344,91.52552281,3677.24369,409.9278045,0,1246.974716,81.35602028,8095.892542,0,53.02669179,0,1497.580314,1897.822878,94.43109496,0,75378.7741,,0.73,0.39,0.06,0.03,0.33,0.09,0.59,0.21
0,1A,Single-Family Attached,2018/1/5 05:45,682,165133.3507,414.5282938,619.1289995,103.8742045,37.04604495,1216.466208,14.52786076,188.1357969,757.1436768,0,56396.67122,84.50372344,91.52552281,5239.472984,409.9278045,0,1373.609235,81.35602028,8246.498031,0,53.02669179,0,1476.030654,1897.822878,94.43109496,0,78843.91102,,0.73,0.55,0.36,0.12,0.33,0.1,0.6,0.21
0,1A,Single-Family Attached,2018/1/5 06:00,682,165133.3507,417.1917349,1153.754276,143.8258216,27.84506646,1178.935901,0,188.1357969,777.4826819,0,57259.86828,84.50372344,91.52552281,5825.187904,409.9278045,0,1377.483331,81.35602028,8254.972617,0,53.02669179,0,1978.936767,1897.822878,94.43109496,0,81345.12438,,0.73,0.61,0.49,0.23,0.44,0.1,0.6,0.21
0,1A,Single-Family Attached,2018/1/5 06:15,682,165133.3507,521.0659394,1414.287245,67.55455255,24.6973633,1166.102957,6.295406331,188.1357969,797.5795559,0,60151.8811,71.42864875,77.72405509,7075.310323,493.947266,0,2992.012924,116.4650171,8976.523035,0,91.2833918,0,1961.019072,1948.428259,137.5304152,0,88389.44193,,0.75,0.74,0.23,0.28,0.44,0.21,0.65,0.3
0,1A,Single-Family Attached,2018/1/5 06:30,682,165133.3507,524.6979046,1049.880071,56.41652597,22.03392216,1153.996407,53.75308483,188.1357969,803.6328312,0,60650.91312,71.42864875,77.72405509,6846.496516,493.947266,0,3072.40042,116.4650171,8988.871716,0,91.2833918,0,2777.969109,1948.428259,137.5304152,0,89229.39442,,0.75,0.72,0.19,0.21,0.62,0.22,0.65,0.3
0,1A,Single-Family Attached,2018/1/5 06:45,682,165133.3507,554.4800191,579.9037755,68.03881458,22.27605317,1153.512145,223.4869247,188.1357969,818.160692,0,61322.34241,71.42864875,77.72405509,6878.215679,493.947266,0,3572.643093,116.4650171,9260.784844,0,91.2833918,0,3070.705503,1948.428259,137.5304152,0,90751.42996,,0.75,0.72,0.23,0.11,0.69,0.26,0.67,0.3
0,1A,Single-Family Attached,2018/1/5 07:00,682,165133.3507,545.7633027,838.9839591,92.00978484,23.24457722,1155.933455,212.8331602,188.1357969,834.6256009,0,62255.75747,71.42864875,77.72405509,7202.429105,493.947266,0,3411.625969,116.4650171,9181.123741,0,91.2833918,0,2588.380526,1948.428259,137.5304152,0,91571.04344,,0.75,0.76,0.32,0.16,0.58,0.24,0.67,0.3
0,1A,Single-Family Attached,2018/1/5 07:15,682,165133.3507,622.2767027,1981.842339,110.4117418,13.55933671,1116.950362,253.2690393,188.1357969,873.8508249,0,62276.09647,29.78211457,32.92981773,7585.964629,528.0877388,0,4791.530611,114.285838,10198.07399,0,154.7217171,0,2738.743885,2107.750466,175.5449842,0,95959.42592,,0.81,0.8,0.38,0.39,0.61,0.34,0.74,0.38
0,1A,Single-Family Attached,2018/1/5 07:30,682,165133.3507,610.8965451,2128.331602,89.10421268,15.49638481,1128.088388,404.1166602,188.1357969,857.3859161,0,61986.26565,29.78211457,32.92981773,6883.30043,528.0877388,0,4643.830693,114.285838,10090.32569,0,154.7217171,0,2855.208902,2107.750466,175.5449842,0,95093.08115,,0.81,0.72,0.31,0.42,0.64,0.33,0.73,0.38
0,1A,Single-Family Attached,2018/1/5 07:45,682,165133.3507,607.5067109,2662.472616,108.2325627,15.2542538,1125.424947,444.0682773,188.1357969,857.6280471,0,61994.98237,29.78211457,32.92981773,9262.23763,528.0877388,0,4561.021887,114.285838,10100.25306,0,154.7217171,0,2296.612656,2107.750466,175.5449842,0,97438.8464,,0.81,0.97,0.37,0.52,0.51,0.33,0.73,0.38
0,1A,Single-Family Attached,2018/1/5 08:00,682,165133.3507,598.5478635,2630.753453,121.3076374,19.85474304,1140.921332,225.9082349,188.1357969,848.9113306,0,60955.2718,29.78211457,32.92981773,7476.27928,528.0877388,0,4454.726372,114.285838,10006.30623,0,154.7217171,0,2379.663593,2107.750466,175.5449842,0,94258.21342,,0.81,0.78,0.42,0.52,0.53,0.32,0.73,0.38
0,1A,Single-Family Attached,2018/1/5 08:15,682,165133.3507,499.5162793,3073.368945,79.66110319,14.04359874,1123.487899,281.8404988,188.1357969,833.4149458,0,59668.10334,29.78211457,32.92981773,7261.993334,396.6105988,0,5001.70033,89.83060572,10269.50264,0,296.1262286,0,2615.499199,2120.099147,175.5449842,0,94146.10676,,0.82,0.76,0.27,0.6,0.58,0.36,0.75,0.38
0,1A,Single-Family Attached,2018/1/5 08:30,682,165133.3507,497.0949691,3277.485388,76.029138,15.49638481,1130.267567,149.8790969,188.1357969,767.5553103,0,56223.78968,29.78211457,32.92981773,7030.273955,396.6105988,0,4800.247327,89.83060572,10206.54858,0,296.1262286,0,2878.69561,2120.099147,175.5449842,0,90474.91635,,0.82,0.74,0.26,0.64,0.64,0.34,0.74,0.38
0,1A,Single-Family Attached,2018/1/5 08:45,682,165133.3507,495.6421831,3460.052172,78.93471015,15.2542538,1132.931009,171.186626,188.1357969,732.2041825,0,53673.42372,29.78211457,32.92981773,7324.705266,396.6105988,0,4633.661191,89.83060572,10148.43714,0,296.1262286,0,2392.738668,2120.099147,175.5449842,0,87680.2402,,0.82,0.77,0.27,0.68,0.53,0.33,0.74,0.38
0,1A,Single-Family Attached,2018/1/5 09:00,682,165133.3507,490.7995628,2649.397541,136.3197602,19.12835001,1143.826904,449.8794216,188.1357969,674.3348704,0,50467.85124,29.78211457,32.92981773,5386.930771,396.6105988,0,4539.230096,89.83060572,10060.54358,0,296.1262286,0,1575.304369,2120.099147,175.5449842,0,81019.21604,,0.82,0.57,0.47,0.52,0.35,0.32,0.73,0.38
0,1A,Single-Family Attached,2018/1/5 09:15,682,165133.3507,405.8115773,2483.537798,195.6418583,19.85474304,1150.12231,511.1385679,188.1357969,641.8893147,0,47876.80728,23.97097026,25.90801836,6242.62177,287.4095121,0,4625.670867,64.89111141,10086.93586,0,426.6348444,0,1408.718232,2120.099147,170.2181019,0,79030.83616,,0.82,0.65,0.67,0.49,0.31,0.33,0.73,0.37
0,1A,Single-Family Attached,2018/1/5 09:30,682,165133.3507,405.5694463,2223.004828,147.4577868,25.18162532,549.3952679,286.9252501,188.1357969,557.3855913,0,43426.43926,23.97097026,25.90801836,7246.012687,287.4095121,0,4554.000087,64.89111141,10055.2167,0,426.6348444,0,2129.300126,2120.099147,170.2181019,0,74961.82449,,0.82,0.76,0.51,0.44,0.48,0.33,0.73,0.37
0,1A,Single-Family Attached,2018/1/5 09:45,682,165133.3507,404.1166602,2748.429125,148.6684418,30.75063862,567.0708318,246.489371,188.1357969,514.7705331,0,40409.24471,23.97097026,25.90801836,6719.861996,287.4095121,0,4487.171928,64.89111141,10025.43458,0,426.6348444,0,2510.898602,2120.099147,170.2181019,0,72166.17982,,0.82,0.7,0.51,0.54,0.56,0.32,0.73,0.37
0,1A,Single-Family Attached,2018/1/5 10:00,682,165133.3507,403.8745292,3488.139369,105.3269905,30.02424558,561.7439495,154.7217171,188.1357969,470.4605577,0,37383.81771,23.97097026,25.90801836,6339.958437,287.4095121,0,4443.104084,64.89111141,10016.96,0,426.6348444,0,2329.784604,2120.099147,170.2181019,0,69078.76728,,0.82,0.67,0.36,0.69,0.52,0.32,0.73,0.37
0,1A,Single-Family Attached,2018/1/5 10:15,682,165133.3507,409.4435425,3446.250704,182.8089146,32.44555571,568.7657489,140.9202494,188.1357969,433.4145128,0,36076.7945,18.64408798,20.33900507,8136.812683,287.8937741,0,4488.140452,74.81848293,10113.8124,0,447.7002425,0,1509.202602,2107.750466,175.5449842,0,68870.53461,,0.81,0.85,0.63,0.68,0.34,0.32,0.73,0.38
0,1A,Single-Family Attached,2018/1/5 10:30,682,165133.3507,409.2014115,3181.601507,161.7435165,38.74096204,595.6422913,120.5812443,188.1357969,378.4507729,0,32287.68629,18.64408798,20.33900507,8453.035785,287.8937741,0,4354.968395,74.81848293,10100.73733,0,447.7002425,0,1865.377322,2107.750466,175.5449842,0,65281.91087,,0.81,0.89,0.56,0.63,0.42,0.31,0.73,0.38
0,1A,Single-Family Attached,2018/1/5 10:45,682,165133.3507,407.7486254,2423.731437,76.51340002,45.52063039,185.4723557,72.15504179,188.1357969,341.646859,0,29395.43134,18.64408798,20.33900507,7437.780449,287.8937741,0,4150.851951,74.81848293,10054.73243,0,447.7002425,0,1853.755033,2107.750466,175.5449842,0,59761.08164,,0.81,0.78,0.26,0.48,0.41,0.3,0.73,0.38
0,1A,Single-Family Attached,2018/1/5 11:00,682,165133.3507,406.5379704,2915.983786,93.94683294,50.36325065,207.2641469,151.0897519,188.1357969,313.3175305,0,26588.16438,18.64408798,20.33900507,9356.184463,287.8937741,0,4083.781661,74.81848293,10008.48541,0,447.7002425,0,1615.982379,2107.750466,175.5449842,0,59102.00103,,0.81,0.98,0.32,0.57,0.36,0.29,0.73,0.38
0,1A,Single-Family Attached,2018/1/5 11:15,682,165133.3507,409.6856735,2731.237824,115.9807551,56.90078799,241.1624887,183.7774387,188.1357969,310.1698273,0,25326.90393,17.91769494,19.12835001,7759.572565,293.9470495,0,3945.04059,85.23011648,10133.42501,0,426.6348444,0,2176.515673,2107.750466,175.5449842,0,56701.02991,,0.81,0.81,0.4,0.54,0.49,0.28,0.74,0.38
0,1A,Single-Family Attached,2018/1/5 11:30,682,165133.3507,408.9592805,3423.248258,157.6272893,72.63930382,310.1698273,88.13568863,188.1357969,246.489371,0,21395.18055,17.91769494,19.12835001,7534.874985,293.9470495,0,3902.909794,85.23011648,10097.58962,0,426.6348444,0,1894.675175,2107.750466,175.5449842,0,52847.9991,,0.81,0.79,0.54,0.67,0.42,0.28,0.73,0.38
0,1A,Single-Family Attached,2018/1/5 11:45,682,165133.3507,409.4435425,3725.912024,159.5643374,99.51584623,412.5912457,103.1478114,188.1357969,209.443326,0,18445.78268,17.91769494,19.12835001,7005.092329,293.9470495,0,3946.493376,85.23011648,10131.7301,0,426.6348444,0,2296.370525,2107.750466,175.5449842,0,50260.10284,,0.81,0.73,0.55,0.73,0.51,0.28,0.74,0.38
0,1A,Single-Family Attached,2018/1/5 12:00,682,165133.3507,409.6856735,3694.434992,147.9420488,123.0025545,513.559878,129.5400918,188.1357969,170.460233,0,15713.57633,17.91769494,19.12835001,7236.085315,293.9470495,0,3956.90501,85.23011648,10125.91895,0,426.6348444,0,2246.975798,2107.750466,175.5449842,0,47784.31323,,0.81,0.76,0.51,0.73,0.5,0.28,0.74,0.38
0,1A,Single-Family Attached,2018/1/5 12:15,682,165133.3507,407.5064944,3353.030264,176.7556393,124.9396026,511.1385679,155.4481102,215.0123393,177.2399013,0,15200.98498,17.91769494,19.12835001,6813.808829,287.8937741,0,3798.551328,87.89355762,10159.81729,0,423.0028792,0,1958.1135,2186.927307,170.2181019,0,46233.70623,,0.84,0.71,0.61,0.66,0.44,0.27,0.74,0.37
0,1A,Single-Family Attached,2018/1/5 12:30,682,165133.3507,407.9907564,3684.507621,144.5522146,141.6466424,583.0514786,201.2108716,215.0123393,148.4263108,0,13300.25653,17.91769494,19.12835001,6477.246721,287.8937741,0,3866.10588,87.89355762,10194.1999,0,423.0028792,0,1965.37743,2186.927307,170.2181019,0,44517.96587,,0.84,0.68,0.5,0.72,0.44,0.28,0.74,0.37
0,1A,Single-Family Attached,2018/1/5 12:45,682,165133.3507,407.0222324,3662.957961,91.52552281,154.9638481,633.1725983,361.985864,215.0123393,141.4045114,0,12496.6237,17.91769494,19.12835001,6660.055636,287.8937741,0,3790.561004,87.89355762,10145.53156,0,423.0028792,0,1817.435382,2186.927307,170.2181019,0,43764.69629,,0.84,0.7,0.31,0.72,0.41,0.27,0.74,0.37
0,1A,Single-Family Attached,2018/1/5 13:00,682,165133.3507,406.7801014,2837.049076,75.54487597,170.702364,707.5068192,175.5449842,215.0123393,125.4238646,0,11261.5134,17.91769494,19.12835001,6161.992143,287.8937741,0,3772.159047,87.89355762,10103.88503,0,423.0028792,0,1663.682188,2186.927307,170.2181019,0,40866.6302,,0.84,0.65,0.26,0.56,0.37,0.27,0.73,0.37
0,1A,Single-Family Attached,2018/1/5 13:15,682,165133.3507,430.9932027,2621.552475,158.5958133,184.9880937,778.4512059,181.1139975,215.0123393,107.9904317,0,10642.86866,17.91769494,19.12835001,6237.294888,330.2667014,0,3691.045158,71.67077977,10054.00604,0,316.7073646,0,1344.069252,2186.927307,170.2181019,0,39767.3554,,0.84,0.65,0.54,0.52,0.3,0.26,0.73,0.37
0,1A,Single-Family Attached,2018/1/5 13:30,682,165133.3507,431.4774647,3039.954865,178.4505564,193.4626792,805.5698793,191.041369,215.0123393,95.157488,0,9157.394901,17.91769494,19.12835001,4852.063364,330.2667014,0,3707.994329,71.67077977,10057.39588,0,316.7073646,0,1006.296489,2186.927307,170.2181019,0,37041.20233,,0.84,0.51,0.61,0.6,0.22,0.27,0.73,0.37
0,1A,Single-Family Attached,2018/1/5 13:45,682,165133.3507,432.4459887,2472.884033,176.0292463,225.6661039,943.5845566,174.5764602,215.0123393,84.74585445,0,8354.972725,17.91769494,19.12835001,4959.569534,330.2667014,0,3718.890224,71.67077977,10078.21914,0,316.7073646,0,1017.918778,2186.927307,170.2181019,0,35973.16243,,0.84,0.52,0.6,0.49,0.23,0.27,0.73,0.37
0,1A,Single-Family Attached,2018/1/5 14:00,682,165133.3507,430.9932027,1819.37243,169.7338399,249.8792051,1040.194831,263.9228039,215.0123393,75.78700698,0,7520.104993,17.91769494,19.12835001,6377.004482,330.2667014,0,3747.461684,71.67077977,10093.71553,0,316.7073646,0,1015.013205,2186.927307,170.2181019,0,36133.93742,,0.84,0.67,0.58,0.36,0.23,0.27,0.73,0.37
0,1A,Single-Family Attached,2018/1/5 14:15,682,165133.3507,442.8576223,2197.096809,175.0607222,292.7363944,1235.836689,122.5182924,215.0123393,72.39717281,0,6957.876782,29.78211457,32.92981773,5632.209487,353.2691476,0,3725.185631,72.39717281,10017.44426,0,264.8913279,0,820.3398711,2186.927307,170.2181019,0,35036.8418,,0.84,0.59,0.6,0.43,0.18,0.27,0.73,0.37
0,1A,Single-Family Attached,2018/1/5 14:30,682,165133.3507,444.5525394,2788.380743,152.784669,334.1407976,1417.192817,176.7556393,215.0123393,57.62718103,0,5758.359745,29.78211457,32.92981773,6915.261723,353.2691476,0,3720.827273,72.39717281,10009.69607,0,264.8913279,0,815.0129888,2186.927307,170.2181019,0,35938.29556,,0.84,0.73,0.52,0.55,0.18,0.27,0.73,0.37
0,1A,Single-Family Attached,2018/1/5 14:45,682,165133.3507,446.9738495,2628.332143,144.7943456,367.5548773,1573.609452,161.0171235,215.0123393,54.23734685,0,5258.359203,29.78211457,32.92981773,5926.156537,353.2691476,0,3778.938716,72.39717281,9991.294109,0,264.8913279,0,935.3521022,2186.927307,170.2181019,0,34612.8704,,0.84,0.62,0.5,0.52,0.21,0.27,0.73,0.37
0,1A,Single-Family Attached,2018/1/5 15:00,682,165133.3507,445.7631944,2920.826407,175.0607222,401.9374811,1727.362645,79.9032342,215.0123393,46.48915444,0,4628.092177,29.78211457,32.92981773,5266.833789,353.2691476,0,3753.514959,72.39717281,9996.136729,0,264.8913279,0,1264.89241,2186.927307,170.2181019,0,34053.0635,,0.84,0.55,0.6,0.57,0.28,0.27,0.73,0.37
0,1A,Single-Family Attached,2018/1/5 15:15,682,165133.3507,466.1021995,2927.606075,132.929926,437.772871,1902.423367,59.07996711,188.1357969,41.16227216,0,4298.551869,73.36569686,78.93471015,6295.1642,362.4701261,0,3943.829935,79.17684116,10282.09346,0,215.0123393,0,1193.463762,2120.099147,175.5449842,0,35322.79853,,0.82,0.66,0.46,0.58,0.27,0.28,0.75,0.38
0,1A,Single-Family Attached,2018/1/5 15:30,682,165133.3507,469.7341647,2607.508876,197.8210374,461.9859723,2024.699528,101.9371564,188.1357969,40.43587913,0,3896.856519,73.36569686,78.93471015,5367.318159,362.4701261,0,4129.786553,79.17684116,10367.80783,0,215.0123393,0,1340.921548,2120.099147,175.5449842,0,34349.67399,,0.82,0.56,0.68,0.51,0.3,0.3,0.75,0.38
0,1A,Single-Family Attached,2018/1/5 15:45,682,165133.3507,473.8503919,3538.986882,148.4263108,488.8625147,2132.68996,51.08964369,188.1357969,37.04604495,0,3702.667447,73.36569686,78.93471015,5165.380895,362.4701261,0,4172.401611,79.17684116,10445.04763,0,215.0123393,0,1819.130299,2120.099147,175.5449842,0,35515.53482,,0.82,0.54,0.51,0.7,0.41,0.3,0.76,0.38
0,1A,Single-Family Attached,2018/1/5 16:00,682,165133.3507,481.3564533,4041.650864,143.8258216,497.5792312,2160.292896,61.01701521,188.1357969,34.62473482,0,3667.55845,73.36569686,78.93471015,5833.904621,362.4701261,0,4253.27337,79.17684116,10562.96543,0,215.0123393,0,1865.377322,2120.099147,175.5449842,0,36948.22402,,0.82,0.61,0.49,0.79,0.42,0.3,0.77,0.38
0,1A,Single-Family Attached,2018/1/5 16:15,682,165133.3507,542.3734685,4359.811015,115.9807551,509.2015198,2208.961229,69.49160065,215.0123393,45.27849938,0,4607.511041,158.5958133,172.15515,6760.055744,443.5840153,0,4905.816449,144.3100836,11046.25893,0,130.5086159,0,2258.113825,2311.382647,239.9518336,0,41246.04949,,0.89,0.71,0.4,0.86,0.5,0.35,0.8,0.52
0,1A,Single-Family Attached,2018/1/5 16:30,682,165133.3507,545.2790407,3428.817271,91.2833918,501.9375894,2165.619778,112.1066589,215.0123393,35.83538988,0,4288.624497,158.5958133,172.15515,5539.231178,443.5840153,0,5067.559965,144.3100836,11179.67312,0,130.5086159,0,2922.279193,2311.382647,239.9518336,0,39690.59987,,0.89,0.58,0.31,0.67,0.65,0.36,0.81,0.52
0,1A,Single-Family Attached,2018/1/5 16:45,682,165133.3507,552.30084,3676.033035,99.27371522,480.1457982,2058.840001,196.3682513,215.0123393,37.04604495,0,4496.857168,158.5958133,172.15515,7443.591593,443.5840153,0,5088.867494,144.3100836,11272.16717,0,130.5086159,0,2780.63255,2311.382647,239.9518336,0,41995.20285,,0.89,0.78,0.34,0.72,0.62,0.36,0.82,0.52
0,1A,Single-Family Attached,2018/1/5 17:00,682,165133.3507,562.4703426,3728.575465,140.1938564,454.9641729,1945.280556,307.5063862,215.0123393,36.56178292,0,4493.951596,158.5958133,172.15515,6644.801382,443.5840153,0,5225.187255,144.3100836,11404.85496,0,130.5086159,0,3210.89936,2311.382647,239.9518336,0,41974.13745,,0.89,0.7,0.48,0.73,0.72,0.37,0.83,0.52
0,1A,Single-Family Attached,2018/1/5 17:15,682,165133.3507,699.2743648,2824.458263,174.0921982,474.818916,2075.789172,283.2932849,241.8888817,43.58358229,0,4773.128654,153.2689311,166.8282678,6702.912825,591.5260641,0,6689.837751,238.7411785,12233.66942,0,80.87175825,0,3562.47359,2520.825974,302.4216349,0,44854.52798,,0.97,0.7,0.6,0.56,0.8,0.48,0.89,0.66
0,1A,Single-Family Attached,2018/1/5 17:30,682,165133.3507,726.6351692,2358.113933,142.3730355,399.516171,1700.243971,340.1940729,241.8888817,47.21554748,0,5220.828896,153.2689311,166.8282678,8096.861066,591.5260641,0,7015.746094,238.7411785,12515.50992,0,80.87175825,0,4016.71137,2520.825974,302.4216349,0,46893.9975,,0.97,0.85,0.49,0.46,0.9,0.5,0.91,0.66
0,1A,Single-Family Attached,2018/1/5 17:45,682,165133.3507,739.4681129,2485.959108,98.54732218,352.5427545,1519.129974,542.8577305,241.8888817,58.59570508,0,6124.461836,153.2689311,166.8282678,8357.878297,591.5260641,0,7213.082869,238.7411785,12731.49078,0,80.87175825,0,4155.936702,2520.825974,302.4216349,0,48695.45223,,0.97,0.88,0.34,0.49,0.93,0.52,0.92,0.66
0,1A,Single-Family Attached,2018/1/5 18:00,682,165133.3507,755.2066287,2961.746548,100.7265013,304.116552,1304.601897,632.2040742,241.8888817,68.5230766,0,7093.228018,153.2689311,166.8282678,7963.204747,591.5260641,0,7488.627962,238.7411785,12870.47398,0,80.87175825,0,4252.062715,2520.825974,302.4216349,0,50117.48767,,0.97,0.84,0.35,0.58,0.95,0.54,0.93,0.66
0,1A,Single-Family Attached,2018/1/5 18:15,682,165133.3507,886.4416376,3226.880007,111.1381348,302.1795039,1283.294367,614.2863793,241.8888817,84.98798547,0,8026.15881,84.98798547,92.97830889,8133.66498,720.8240249,0,9983.061655,201.2108716,13142.62924,0,46.24702343,0,4145.040807,2591.043967,349.1529204,0,54316.28156,,1,0.85,0.38,0.63,0.93,0.71,0.95,0.76
0,1A,Single-Family Attached,2018/1/5 18:30,682,165133.3507,908.4755598,2588.622657,57.86931204,277.7242716,1187.652617,729.0564793,241.8888817,88.61995066,0,8761.510696,84.98798547,92.97830889,7870.468569,720.8240249,0,10242.38397,201.2108716,13336.57618,0,46.24702343,0,4307.752847,2591.043967,349.1529204,0,54727.66215,,1,0.83,0.2,0.51,0.96,0.73,0.97,0.76
0,1A,Single-Family Attached,2018/1/5 18:45,682,165133.3507,925.9089927,2234.384985,83.05093737,267.3126381,1138.01576,885.4731135,241.8888817,96.12601205,0,9642.625451,84.98798547,92.97830889,9532.213709,720.8240249,0,10598.31656,201.2108716,13568.53769,0,46.24702343,0,4473.37046,2591.043967,349.1529204,0,57816.28535,,1,1,0.29,0.44,1,0.76,0.99,0.76
0,1A,Single-Family Attached,2018/1/5 19:00,682,165133.3507,953.9961901,1947.217604,200.2423475,247.700026,1051.574988,780.872516,241.8888817,107.9904317,0,10716.71862,84.98798547,92.97830889,8080.880419,720.8240249,0,10926.88834,201.2108716,13765.63234,0,46.24702343,0,4453.999979,2591.043967,349.1529204,0,57602.48367,,1,0.85,0.69,0.38,1,0.78,1,0.76
0,1A,Single-Family Attached,2018/1/5 19:15,682,165133.3507,1016.22386,2470.704854,269.7339482,282.0826298,1239.468654,585.9570508,241.8888817,120.8233754,0,11689.84316,76.51340002,83.53519939,8367.805669,775.5456338,0,13237.06033,154.4795861,13172.65349,0,28.32932849,0,3669.495498,2520.825974,404.6009223,0,60392.07506,,0.97,0.88,0.93,0.49,0.82,0.95,0.96,0.88
0,1A,Single-Family Attached,2018/1/5 19:30,682,165133.3507,1031.478114,3404.60417,291.2836083,250.3634672,1067.071373,591.7681951,241.8888817,127.8451747,0,12478.46387,76.51340002,83.53519939,6703.397087,775.5456338,0,13494.4456,154.4795861,13290.81342,0,28.32932849,0,2925.669027,2520.825974,404.6009223,0,59927.42565,,0.97,0.7,1,0.67,0.65,0.97,0.97,0.88
0,1A,Single-Family Attached,2018/1/5 19:45,682,165133.3507,1044.553189,4246.977963,230.5087241,255.4482184,1095.884964,692.9789584,241.8888817,138.4989393,0,13455.70464,76.51340002,83.53519939,8420.59023,775.5456338,0,13825.4387,154.4795861,13346.74568,0,28.32932849,0,2245.03875,2520.825974,404.6009223,0,63265.44379,,0.97,0.88,0.79,0.84,0.5,0.99,0.97,0.88
0,1A,Single-Family Attached,2018/1/5 20:00,682,165133.3507,1051.332857,3894.67734,171.186626,239.2254406,1021.066481,506.2959476,241.8888817,148.4263108,0,14186.69817,76.51340002,83.53519939,7242.864984,775.5456338,0,13978.94976,154.4795861,13423.98548,0,28.32932849,0,1694.190696,2520.825974,404.6009223,0,61822.34296,,0.97,0.76,0.59,0.77,0.38,1,0.98,0.88
0,1A,Single-Family Attached,2018/1/5 20:15,682,165133.3507,1101.696108,2851.819068,113.559445,251.0898602,1062.955146,500.2426723,241.8888817,159.8064684,0,15503.40661,64.16471837,69.00733863,7007.029377,823.4875743,0,13579.19146,106.0533836,12666.8418,0,14.04359874,0,2031.237066,2503.15041,429.0561546,0,61025.24766,,0.97,0.74,0.39,0.56,0.45,0.97,0.92,0.94
0,1A,Single-Family Attached,2018/1/5 20:30,682,165133.3507,1112.592003,3215.74198,76.99766205,217.4336494,921.3085034,461.2595792,241.8888817,174.8185912,0,16735.36921,64.16471837,69.00733863,9532.940102,823.4875743,0,13786.69773,106.0533836,12681.12753,0,14.04359874,0,1655.691865,2503.15041,429.0561546,0,64771.49869,,0.97,1,0.26,0.63,0.37,0.99,0.92,0.94
0,1A,Single-Family Attached,2018/1/5 20:45,682,165133.3507,1100.485453,5085.47766,113.317314,206.5377539,866.3447635,585.4727888,241.8888817,195.8839893,0,18409.70516,64.16471837,69.00733863,8953.76272,823.4875743,0,13791.29822,106.0533836,12657.88295,0,14.04359874,0,1209.444409,2503.15041,429.0561546,0,67372.95429,,0.97,0.94,0.39,1,0.27,0.99,0.92,0.94
0,1A,Single-Family Attached,2018/1/5 21:00,682,165133.3507,1100.001191,4922.039227,76.75553103,191.2835001,795.4003768,595.1580293,241.8888817,214.0438153,0,19624.23432,64.16471837,69.00733863,8259.330975,823.4875743,0,13846.98836,106.0533836,12696.62391,0,14.04359874,0,1349.880396,2503.15041,429.0561546,0,67868.59647,,0.97,0.87,0.26,0.97,0.3,0.99,0.92,0.94
0,1A,Single-Family Attached,2018/1/5 21:15,682,165133.3507,1015.497467,4047.219878,98.78945319,192.2520241,807.9911895,392.9786337,215.0123393,231.2351172,0,19782.10374,53.51095381,58.59570508,8767.563971,783.0516952,0,10452.06943,82.80880635,11963.69334,0,10.65376456,0,1210.412933,2396.854895,458.8382691,0,63063.2644,,0.93,0.92,0.34,0.8,0.27,0.75,0.87,1
0,1A,Single-Family Attached,2018/1/5 21:30,682,165133.3507,1005.085834,3739.22923,120.8233754,159.3222064,662.9547128,331.2352254,215.0123393,240.4360956,0,20791.79006,53.51095381,58.59570508,8752.551848,783.0516952,0,10316.71819,82.80880635,11899.28649,0,10.65376456,0,837.289042,2396.854895,458.8382691,0,62956.72675,,0.93,0.92,0.41,0.74,0.19,0.74,0.86,1
0,1A,Single-Family Attached,2018/1/5 21:45,682,165133.3507,964.1656927,1725.667728,30.02424558,153.9953241,641.4050527,256.9010045,215.0123393,253.2690393,0,21723.02594,53.51095381,58.59570508,8682.575985,783.0516952,0,9789.841107,82.80880635,11651.58646,0,10.65376456,0,930.7516129,2396.854895,458.8382691,0,60898.61314,,0.93,0.91,0.1,0.34,0.21,0.7,0.85,1
0,1A,Single-Family Attached,2018/1/5 22:00,682,165133.3507,935.1099712,1564.408473,42.61505824,139.4674633,567.5550938,201.2108716,215.0123393,267.070507,0,22864.43153,53.51095381,58.59570508,8755.699551,783.0516952,0,9373.375765,82.80880635,11492.74852,0,10.65376456,0,744.5528641,2396.854895,458.8382691,0,61044.13388,,0.93,0.92,0.15,0.31,0.17,0.67,0.83,1
0,1A,Single-Family Attached,2018/1/5 22:15,682,165133.3507,752.0589255,1462.955579,81.8402823,155.2059792,617.1919514,175.0607222,215.0123393,274.0923064,0,23742.15645,29.78211457,32.92981773,8115.263023,669.4922502,0,5198.552843,84.26159243,10060.54358,0,10.65376456,0,659.5648787,2311.382647,396.3684678,0,55047.75935,,0.89,0.85,0.28,0.29,0.15,0.37,0.73,0.86
0,1A,Single-Family Attached,2018/1/5 22:30,682,165133.3507,736.8046717,912.1075249,56.41652597,109.4432178,429.7825476,143.5836905,215.0123393,279.9034507,0,24615.03875,29.78211457,32.92981773,7528.337448,669.4922502,0,5116.954692,84.26159243,9922.04464,0,10.65376456,0,611.6229381,2311.382647,396.3684678,0,54214.3444,,0.89,0.79,0.19,0.18,0.14,0.37,0.72,0.86
0,1A,Single-Family Attached,2018/1/5 22:45,682,165133.3507,666.586678,1041.889748,60.04849116,99.27371522,386.4410963,149.1527038,215.0123393,289.8308222,0,25413.10257,29.78211457,32.92981773,7500.492381,669.4922502,0,4354.968395,84.26159243,9516.233062,0,10.65376456,0,546.9739578,2311.382647,396.3684678,0,53782.38268,,0.89,0.79,0.21,0.2,0.12,0.31,0.69,0.86
0,1A,Single-Family Attached,2018/1/5 23:00,682,165133.3507,632.6883363,1165.134433,60.29062217,87.89355762,342.857514,128.5715678,215.0123393,302.6637659,0,26439.9802,29.78211457,32.92981773,6570.22503,669.4922502,0,3983.29729,84.26159243,9333.182017,0,10.65376456,0,488.6203837,2311.382647,396.3684678,0,53291.82525,,0.89,0.69,0.21,0.23,0.11,0.28,0.68,0.86
0,1A,Single-Family Attached,2018/1/5 23:15,682,165133.3507,520.8238084,1533.173573,24.6973633,95.157488,366.3442223,61.01701521,188.1357969,303.63229,0,26841.43342,29.78211457,32.92981773,7107.513748,581.1144305,0,2090.074902,77.23979306,8689.355654,0,10.65376456,0,467.0707236,2120.099147,344.7945621,0,51528.86934,,0.82,0.75,0.08,0.3,0.1,0.15,0.63,0.75
0,1A,Single-Family Attached,2018/1/5 23:30,682,165133.3507,508.7172577,1397.580205,47.45767849,76.51340002,291.2836083,68.76520761,188.1357969,322.2763779,0,28208.26298,29.78211457,32.92981773,5282.572305,581.1144305,0,2037.774603,77.23979306,8648.677644,0,10.65376456,0,555.2064122,2120.099147,344.7945621,0,50879.7161,,0.82,0.55,0.16,0.27,0.12,0.15,0.63,0.75
0,1A,Single-Family Attached,2018/1/5 23:45,682,165133.3507,473.8503919,851.8169028,20.09687406,75.54487597,290.0729532,119.1284583,188.1357969,340.1940729,0,29531.99323,29.78211457,32.92981773,5690.805192,581.1144305,0,1784.505564,77.23979306,8466.352991,0,10.65376456,0,467.3128546,2120.099147,344.7945621,0,51547.02917,,0.82,0.6,0.07,0.17,0.1,0.13,0.62,0.75
0,1A,Single-Family Attached,2018/1/6 00:00,682,165133.3507,458.5961381,630.7512882,14.04359874,65.13324242,245.7629779,97.57879813,188.1357969,360.2909469,0,31013.10863,29.78211457,32.92981773,4819.859939,581.1144305,0,1718.645928,77.23979306,8395.892866,0,10.65376456,0,656.6593065,2120.099147,344.7945621,0,51912.647,,0.82,0.51,0.05,0.12,0.15,0.12,0.61,0.75
