step,Time,Hour,Minute,minute_of_day,ep_fridge_an_kw,ep_washer_an_kw,ep_dryer_bn_kw,boosterpump_abn_kw,ep_pump_kw,l2_bathroom1_an_kw,l3_socket1_an_kw,l1_airc_abn_kw,l2_airc1_abn_kw,l2_airc2_abn_kw,l3_airc_abn_kw,ep_1f_lighting1_an_kw,ep_1f_lighting2_bn_kw,ep_2f_lighting1_an_kw,ep_2f_lighting2_bn_kw,ep_3f_lighting1_an_kw,ep_3f_lighting2_bn_kw,l1_lighting1_an_kw,l1_lighting2_bn_kw,l2_lighting1_an_kw,l2_lighting2_bn_kw,l3_lighting1_an_kw,l3_lighting2_bn_kw,ep_1f_wifi_an_kw,ep_1f_socket_bn_kw,ep_kitchen_bn_kw,ep_2f_socket1_an_kw,ep_2f_socket2_bn_kw,l1_socket1_an_kw,l1_socket2_bn_kw,l1_socket3_an_kw,l1_socket4_bn_kw,l1_socket5_an_kw,l1_socket6_bn_kw,l1_kitchen_abn_kw,l2_socket1_an_kw,l2_socket2_bn_kw,l2_socket3_an_kw,l2_socket4_bn_kw,l2_socket5_an_kw,l2_socket6_bn_kw,l2_socket7_an_kw,l2_socket8_bn_kw,l2_bathroom2_bn_kw,l3_socket2_bn_kw,l3_socket3_an_kw,l3_socket4_bn_kw,l3_socket5_an_kw,l3_socket6_bn_kw,l3_socket7_an_kw,l3_socket8_bn_kw,total_power_kw,energy_kwh
0,00:00,0,0,0,0.1,0.1,0.1,0.1,0.1,0.3,0.4,0.2,0.3,0.3,0.4,0.1,0.1,0.1,0.1,0.1,0.1,0.2,0.2,0.3,0.3,0.3,0.4,0.1,0.1,0.1,0.1,0.1,0.2,0.2,0.2,0.2,0.2,0.2,0.2,0.3,0.3,0.3,0.3,0.3,0.3,0.3,0.3,0.3,0.4,0.4,0.4,0.4,0.4,0.4,0.4,12.100000000000003,3.025000000000001
1,00:15,0,15,15,0.1,0.1,0.1,0.1,0.1,0.3,0.4,0.2,0.3,0.3,0.4,0.1,0.1,0.1,0.1,0.1,0.1,0.2,0.2,0.3,0.3,0.3,0.4,0.1,0.1,0.1,0.1,0.1,0.2,0.2,0.2,0.2,0.2,0.2,0.2,0.3,0.3,0.3,0.3,0.3,0.3,0.3,0.3,0.3,0.4,0.4,0.4,0.4,0.4,0.4,0.4,12.100000000000003,3.025000000000001
2,00:30,0,30,30,0.1,0.1,0.1,0.1,0.1,0.3,0.4,0.2,0.3,0.3,0.4,0.1,0.1,0.1,0.1,0.1,0.1,0.2,0.2,0.3,0.3,0.3,0.4,0.1,0.1,0.1,0.1,0.1,0.2,0.2,0.2,0.2,0.2,0.2,0.2,0.3,0.3,0.3,0.3,0.3,0.3,0.3,0.3,0.3,0.4,0.4,0.4,0.4,0.4,0.4,0.4,12.100000000000003,3.025000000000001
3,00:45,0,45,45,0.1,0.1,0.1,0.1,0.1,0.3,0.4,0.2,0.3,0.3,0.4,0.1,0.1,0.1,0.1,0.1,0.1,0.2,0.2,0.3,0.3,0.3,0.4,0.1,0.1,0.1,0.1,0.1,0.2,0.2,0.2,0.2,0.2,0.2,0.2,0.3,0.3,0.3,0.3,0.3,0.3,0.3,0.3,0.3,0.4,0.4,0.4,0.4,0.4,0.4,0.4,12.100000000000003,3.025000000000001
4,01:00,1,0,60,0.1,0.1,0.1,0.1,0.1,0.3,0.4,0.2,0.3,0.3,0.4,0.1,0.1,0.1,0.1,0.1,0.1,0.2,0.2,0.3,0.3,0.3,0.4,0.1,0.1,0.1,0.1,0.1,0.2,0.2,0.2,0.2,0.2,0.2,0.2,0.3,0.3,0.3,0.3,0.3,0.3,0.3,0.3,0.3,0.4,0.4,0.4,0.4,0.4,0.4,0.4,12.100000000000003,3.025000000000001
5,01:15,1,15,75,0.1,0.1,0.1,0.1,0.1,0.3,0.4,0.2,0.3,0.3,0.4,0.1,0.1,0.1,0.1,0.1,0.1,0.2,0.2,0.3,0.3,0.3,0.4,0.1,0.1,0.1,0.1,0.1,0.2,0.2,0.2,0.2,0.2,0.2,0.2,0.3,0.3,0.3,0.3,0.3,0.3,0.3,0.3,0.3,0.4,0.4,0.4,0.4,0.4,0.4,0.4,12.100000000000003,3.025000000000001
6,01:30,1,30,90,0.1,0.1,0.1,0.1,0.1,0.3,0.4,0.2,0.3,0.3,0.4,0.1,0.1,0.1,0.1,0.1,0.1,0.2,0.2,0.3,0.3,0.3,0.4,0.1,0.1,0.1,0.1,0.1,0.2,0.2,0.2,0.2,0.2,0.2,0.2,0.3,0.3,0.3,0.3,0.3,0.3,0.3,0.3,0.3,0.4,0.4,0.4,0.4,0.4,0.4,0.4,12.100000000000003,3.025000000000001
7,01:45,1,45,105,0.1,0.1,0.1,0.1,0.1,0.3,0.4,0.2,0.3,0.3,0.4,0.1,0.1,0.1,0.1,0.1,0.1,0.2,0.2,0.3,0.3,0.3,0.4,0.1,0.1,0.1,0.1,0.1,0.2,0.2,0.2,0.2,0.2,0.2,0.2,0.3,0.3,0.3,0.3,0.3,0.3,0.3,0.3,0.3,0.4,0.4,0.4,0.4,0.4,0.4,0.4,12.100000000000003,3.025000000000001
8,02:00,2,0,120,0.1,0.1,0.1,0.1,0.1,0.3,0.4,0.2,0.3,0.3,0.4,0.1,0.1,0.1,0.1,0.1,0.1,0.2,0.2,0.3,0.3,0.3,0.4,0.1,0.1,0.1,0.1,0.1,0.2,0.2,0.2,0.2,0.2,0.2,0.2,0.3,0.3,0.3,0.3,0.3,0.3,0.3,0.3,0.3,0.4,0.4,0.4,0.4,0.4,0.4,0.4,12.100000000000003,3.025000000000001
9,02:15,2,15,135,0.1,0.1,0.1,0.1,0.1,0.3,0.4,0.2,0.3,0.3,0.4,0.1,0.1,0.1,0.1,0.1,0.1,0.2,0.2,0.3,0.3,0.3,0.4,0.1,0.1,0.1,0.1,0.1,0.2,0.2,0.2,0.2,0.2,0.2,0.2,0.3,0.3,0.3,0.3,0.3,0.3,0.3,0.3,0.3,0.4,0.4,0.4,0.4,0.4,0.4,0.4,12.100000000000003,3.025000000000001
10,02:30,2,30,150,0.1,0.1,0.1,0.1,0.1,0.3,0.4,0.2,0.3,0.3,0.4,0.1,0.1,0.1,0.1,0.1,0.1,0.2,0.2,0.3,0.3,0.3,0.4,0.1,0.1,0.1,0.1,0.1,0.2,0.2,0.2,0.2,0.2,0.2,0.2,0.3,0.3,0.3,0.3,0.3,0.3,0.3,0.3,0.3,0.4,0.4,0.4,0.4,0.4,0.4,0.4,12.100000000000003,3.025000000000001
11,02:45,2,45,165,0.1,0.1,0.1,0.1,0.1,0.3,0.4,0.2,0.3,0.3,0.4,0.1,0.1,0.1,0.1,0.1,0.1,0.2,0.2,0.3,0.3,0.3,0.4,0.1,0.1,0.1,0.1,0.1,0.2,0.2,0.2,0.2,0.2,0.2,0.2,0.3,0.3,0.3,0.3,0.3,0.3,0.3,0.3,0.3,0.4,0.4,0.4,0.4,0.4,0.4,0.4,12.100000000000003,3.025000000000001
12,03:00,3,0,180,0.1,0.1,0.1,0.1,0.1,0.3,0.4,0.2,0.3,0.3,0.4,0.1,0.1,0.1,0.1,0.1,0.1,0.2,0.2,0.3,0.3,0.3,0.4,0.1,0.1,0.1,0.1,0.1,0.2,0.2,0.2,0.2,0.2,0.2,0.2,0.3,0.3,0.3,0.3,0.3,0.3,0.3,0.3,0.3,0.4,0.4,0.4,0.4,0.4,0.4,0.4,12.100000000000003,3.025000000000001
13,03:15,3,15,195,0.1,0.1,0.1,0.1,0.1,0.3,0.4,0.2,0.3,0.3,0.4,0.1,0.1,0.1,0.1,0.1,0.1,0.2,0.2,0.3,0.3,0.3,0.4,0.1,0.1,0.1,0.1,0.1,0.2,0.2,0.2,0.2,0.2,0.2,0.2,0.3,0.3,0.3,0.3,0.3,0.3,0.3,0.3,0.3,0.4,0.4,0.4,0.4,0.4,0.4,0.4,12.100000000000003,3.025000000000001
14,03:30,3,30,210,0.1,0.1,0.1,0.1,0.1,0.3,0.4,0.2,0.3,0.3,0.4,0.1,0.1,0.1,0.1,0.1,0.1,0.2,0.2,0.3,0.3,0.3,0.4,0.1,0.1,0.1,0.1,0.1,0.2,0.2,0.2,0.2,0.2,0.2,0.2,0.3,0.3,0.3,0.3,0.3,0.3,0.3,0.3,0.3,0.4,0.4,0.4,0.4,0.4,0.4,0.4,12.100000000000003,3.025000000000001
15,03:45,3,45,225,0.1,0.1,0.1,0.1,0.1,0.3,0.4,0.2,0.3,0.3,0.4,0.1,0.1,0.1,0.1,0.1,0.1,0.2,0.2,0.3,0.3,0.3,0.4,0.1,0.1,0.1,0.1,0.1,0.2,0.2,0.2,0.2,0.2,0.2,0.2,0.3,0.3,0.3,0.3,0.3,0.3,0.3,0.3,0.3,0.4,0.4,0.4,0.4,0.4,0.4,0.4,12.100000000000003,3.025000000000001
16,04:00,4,0,240,0.1,0.1,0.1,0.1,0.1,0.3,0.4,0.2,0.3,0.3,0.4,0.1,0.1,0.1,0.1,0.1,0.1,0.2,0.2,0.3,0.3,0.3,0.4,0.1,0.1,0.1,0.1,0.1,0.2,0.2,0.2,0.2,0.2,0.2,0.2,0.3,0.3,0.3,0.3,0.3,0.3,0.3,0.3,0.3,0.4,0.4,0.4,0.4,0.4,0.4,0.4,12.100000000000003,3.025000000000001
17,04:15,4,15,255,0.1,0.1,0.1,0.1,0.1,0.3,0.4,0.2,0.3,0.3,0.4,0.1,0.1,0.1,0.1,0.1,0.1,0.2,0.2,0.3,0.3,0.3,0.4,0.1,0.1,0.1,0.1,0.1,0.2,0.2,0.2,0.2,0.2,0.2,0.2,0.3,0.3,0.3,0.3,0.3,0.3,0.3,0.3,0.3,0.4,0.4,0.4,0.4,0.4,0.4,0.4,12.100000000000003,3.025000000000001
18,04:30,4,30,270,0.1,0.1,0.1,0.1,0.1,0.3,0.4,0.2,0.3,0.3,0.4,0.1,0.1,0.1,0.1,0.1,0.1,0.2,0.2,0.3,0.3,0.3,0.4,0.1,0.1,0.1,0.1,0.1,0.2,0.2,0.2,0.2,0.2,0.2,0.2,0.3,0.3,0.3,0.3,0.3,0.3,0.3,0.3,0.3,0.4,0.4,0.4,0.4,0.4,0.4,0.4,12.100000000000003,3.025000000000001
19,04:45,4,45,285,0.1,0.1,0.1,0.1,0.1,0.3,0.4,0.2,0.3,0.3,0.4,0.1,0.1,0.1,0.1,0.1,0.1,0.2,0.2,0.3,0.3,0.3,0.4,0.1,0.1,0.1,0.1,0.1,0.2,0.2,0.2,0.2,0.2,0.2,0.2,0.3,0.3,0.3,0.3,0.3,0.3,0.3,0.3,0.3,0.4,0.4,0.4,0.4,0.4,0.4,0.4,12.100000000000003,3.025000000000001
20,05:00,5,0,300,0.1,0.1,0.1,0.1,0.1,0.3,0.4,0.2,0.3,0.3,0.4,0.1,0.1,0.1,0.1,0.1,0.1,0.2,0.2,0.3,0.3,0.3,0.4,0.1,0.1,0.1,0.1,0.1,0.2,0.2,0.2,0.2,0.2,0.2,0.2,0.3,0.3,0.3,0.3,0.3,0.3,0.3,0.3,0.3,0.4,0.4,0.4,0.4,0.4,0.4,0.4,12.100000000000003,3.025000000000001
21,05:15,5,15,315,0.1,0.1,0.1,0.1,0.1,0.3,0.4,0.2,0.3,0.3,0.4,0.1,0.1,0.1,0.1,0.1,0.1,0.2,0.2,0.3,0.3,0.3,0.4,0.1,0.1,0.1,0.1,0.1,0.2,0.2,0.2,0.2,0.2,0.2,0.2,0.3,0.3,0.3,0.3,0.3,0.3,0.3,0.3,0.3,0.4,0.4,0.4,0.4,0.4,0.4,0.4,12.100000000000003,3.025000000000001
22,05:30,5,30,330,0.1,0.1,0.1,0.1,0.1,0.3,0.4,0.2,0.3,0.3,0.4,0.1,0.1,0.1,0.1,0.1,0.1,0.2,0.2,0.3,0.3,0.3,0.4,0.1,0.1,0.1,0.1,0.1,0.2,0.2,0.2,0.2,0.2,0.2,0.2,0.3,0.3,0.3,0.3,0.3,0.3,0.3,0.3,0.3,0.4,0.4,0.4,0.4,0.4,0.4,0.4,12.100000000000003,3.025000000000001
23,05:45,5,45,345,0.1,0.1,0.1,0.1,0.1,0.3,0.4,0.2,0.3,0.3,0.4,0.1,0.1,0.1,0.1,0.1,0.1,0.2,0.2,0.3,0.3,0.3,0.4,0.1,0.1,0.1,0.1,0.1,0.2,0.2,0.2,0.2,0.2,0.2,0.2,0.3,0.3,0.3,0.3,0.3,0.3,0.3,0.3,0.3,0.4,0.4,0.4,0.4,0.4,0.4,0.4,12.100000000000003,3.025000000000001
24,06:00,6,0,360,0.1,0.1,0.1,0.1,0.1,0.3,0.4,0.2,0.3,0.3,0.4,0.1,0.1,0.1,0.1,0.1,0.1,0.2,0.2,0.3,0.3,0.3,0.4,0.1,0.1,0.1,0.1,0.1,0.2,0.2,0.2,0.2,0.2,0.2,0.2,0.3,0.3,0.3,0.3,0.3,0.3,0.3,0.3,0.3,0.4,0.4,0.4,0.4,0.4,0.4,0.4,12.100000000000003,3.025000000000001
25,06:15,6,15,375,0.1,0.1,0.1,0.1,0.1,0.3,0.4,0.2,0.3,0.3,0.4,0.1,0.1,0.1,0.1,0.1,0.1,0.2,0.2,0.3,0.3,0.3,0.4,0.1,0.1,0.1,0.1,0.1,0.2,0.2,0.2,0.2,0.2,0.2,0.2,0.3,0.3,0.3,0.3,0.3,0.3,0.3,0.3,0.3,0.4,0.4,0.4,0.4,0.4,0.4,0.4,12.100000000000003,3.025000000000001
26,06:30,6,30,390,0.1,0.1,0.1,0.1,0.1,0.3,0.4,0.2,0.3,0.3,0.4,0.1,0.1,0.1,0.1,0.1,0.1,0.2,0.2,0.3,0.3,0.3,0.4,0.1,0.1,0.1,0.1,0.1,0.2,0.2,0.2,0.2,0.2,0.2,0.2,0.3,0.3,0.3,0.3,0.3,0.3,0.3,0.3,0.3,0.4,0.4,0.4,0.4,0.4,0.4,0.4,12.100000000000003,3.025000000000001
27,06:45,6,45,405,0.1,0.1,0.1,0.1,0.1,0.3,0.4,0.2,0.3,0.3,0.4,0.1,0.1,0.1,0.1,0.1,0.1,0.2,0.2,0.3,0.3,0.3,0.4,0.1,0.1,0.1,0.1,0.1,0.2,0.2,0.2,0.2,0.2,0.2,0.2,0.3,0.3,0.3,0.3,0.3,0.3,0.3,0.3,0.3,0.4,0.4,0.4,0.4,0.4,0.4,0.4,12.100000000000003,3.025000000000001
28,07:00,7,0,420,0.1,0.1,0.1,0.1,0.1,0.3,0.4,0.2,0.3,0.3,0.4,0.1,0.1,0.1,0.1,0.1,0.1,0.2,0.2,0.3,0.3,0.3,0.4,0.1,0.1,0.1,0.1,0.1,0.2,0.2,0.2,0.2,0.2,0.2,0.2,0.3,0.3,0.3,0.3,0.3,0.3,0.3,0.3,0.3,0.4,0.4,0.4,0.4,0.4,0.4,0.4,12.100000000000003,3.025000000000001
29,07:15,7,15,435,0.1,0.1,0.1,0.1,0.1,0.3,0.4,0.2,0.3,0.3,0.4,0.1,0.1,0.1,0.1,0.1,0.1,0.2,0.2,0.3,0.3,0.3,0.4,0.1,0.1,0.1,0.1,0.1,0.2,0.2,0.2,0.2,0.2,0.2,0.2,0.3,0.3,0.3,0.3,0.3,0.3,0.3,0.3,0.3,0.4,0.4,0.4,0.4,0.4,0.4,0.4,12.100000000000003,3.025000000000001
30,07:30,7,30,450,0.1,0.1,0.1,0.1,0.1,0.3,0.4,0.2,0.3,0.3,0.4,0.1,0.1,0.1,0.1,0.1,0.1,0.2,0.2,0.3,0.3,0.3,0.4,0.1,0.1,0.1,0.1,0.1,0.2,0.2,0.2,0.2,0.2,0.2,0.2,0.3,0.3,0.3,0.3,0.3,0.3,0.3,0.3,0.3,0.4,0.4,0.4,0.4,0.4,0.4,0.4,12.100000000000003,3.025000000000001
31,07:45,7,45,465,0.1,0.1,0.1,0.1,0.1,0.3,0.4,0.2,0.3,0.3,0.4,0.1,0.1,0.1,0.1,0.1,0.1,0.2,0.2,0.3,0.3,0.3,0.4,0.1,0.1,0.1,0.1,0.1,0.2,0.2,0.2,0.2,0.2,0.2,0.2,0.3,0.3,0.3,0.3,0.3,0.3,0.3,0.3,0.3,0.4,0.4,0.4,0.4,0.4,0.4,0.4,12.100000000000003,3.025000000000001
32,08:00,8,0,480,0.1,0.1,0.1,0.1,0.1,0.3,0.4,0.2,0.3,0.3,0.4,0.1,0.1,0.1,0.1,0.1,0.1,0.2,0.2,0.3,0.3,0.3,0.4,0.1,0.1,0.1,0.1,0.1,0.2,0.2,0.2,0.2,0.2,0.2,0.2,0.3,0.3,0.3,0.3,0.3,0.3,0.3,0.3,0.3,0.4,0.4,0.4,0.4,0.4,0.4,0.4,12.100000000000003,3.025000000000001
33,08:15,8,15,495,0.1,0.1,0.1,0.1,0.1,0.3,0.4,0.2,0.3,0.3,0.4,0.1,0.1,0.1,0.1,0.1,0.1,0.2,0.2,0.3,0.3,0.3,0.4,0.1,0.1,0.1,0.1,0.1,0.2,0.2,0.2,0.2,0.2,0.2,0.2,0.3,0.3,0.3,0.3,0.3,0.3,0.3,0.3,0.3,0.4,0.4,0.4,0.4,0.4,0.4,0.4,12.100000000000003,3.025000000000001
34,08:30,8,30,510,0.1,0.1,0.1,0.1,0.1,0.3,0.4,0.2,0.3,0.3,0.4,0.1,0.1,0.1,0.1,0.1,0.1,0.2,0.2,0.3,0.3,0.3,0.4,0.1,0.1,0.1,0.1,0.1,0.2,0.2,0.2,0.2,0.2,0.2,0.2,0.3,0.3,0.3,0.3,0.3,0.3,0.3,0.3,0.3,0.4,0.4,0.4,0.4,0.4,0.4,0.4,12.100000000000003,3.025000000000001
35,08:45,8,45,525,0.1,0.1,0.1,0.1,0.1,0.3,0.4,0.2,0.3,0.3,0.4,0.1,0.1,0.1,0.1,0.1,0.1,0.2,0.2,0.3,0.3,0.3,0.4,0.1,0.1,0.1,0.1,0.1,0.2,0.2,0.2,0.2,0.2,0.2,0.2,0.3,0.3,0.3,0.3,0.3,0.3,0.3,0.3,0.3,0.4,0.4,0.4,0.4,0.4,0.4,0.4,12.100000000000003,3.025000000000001
36,09:00,9,0,540,0.1,0.1,0.1,0.1,0.1,0.3,0.4,0.2,0.3,0.3,0.4,0.1,0.1,0.1,0.1,0.1,0.1,0.2,0.2,0.3,0.3,0.3,0.4,0.1,0.1,0.1,0.1,0.1,0.2,0.2,0.2,0.2,0.2,0.2,0.2,0.3,0.3,0.3,0.3,0.3,0.3,0.3,0.3,0.3,0.4,0.4,0.4,0.4,0.4,0.4,0.4,12.100000000000003,3.025000000000001
37,09:15,9,15,555,0.1,0.1,0.1,0.1,0.1,0.3,0.4,0.2,0.3,0.3,0.4,0.1,0.1,0.1,0.1,0.1,0.1,0.2,0.2,0.3,0.3,0.3,0.4,0.1,0.1,0.1,0.1,0.1,0.2,0.2,0.2,0.2,0.2,0.2,0.2,0.3,0.3,0.3,0.3,0.3,0.3,0.3,0.3,0.3,0.4,0.4,0.4,0.4,0.4,0.4,0.4,12.100000000000003,3.025000000000001
38,09:30,9,30,570,0.1,0.1,0.1,0.1,0.1,0.3,0.4,0.2,0.3,0.3,0.4,0.1,0.1,0.1,0.1,0.1,0.1,0.2,0.2,0.3,0.3,0.3,0.4,0.1,0.1,0.1,0.1,0.1,0.2,0.2,0.2,0.2,0.2,0.2,0.2,0.3,0.3,0.3,0.3,0.3,0.3,0.3,0.3,0.3,0.4,0.4,0.4,0.4,0.4,0.4,0.4,12.100000000000003,3.025000000000001
39,09:45,9,45,585,0.1,0.1,0.1,0.1,0.1,0.3,0.4,0.2,0.3,0.3,0.4,0.1,0.1,0.1,0.1,0.1,0.1,0.2,0.2,0.3,0.3,0.3,0.4,0.1,0.1,0.1,0.1,0.1,0.2,0.2,0.2,0.2,0.2,0.2,0.2,0.3,0.3,0.3,0.3,0.3,0.3,0.3,0.3,0.3,0.4,0.4,0.4,0.4,0.4,0.4,0.4,12.100000000000003,3.025000000000001
40,10:00,10,0,600,0.1,0.1,0.1,0.1,0.1,0.3,0.4,0.2,0.3,0.3,0.4,0.1,0.1,0.1,0.1,0.1,0.1,0.2,0.2,0.3,0.3,0.3,0.4,0.1,0.1,0.1,0.1,0.1,0.2,0.2,0.2,0.2,0.2,0.2,0.2,0.3,0.3,0.3,0.3,0.3,0.3,0.3,0.3,0.3,0.4,0.4,0.4,0.4,0.4,0.4,0.4,12.100000000000003,3.025000000000001
41,10:15,10,15,615,0.1,0.1,0.1,0.1,0.1,0.3,0.4,0.2,0.3,0.3,0.4,0.1,0.1,0.1,0.1,0.1,0.1,0.2,0.2,0.3,0.3,0.3,0.4,0.1,0.1,0.1,0.1,0.1,0.2,0.2,0.2,0.2,0.2,0.2,0.2,0.3,0.3,0.3,0.3,0.3,0.3,0.3,0.3,0.3,0.4,0.4,0.4,0.4,0.4,0.4,0.4,12.100000000000003,3.025000000000001
42,10:30,10,30,630,0.1,0.1,0.1,0.1,0.1,0.3,0.4,0.2,0.3,0.3,0.4,0.1,0.1,0.1,0.1,0.1,0.1,0.2,0.2,0.3,0.3,0.3,0.4,0.1,0.1,0.1,0.1,0.1,0.2,0.2,0.2,0.2,0.2,0.2,0.2,0.3,0.3,0.3,0.3,0.3,0.3,0.3,0.3,0.3,0.4,0.4,0.4,0.4,0.4,0.4,0.4,12.100000000000003,3.025000000000001
43,10:45,10,45,645,0.1,0.1,0.1,0.1,0.1,0.3,0.4,0.2,0.3,0.3,0.4,0.1,0.1,0.1,0.1,0.1,0.1,0.2,0.2,0.3,0.3,0.3,0.4,0.1,0.1,0.1,0.1,0.1,0.2,0.2,0.2,0.2,0.2,0.2,0.2,0.3,0.3,0.3,0.3,0.3,0.3,0.3,0.3,0.3,0.4,0.4,0.4,0.4,0.4,0.4,0.4,12.100000000000003,3.025000000000001
44,11:00,11,0,660,0.1,0.1,0.1,0.1,0.1,0.3,0.4,0.2,0.3,0.3,0.4,0.1,0.1,0.1,0.1,0.1,0.1,0.2,0.2,0.3,0.3,0.3,0.4,0.1,0.1,0.1,0.1,0.1,0.2,0.2,0.2,0.2,0.2,0.2,0.2,0.3,0.3,0.3,0.3,0.3,0.3,0.3,0.3,0.3,0.4,0.4,0.4,0.4,0.4,0.4,0.4,12.100000000000003,3.025000000000001
45,11:15,11,15,675,0.1,0.1,0.1,0.1,0.1,0.3,0.4,0.2,0.3,0.3,0.4,0.1,0.1,0.1,0.1,0.1,0.1,0.2,0.2,0.3,0.3,0.3,0.4,0.1,0.1,0.1,0.1,0.1,0.2,0.2,0.2,0.2,0.2,0.2,0.2,0.3,0.3,0.3,0.3,0.3,0.3,0.3,0.3,0.3,0.4,0.4,0.4,0.4,0.4,0.4,0.4,12.100000000000003,3.025000000000001
46,11:30,11,30,690,0.1,0.1,0.1,0.1,0.1,0.3,0.4,0.2,0.3,0.3,0.4,0.1,0.1,0.1,0.1,0.1,0.1,0.2,0.2,0.3,0.3,0.3,0.4,0.1,0.1,0.1,0.1,0.1,0.2,0.2,0.2,0.2,0.2,0.2,0.2,0.3,0.3,0.3,0.3,0.3,0.3,0.3,0.3,0.3,0.4,0.4,0.4,0.4,0.4,0.4,0.4,12.100000000000003,3.025000000000001
47,11:45,11,45,705,0.1,0.1,0.1,0.1,0.1,0.3,0.4,0.2,0.3,0.3,0.4,0.1,0.1,0.1,0.1,0.1,0.1,0.2,0.2,0.3,0.3,0.3,0.4,0.1,0.1,0.1,0.1,0.1,0.2,0.2,0.2,0.2,0.2,0.2,0.2,0.3,0.3,0.3,0.3,0.3,0.3,0.3,0.3,0.3,0.4,0.4,0.4,0.4,0.4,0.4,0.4,12.100000000000003,3.025000000000001
48,12:00,12,0,720,0.1,0.1,0.1,0.1,0.1,0.3,0.4,0.2,0.3,0.3,0.4,0.1,0.1,0.1,0.1,0.1,0.1,0.2,0.2,0.3,0.3,0.3,0.4,0.1,0.1,0.1,0.1,0.1,0.2,0.2,0.2,0.2,0.2,0.2,0.2,0.3,0.3,0.3,0.3,0.3,0.3,0.3,0.3,0.3,0.4,0.4,0.4,0.4,0.4,0.4,0.4,12.100000000000003,3.025000000000001
49,12:15,12,15,735,0.1,0.1,0.1,0.1,0.1,0.3,0.4,0.2,0.3,0.3,0.4,0.1,0.1,0.1,0.1,0.1,0.1,0.2,0.2,0.3,0.3,0.3,0.4,0.1,0.1,0.1,0.1,0.1,0.2,0.2,0.2,0.2,0.2,0.2,0.2,0.3,0.3,0.3,0.3,0.3,0.3,0.3,0.3,0.3,0.4,0.4,0.4,0.4,0.4,0.4,0.4,12.100000000000003,3.025000000000001
50,12:30,12,30,750,0.1,0.1,0.1,0.1,0.1,0.3,0.4,0.2,0.3,0.3,0.4,0.1,0.1,0.1,0.1,0.1,0.1,0.2,0.2,0.3,0.3,0.3,0.4,0.1,0.1,0.1,0.1,0.1,0.2,0.2,0.2,0.2,0.2,0.2,0.2,0.3,0.3,0.3,0.3,0.3,0.3,0.3,0.3,0.3,0.4,0.4,0.4,0.4,0.4,0.4,0.4,12.100000000000003,3.025000000000001
51,12:45,12,45,765,0.1,0.1,0.1,0.1,0.1,0.3,0.4,0.2,0.3,0.3,0.4,0.1,0.1,0.1,0.1,0.1,0.1,0.2,0.2,0.3,0.3,0.3,0.4,0.1,0.1,0.1,0.1,0.1,0.2,0.2,0.2,0.2,0.2,0.2,0.2,0.3,0.3,0.3,0.3,0.3,0.3,0.3,0.3,0.3,0.4,0.4,0.4,0.4,0.4,0.4,0.4,12.100000000000003,3.025000000000001
52,13:00,13,0,780,0.1,0.1,0.1,0.1,0.1,0.3,0.4,0.2,0.3,0.3,0.4,0.1,0.1,0.1,0.1,0.1,0.1,0.2,0.2,0.3,0.3,0.3,0.4,0.1,0.1,0.1,0.1,0.1,0.2,0.2,0.2,0.2,0.2,0.2,0.2,0.3,0.3,0.3,0.3,0.3,0.3,0.3,0.3,0.3,0.4,0.4,0.4,0.4,0.4,0.4,0.4,12.100000000000003,3.025000000000001
53,13:15,13,15,795,0.1,0.1,0.1,0.1,0.1,0.3,0.4,0.2,0.3,0.3,0.4,0.1,0.1,0.1,0.1,0.1,0.1,0.2,0.2,0.3,0.3,0.3,0.4,0.1,0.1,0.1,0.1,0.1,0.2,0.2,0.2,0.2,0.2,0.2,0.2,0.3,0.3,0.3,0.3,0.3,0.3,0.3,0.3,0.3,0.4,0.4,0.4,0.4,0.4,0.4,0.4,12.100000000000003,3.025000000000001
54,13:30,13,30,810,0.1,0.1,0.1,0.1,0.1,0.3,0.4,0.2,0.3,0.3,0.4,0.1,0.1,0.1,0.1,0.1,0.1,0.2,0.2,0.3,0.3,0.3,0.4,0.1,0.1,0.1,0.1,0.1,0.2,0.2,0.2,0.2,0.2,0.2,0.2,0.3,0.3,0.3,0.3,0.3,0.3,0.3,0.3,0.3,0.4,0.4,0.4,0.4,0.4,0.4,0.4,12.100000000000003,3.025000000000001
55,13:45,13,45,825,0.1,0.1,0.1,0.1,0.1,0.3,0.4,0.2,0.3,0.3,0.4,0.1,0.1,0.1,0.1,0.1,0.1,0.2,0.2,0.3,0.3,0.3,0.4,0.1,0.1,0.1,0.1,0.1,0.2,0.2,0.2,0.2,0.2,0.2,0.2,0.3,0.3,0.3,0.3,0.3,0.3,0.3,0.3,0.3,0.4,0.4,0.4,0.4,0.4,0.4,0.4,12.100000000000003,3.025000000000001
56,14:00,14,0,840,0.1,0.1,0.1,0.1,0.1,0.3,0.4,0.2,0.3,0.3,0.4,0.1,0.1,0.1,0.1,0.1,0.1,0.2,0.2,0.3,0.3,0.3,0.4,0.1,0.1,0.1,0.1,0.1,0.2,0.2,0.2,0.2,0.2,0.2,0.2,0.3,0.3,0.3,0.3,0.3,0.3,0.3,0.3,0.3,0.4,0.4,0.4,0.4,0.4,0.4,0.4,12.100000000000003,3.025000000000001
57,14:15,14,15,855,0.1,0.1,0.1,0.1,0.1,0.3,0.4,0.2,0.3,0.3,0.4,0.1,0.1,0.1,0.1,0.1,0.1,0.2,0.2,0.3,0.3,0.3,0.4,0.1,0.1,0.1,0.1,0.1,0.2,0.2,0.2,0.2,0.2,0.2,0.2,0.3,0.3,0.3,0.3,0.3,0.3,0.3,0.3,0.3,0.4,0.4,0.4,0.4,0.4,0.4,0.4,12.100000000000003,3.025000000000001
58,14:30,14,30,870,0.1,0.1,0.1,0.1,0.1,0.3,0.4,0.2,0.3,0.3,0.4,0.1,0.1,0.1,0.1,0.1,0.1,0.2,0.2,0.3,0.3,0.3,0.4,0.1,0.1,0.1,0.1,0.1,0.2,0.2,0.2,0.2,0.2,0.2,0.2,0.3,0.3,0.3,0.3,0.3,0.3,0.3,0.3,0.3,0.4,0.4,0.4,0.4,0.4,0.4,0.4,12.100000000000003,3.025000000000001
59,14:45,14,45,885,0.1,0.1,0.1,0.1,0.1,0.3,0.4,0.2,0.3,0.3,0.4,0.1,0.1,0.1,0.1,0.1,0.1,0.2,0.2,0.3,0.3,0.3,0.4,0.1,0.1,0.1,0.1,0.1,0.2,0.2,0.2,0.2,0.2,0.2,0.2,0.3,0.3,0.3,0.3,0.3,0.3,0.3,0.3,0.3,0.4,0.4,0.4,0.4,0.4,0.4,0.4,12.100000000000003,3.025000000000001
60,15:00,15,0,900,0.1,0.1,0.1,0.1,0.1,0.3,0.4,0.2,0.3,0.3,0.4,0.1,0.1,0.1,0.1,0.1,0.1,0.2,0.2,0.3,0.3,0.3,0.4,0.1,0.1,0.1,0.1,0.1,0.2,0.2,0.2,0.2,0.2,0.2,0.2,0.3,0.3,0.3,0.3,0.3,0.3,0.3,0.3,0.3,0.4,0.4,0.4,0.4,0.4,0.4,0.4,12.100000000000003,3.025000000000001
61,15:15,15,15,915,0.1,0.1,0.1,0.1,0.1,0.3,0.4,0.2,0.3,0.3,0.4,0.1,0.1,0.1,0.1,0.1,0.1,0.2,0.2,0.3,0.3,0.3,0.4,0.1,0.1,0.1,0.1,0.1,0.2,0.2,0.2,0.2,0.2,0.2,0.2,0.3,0.3,0.3,0.3,0.3,0.3,0.3,0.3,0.3,0.4,0.4,0.4,0.4,0.4,0.4,0.4,12.100000000000003,3.025000000000001
62,15:30,15,30,930,0.1,0.1,0.1,0.1,0.1,0.3,0.4,0.2,0.3,0.3,0.4,0.1,0.1,0.1,0.1,0.1,0.1,0.2,0.2,0.3,0.3,0.3,0.4,0.1,0.1,0.1,0.1,0.1,0.2,0.2,0.2,0.2,0.2,0.2,0.2,0.3,0.3,0.3,0.3,0.3,0.3,0.3,0.3,0.3,0.4,0.4,0.4,0.4,0.4,0.4,0.4,12.100000000000003,3.025000000000001
63,15:45,15,45,945,0.1,0.1,0.1,0.1,0.1,0.3,0.4,0.2,0.3,0.3,0.4,0.1,0.1,0.1,0.1,0.1,0.1,0.2,0.2,0.3,0.3,0.3,0.4,0.1,0.1,0.1,0.1,0.1,0.2,0.2,0.2,0.2,0.2,0.2,0.2,0.3,0.3,0.3,0.3,0.3,0.3,0.3,0.3,0.3,0.4,0.4,0.4,0.4,0.4,0.4,0.4,12.100000000000003,3.025000000000001
64,16:00,16,0,960,0.1,0.1,0.1,0.1,0.1,0.3,0.4,0.2,0.3,0.3,0.4,0.1,0.1,0.1,0.1,0.1,0.1,0.2,0.2,0.3,0.3,0.3,0.4,0.1,0.1,0.1,0.1,0.1,0.2,0.2,0.2,0.2,0.2,0.2,0.2,0.3,0.3,0.3,0.3,0.3,0.3,0.3,0.3,0.3,0.4,0.4,0.4,0.4,0.4,0.4,0.4,12.100000000000003,3.025000000000001
65,16:15,16,15,975,0.1,0.1,0.1,0.1,0.1,0.3,0.4,0.2,0.3,0.3,0.4,0.1,0.1,0.1,0.1,0.1,0.1,0.2,0.2,0.3,0.3,0.3,0.4,0.1,0.1,0.1,0.1,0.1,0.2,0.2,0.2,0.2,0.2,0.2,0.2,0.3,0.3,0.3,0.3,0.3,0.3,0.3,0.3,0.3,0.4,0.4,0.4,0.4,0.4,0.4,0.4,12.100000000000003,3.025000000000001
66,16:30,16,30,990,0.1,0.1,0.1,0.1,0.1,0.3,0.4,0.2,0.3,0.3,0.4,0.1,0.1,0.1,0.1,0.1,0.1,0.2,0.2,0.3,0.3,0.3,0.4,0.1,0.1,0.1,0.1,0.1,0.2,0.2,0.2,0.2,0.2,0.2,0.2,0.3,0.3,0.3,0.3,0.3,0.3,0.3,0.3,0.3,0.4,0.4,0.4,0.4,0.4,0.4,0.4,12.100000000000003,3.025000000000001
67,16:45,16,45,1005,0.1,0.1,0.1,0.1,0.1,0.3,0.4,0.2,0.3,0.3,0.4,0.1,0.1,0.1,0.1,0.1,0.1,0.2,0.2,0.3,0.3,0.3,0.4,0.1,0.1,0.1,0.1,0.1,0.2,0.2,0.2,0.2,0.2,0.2,0.2,0.3,0.3,0.3,0.3,0.3,0.3,0.3,0.3,0.3,0.4,0.4,0.4,0.4,0.4,0.4,0.4,12.100000000000003,3.025000000000001
68,17:00,17,0,1020,0.1,0.1,0.1,0.1,0.1,0.3,0.4,0.2,0.3,0.3,0.4,0.1,0.1,0.1,0.1,0.1,0.1,0.2,0.2,0.3,0.3,0.3,0.4,0.1,0.1,0.1,0.1,0.1,0.2,0.2,0.2,0.2,0.2,0.2,0.2,0.3,0.3,0.3,0.3,0.3,0.3,0.3,0.3,0.3,0.4,0.4,0.4,0.4,0.4,0.4,0.4,12.100000000000003,3.025000000000001
69,17:15,17,15,1035,0.1,0.1,0.1,0.1,0.1,0.3,0.4,0.2,0.3,0.3,0.4,0.1,0.1,0.1,0.1,0.1,0.1,0.2,0.2,0.3,0.3,0.3,0.4,0.1,0.1,0.1,0.1,0.1,0.2,0.2,0.2,0.2,0.2,0.2,0.2,0.3,0.3,0.3,0.3,0.3,0.3,0.3,0.3,0.3,0.4,0.4,0.4,0.4,0.4,0.4,0.4,12.100000000000003,3.025000000000001
70,17:30,17,30,1050,0.1,0.1,0.1,0.1,0.1,0.3,0.4,0.2,0.3,0.3,0.4,0.1,0.1,0.1,0.1,0.1,0.1,0.2,0.2,0.3,0.3,0.3,0.4,0.1,0.1,0.1,0.1,0.1,0.2,0.2,0.2,0.2,0.2,0.2,0.2,0.3,0.3,0.3,0.3,0.3,0.3,0.3,0.3,0.3,0.4,0.4,0.4,0.4,0.4,0.4,0.4,12.100000000000003,3.025000000000001
71,17:45,17,45,1065,0.1,0.1,0.1,0.1,0.1,0.3,0.4,0.2,0.3,0.3,0.4,0.1,0.1,0.1,0.1,0.1,0.1,0.2,0.2,0.3,0.3,0.3,0.4,0.1,0.1,0.1,0.1,0.1,0.2,0.2,0.2,0.2,0.2,0.2,0.2,0.3,0.3,0.3,0.3,0.3,0.3,0.3,0.3,0.3,0.4,0.4,0.4,0.4,0.4,0.4,0.4,12.100000000000003,3.025000000000001
72,18:00,18,0,1080,0.1,0.1,0.1,0.1,0.1,0.3,0.4,0.2,0.3,0.3,0.4,0.1,0.1,0.1,0.1,0.1,0.1,0.2,0.2,0.3,0.3,0.3,0.4,0.1,0.1,0.1,0.1,0.1,0.2,0.2,0.2,0.2,0.2,0.2,0.2,0.3,0.3,0.3,0.3,0.3,0.3,0.3,0.3,0.3,0.4,0.4,0.4,0.4,0.4,0.4,0.4,12.100000000000003,3.025000000000001
73,18:15,18,15,1095,0.1,0.1,0.1,0.1,0.1,0.3,0.4,0.2,0.3,0.3,0.4,0.1,0.1,0.1,0.1,0.1,0.1,0.2,0.2,0.3,0.3,0.3,0.4,0.1,0.1,0.1,0.1,0.1,0.2,0.2,0.2,0.2,0.2,0.2,0.2,0.3,0.3,0.3,0.3,0.3,0.3,0.3,0.3,0.3,0.4,0.4,0.4,0.4,0.4,0.4,0.4,12.100000000000003,3.025000000000001
74,18:30,18,30,1110,0.1,0.1,0.1,0.1,0.1,0.3,0.4,0.2,0.3,0.3,0.4,0.1,0.1,0.1,0.1,0.1,0.1,0.2,0.2,0.3,0.3,0.3,0.4,0.1,0.1,0.1,0.1,0.1,0.2,0.2,0.2,0.2,0.2,0.2,0.2,0.3,0.3,0.3,0.3,0.3,0.3,0.3,0.3,0.3,0.4,0.4,0.4,0.4,0.4,0.4,0.4,12.100000000000003,3.025000000000001
75,18:45,18,45,1125,0.1,0.1,0.1,0.1,0.1,0.3,0.4,0.2,0.3,0.3,0.4,0.1,0.1,0.1,0.1,0.1,0.1,0.2,0.2,0.3,0.3,0.3,0.4,0.1,0.1,0.1,0.1,0.1,0.2,0.2,0.2,0.2,0.2,0.2,0.2,0.3,0.3,0.3,0.3,0.3,0.3,0.3,0.3,0.3,0.4,0.4,0.4,0.4,0.4,0.4,0.4,12.100000000000003,3.025000000000001
76,19:00,19,0,1140,0.1,0.1,0.1,0.1,0.1,0.3,0.4,0.2,0.3,0.3,0.4,0.1,0.1,0.1,0.1,0.1,0.1,0.2,0.2,0.3,0.3,0.3,0.4,0.1,0.1,0.1,0.1,0.1,0.2,0.2,0.2,0.2,0.2,0.2,0.2,0.3,0.3,0.3,0.3,0.3,0.3,0.3,0.3,0.3,0.4,0.4,0.4,0.4,0.4,0.4,0.4,12.100000000000003,3.025000000000001
77,19:15,19,15,1155,0.1,0.1,0.1,0.1,0.1,0.3,0.4,0.2,0.3,0.3,0.4,0.1,0.1,0.1,0.1,0.1,0.1,0.2,0.2,0.3,0.3,0.3,0.4,0.1,0.1,0.1,0.1,0.1,0.2,0.2,0.2,0.2,0.2,0.2,0.2,0.3,0.3,0.3,0.3,0.3,0.3,0.3,0.3,0.3,0.4,0.4,0.4,0.4,0.4,0.4,0.4,12.100000000000003,3.025000000000001
78,19:30,19,30,1170,0.1,0.1,0.1,0.1,0.1,0.3,0.4,0.2,0.3,0.3,0.4,0.1,0.1,0.1,0.1,0.1,0.1,0.2,0.2,0.3,0.3,0.3,0.4,0.1,0.1,0.1,0.1,0.1,0.2,0.2,0.2,0.2,0.2,0.2,0.2,0.3,0.3,0.3,0.3,0.3,0.3,0.3,0.3,0.3,0.4,0.4,0.4,0.4,0.4,0.4,0.4,12.100000000000003,3.025000000000001
79,19:45,19,45,1185,0.1,0.1,0.1,0.1,0.1,0.3,0.4,0.2,0.3,0.3,0.4,0.1,0.1,0.1,0.1,0.1,0.1,0.2,0.2,0.3,0.3,0.3,0.4,0.1,0.1,0.1,0.1,0.1,0.2,0.2,0.2,0.2,0.2,0.2,0.2,0.3,0.3,0.3,0.3,0.3,0.3,0.3,0.3,0.3,0.4,0.4,0.4,0.4,0.4,0.4,0.4,12.100000000000003,3.025000000000001
80,20:00,20,0,1200,0.1,0.1,0.1,0.1,0.1,0.3,0.4,0.2,0.3,0.3,0.4,0.1,0.1,0.1,0.1,0.1,0.1,0.2,0.2,0.3,0.3,0.3,0.4,0.1,0.1,0.1,0.1,0.1,0.2,0.2,0.2,0.2,0.2,0.2,0.2,0.3,0.3,0.3,0.3,0.3,0.3,0.3,0.3,0.3,0.4,0.4,0.4,0.4,0.4,0.4,0.4,12.100000000000003,3.025000000000001
81,20:15,20,15,1215,0.1,0.1,0.1,0.1,0.1,0.3,0.4,0.2,0.3,0.3,0.4,0.1,0.1,0.1,0.1,0.1,0.1,0.2,0.2,0.3,0.3,0.3,0.4,0.1,0.1,0.1,0.1,0.1,0.2,0.2,0.2,0.2,0.2,0.2,0.2,0.3,0.3,0.3,0.3,0.3,0.3,0.3,0.3,0.3,0.4,0.4,0.4,0.4,0.4,0.4,0.4,12.100000000000003,3.025000000000001
82,20:30,20,30,1230,0.1,0.1,0.1,0.1,0.1,0.3,0.4,0.2,0.3,0.3,0.4,0.1,0.1,0.1,0.1,0.1,0.1,0.2,0.2,0.3,0.3,0.3,0.4,0.1,0.1,0.1,0.1,0.1,0.2,0.2,0.2,0.2,0.2,0.2,0.2,0.3,0.3,0.3,0.3,0.3,0.3,0.3,0.3,0.3,0.4,0.4,0.4,0.4,0.4,0.4,0.4,12.100000000000003,3.025000000000001
83,20:45,20,45,1245,0.1,0.1,0.1,0.1,0.1,0.3,0.4,0.2,0.3,0.3,0.4,0.1,0.1,0.1,0.1,0.1,0.1,0.2,0.2,0.3,0.3,0.3,0.4,0.1,0.1,0.1,0.1,0.1,0.2,0.2,0.2,0.2,0.2,0.2,0.2,0.3,0.3,0.3,0.3,0.3,0.3,0.3,0.3,0.3,0.4,0.4,0.4,0.4,0.4,0.4,0.4,12.100000000000003,3.025000000000001
84,21:00,21,0,1260,0.1,0.1,0.1,0.1,0.1,0.3,0.4,0.2,0.3,0.3,0.4,0.1,0.1,0.1,0.1,0.1,0.1,0.2,0.2,0.3,0.3,0.3,0.4,0.1,0.1,0.1,0.1,0.1,0.2,0.2,0.2,0.2,0.2,0.2,0.2,0.3,0.3,0.3,0.3,0.3,0.3,0.3,0.3,0.3,0.4,0.4,0.4,0.4,0.4,0.4,0.4,12.100000000000003,3.025000000000001
85,21:15,21,15,1275,0.1,0.1,0.1,0.1,0.1,0.3,0.4,0.2,0.3,0.3,0.4,0.1,0.1,0.1,0.1,0.1,0.1,0.2,0.2,0.3,0.3,0.3,0.4,0.1,0.1,0.1,0.1,0.1,0.2,0.2,0.2,0.2,0.2,0.2,0.2,0.3,0.3,0.3,0.3,0.3,0.3,0.3,0.3,0.3,0.4,0.4,0.4,0.4,0.4,0.4,0.4,12.100000000000003,3.025000000000001
86,21:30,21,30,1290,0.1,0.1,0.1,0.1,0.1,0.3,0.4,0.2,0.3,0.3,0.4,0.1,0.1,0.1,0.1,0.1,0.1,0.2,0.2,0.3,0.3,0.3,0.4,0.1,0.1,0.1,0.1,0.1,0.2,0.2,0.2,0.2,0.2,0.2,0.2,0.3,0.3,0.3,0.3,0.3,0.3,0.3,0.3,0.3,0.4,0.4,0.4,0.4,0.4,0.4,0.4,12.100000000000003,3.025000000000001
87,21:45,21,45,1305,0.1,0.1,0.1,0.1,0.1,0.3,0.4,0.2,0.3,0.3,0.4,0.1,0.1,0.1,0.1,0.1,0.1,0.2,0.2,0.3,0.3,0.3,0.4,0.1,0.1,0.1,0.1,0.1,0.2,0.2,0.2,0.2,0.2,0.2,0.2,0.3,0.3,0.3,0.3,0.3,0.3,0.3,0.3,0.3,0.4,0.4,0.4,0.4,0.4,0.4,0.4,12.100000000000003,3.025000000000001
88,22:00,22,0,1320,0.1,0.1,0.1,0.1,0.1,0.3,0.4,0.2,0.3,0.3,0.4,0.1,0.1,0.1,0.1,0.1,0.1,0.2,0.2,0.3,0.3,0.3,0.4,0.1,0.1,0.1,0.1,0.1,0.2,0.2,0.2,0.2,0.2,0.2,0.2,0.3,0.3,0.3,0.3,0.3,0.3,0.3,0.3,0.3,0.4,0.4,0.4,0.4,0.4,0.4,0.4,12.100000000000003,3.025000000000001
89,22:15,22,15,1335,0.1,0.1,0.1,0.1,0.1,0.3,0.4,0.2,0.3,0.3,0.4,0.1,0.1,0.1,0.1,0.1,0.1,0.2,0.2,0.3,0.3,0.3,0.4,0.1,0.1,0.1,0.1,0.1,0.2,0.2,0.2,0.2,0.2,0.2,0.2,0.3,0.3,0.3,0.3,0.3,0.3,0.3,0.3,0.3,0.4,0.4,0.4,0.4,0.4,0.4,0.4,12.100000000000003,3.025000000000001
90,22:30,22,30,1350,0.1,0.1,0.1,0.1,0.1,0.3,0.4,0.2,0.3,0.3,0.4,0.1,0.1,0.1,0.1,0.1,0.1,0.2,0.2,0.3,0.3,0.3,0.4,0.1,0.1,0.1,0.1,0.1,0.2,0.2,0.2,0.2,0.2,0.2,0.2,0.3,0.3,0.3,0.3,0.3,0.3,0.3,0.3,0.3,0.4,0.4,0.4,0.4,0.4,0.4,0.4,12.100000000000003,3.025000000000001
91,22:45,22,45,1365,0.1,0.1,0.1,0.1,0.1,0.3,0.4,0.2,0.3,0.3,0.4,0.1,0.1,0.1,0.1,0.1,0.1,0.2,0.2,0.3,0.3,0.3,0.4,0.1,0.1,0.1,0.1,0.1,0.2,0.2,0.2,0.2,0.2,0.2,0.2,0.3,0.3,0.3,0.3,0.3,0.3,0.3,0.3,0.3,0.4,0.4,0.4,0.4,0.4,0.4,0.4,12.100000000000003,3.025000000000001
92,23:00,23,0,1380,0.1,0.1,0.1,0.1,0.1,0.3,0.4,0.2,0.3,0.3,0.4,0.1,0.1,0.1,0.1,0.1,0.1,0.2,0.2,0.3,0.3,0.3,0.4,0.1,0.1,0.1,0.1,0.1,0.2,0.2,0.2,0.2,0.2,0.2,0.2,0.3,0.3,0.3,0.3,0.3,0.3,0.3,0.3,0.3,0.4,0.4,0.4,0.4,0.4,0.4,0.4,12.100000000000003,3.025000000000001
93,23:15,23,15,1395,0.1,0.1,0.1,0.1,0.1,0.3,0.4,0.2,0.3,0.3,0.4,0.1,0.1,0.1,0.1,0.1,0.1,0.2,0.2,0.3,0.3,0.3,0.4,0.1,0.1,0.1,0.1,0.1,0.2,0.2,0.2,0.2,0.2,0.2,0.2,0.3,0.3,0.3,0.3,0.3,0.3,0.3,0.3,0.3,0.4,0.4,0.4,0.4,0.4,0.4,0.4,12.100000000000003,3.025000000000001
94,23:30,23,30,1410,0.1,0.1,0.1,0.1,0.1,0.3,0.4,0.2,0.3,0.3,0.4,0.1,0.1,0.1,0.1,0.1,0.1,0.2,0.2,0.3,0.3,0.3,0.4,0.1,0.1,0.1,0.1,0.1,0.2,0.2,0.2,0.2,0.2,0.2,0.2,0.3,0.3,0.3,0.3,0.3,0.3,0.3,0.3,0.3,0.4,0.4,0.4,0.4,0.4,0.4,0.4,12.100000000000003,3.025000000000001
95,23:45,23,45,1425,0.1,0.1,0.1,0.1,0.1,0.3,0.4,0.2,0.3,0.3,0.4,0.1,0.1,0.1,0.1,0.1,0.1,0.2,0.2,0.3,0.3,0.3,0.4,0.1,0.1,0.1,0.1,0.1,0.2,0.2,0.2,0.2,0.2,0.2,0.2,0.3,0.3,0.3,0.3,0.3,0.3,0.3,0.3,0.3,0.4,0.4,0.4,0.4,0.4,0.4,0.4,12.100000000000003,3.025000000000001
