step,Time,Hour,Minute,minute_of_day,pv_kw,energy_kwh
0,00:00,0,0,0,0.0,0.0
1,00:01,0,1,1,0.0,0.0
2,00:02,0,2,2,0.0,0.0
3,00:03,0,3,3,0.0,0.0
4,00:04,0,4,4,0.0,0.0
5,00:05,0,5,5,0.0,0.0
6,00:06,0,6,6,0.0,0.0
7,00:07,0,7,7,0.0,0.0
8,00:08,0,8,8,0.0,0.0
9,00:09,0,9,9,0.0,0.0
10,00:10,0,10,10,0.0,0.0
11,00:11,0,11,11,0.0,0.0
12,00:12,0,12,12,0.0,0.0
13,00:13,0,13,13,0.0,0.0
14,00:14,0,14,14,0.0,0.0
15,00:15,0,15,15,0.0,0.0
16,00:16,0,16,16,0.0,0.0
17,00:17,0,17,17,0.0,0.0
18,00:18,0,18,18,0.0,0.0
19,00:19,0,19,19,0.0,0.0
20,00:20,0,20,20,0.0,0.0
21,00:21,0,21,21,0.0,0.0
22,00:22,0,22,22,0.0,0.0
23,00:23,0,23,23,0.0,0.0
24,00:24,0,24,24,0.0,0.0
25,00:25,0,25,25,0.0,0.0
26,00:26,0,26,26,0.0,0.0
27,00:27,0,27,27,0.0,0.0
28,00:28,0,28,28,0.0,0.0
29,00:29,0,29,29,0.0,0.0
30,00:30,0,30,30,0.0,0.0
31,00:31,0,31,31,0.0,0.0
32,00:32,0,32,32,0.0,0.0
33,00:33,0,33,33,0.0,0.0
34,00:34,0,34,34,0.0,0.0
35,00:35,0,35,35,0.0,0.0
36,00:36,0,36,36,0.0,0.0
37,00:37,0,37,37,0.0,0.0
38,00:38,0,38,38,0.0,0.0
39,00:39,0,39,39,0.0,0.0
40,00:40,0,40,40,0.0,0.0
41,00:41,0,41,41,0.0,0.0
42,00:42,0,42,42,0.0,0.0
43,00:43,0,43,43,0.0,0.0
44,00:44,0,44,44,0.0,0.0
45,00:45,0,45,45,0.0,0.0
46,00:46,0,46,46,0.0,0.0
47,00:47,0,47,47,0.0,0.0
48,00:48,0,48,48,0.0,0.0
49,00:49,0,49,49,0.0,0.0
50,00:50,0,50,50,0.0,0.0
51,00:51,0,51,51,0.0,0.0
52,00:52,0,52,52,0.0,0.0
53,00:53,0,53,53,0.0,0.0
54,00:54,0,54,54,0.0,0.0
55,00:55,0,55,55,0.0,0.0
56,00:56,0,56,56,0.0,0.0
57,00:57,0,57,57,0.0,0.0
58,00:58,0,58,58,0.0,0.0
59,00:59,0,59,59,0.0,0.0
60,01:00,1,0,60,0.0,0.0
61,01:01,1,1,61,0.0,0.0
62,01:02,1,2,62,0.0,0.0
63,01:03,1,3,63,0.0,0.0
64,01:04,1,4,64,0.0,0.0
65,01:05,1,5,65,0.0,0.0
66,01:06,1,6,66,0.0,0.0
67,01:07,1,7,67,0.0,0.0
68,01:08,1,8,68,0.0,0.0
69,01:09,1,9,69,0.0,0.0
70,01:10,1,10,70,0.0,0.0
71,01:11,1,11,71,0.0,0.0
72,01:12,1,12,72,0.0,0.0
73,01:13,1,13,73,0.0,0.0
74,01:14,1,14,74,0.0,0.0
75,01:15,1,15,75,0.0,0.0
76,01:16,1,16,76,0.0,0.0
77,01:17,1,17,77,0.0,0.0
78,01:18,1,18,78,0.0,0.0
79,01:19,1,19,79,0.0,0.0
80,01:20,1,20,80,0.0,0.0
81,01:21,1,21,81,0.0,0.0
82,01:22,1,22,82,0.0,0.0
83,01:23,1,23,83,0.0,0.0
84,01:24,1,24,84,0.0,0.0
85,01:25,1,25,85,0.0,0.0
86,01:26,1,26,86,0.0,0.0
87,01:27,1,27,87,0.0,0.0
88,01:28,1,28,88,0.0,0.0
89,01:29,1,29,89,0.0,0.0
90,01:30,1,30,90,0.0,0.0
91,01:31,1,31,91,0.0,0.0
92,01:32,1,32,92,0.0,0.0
93,01:33,1,33,93,0.0,0.0
94,01:34,1,34,94,0.0,0.0
95,01:35,1,35,95,0.0,0.0
96,01:36,1,36,96,0.0,0.0
97,01:37,1,37,97,0.0,0.0
98,01:38,1,38,98,0.0,0.0
99,01:39,1,39,99,0.0,0.0
100,01:40,1,40,100,0.0,0.0
101,01:41,1,41,101,0.0,0.0
102,01:42,1,42,102,0.0,0.0
103,01:43,1,43,103,0.0,0.0
104,01:44,1,44,104,0.0,0.0
105,01:45,1,45,105,0.0,0.0
106,01:46,1,46,106,0.0,0.0
107,01:47,1,47,107,0.0,0.0
108,01:48,1,48,108,0.0,0.0
109,01:49,1,49,109,0.0,0.0
110,01:50,1,50,110,0.0,0.0
111,01:51,1,51,111,0.0,0.0
112,01:52,1,52,112,0.0,0.0
113,01:53,1,53,113,0.0,0.0
114,01:54,1,54,114,0.0,0.0
115,01:55,1,55,115,0.0,0.0
116,01:56,1,56,116,0.0,0.0
117,01:57,1,57,117,0.0,0.0
118,01:58,1,58,118,0.0,0.0
119,01:59,1,59,119,0.0,0.0
120,02:00,2,0,120,0.0,0.0
121,02:01,2,1,121,0.0,0.0
122,02:02,2,2,122,0.0,0.0
123,02:03,2,3,123,0.0,0.0
124,02:04,2,4,124,0.0,0.0
125,02:05,2,5,125,0.0,0.0
126,02:06,2,6,126,0.0,0.0
127,02:07,2,7,127,0.0,0.0
128,02:08,2,8,128,0.0,0.0
129,02:09,2,9,129,0.0,0.0
130,02:10,2,10,130,0.0,0.0
131,02:11,2,11,131,0.0,0.0
132,02:12,2,12,132,0.0,0.0
133,02:13,2,13,133,0.0,0.0
134,02:14,2,14,134,0.0,0.0
135,02:15,2,15,135,0.0,0.0
136,02:16,2,16,136,0.0,0.0
137,02:17,2,17,137,0.0,0.0
138,02:18,2,18,138,0.0,0.0
139,02:19,2,19,139,0.0,0.0
140,02:20,2,20,140,0.0,0.0
141,02:21,2,21,141,0.0,0.0
142,02:22,2,22,142,0.0,0.0
143,02:23,2,23,143,0.0,0.0
144,02:24,2,24,144,0.0,0.0
145,02:25,2,25,145,0.0,0.0
146,02:26,2,26,146,0.0,0.0
147,02:27,2,27,147,0.0,0.0
148,02:28,2,28,148,0.0,0.0
149,02:29,2,29,149,0.0,0.0
150,02:30,2,30,150,0.0,0.0
151,02:31,2,31,151,0.0,0.0
152,02:32,2,32,152,0.0,0.0
153,02:33,2,33,153,0.0,0.0
154,02:34,2,34,154,0.0,0.0
155,02:35,2,35,155,0.0,0.0
156,02:36,2,36,156,0.0,0.0
157,02:37,2,37,157,0.0,0.0
158,02:38,2,38,158,0.0,0.0
159,02:39,2,39,159,0.0,0.0
160,02:40,2,40,160,0.0,0.0
161,02:41,2,41,161,0.0,0.0
162,02:42,2,42,162,0.0,0.0
163,02:43,2,43,163,0.0,0.0
164,02:44,2,44,164,0.0,0.0
165,02:45,2,45,165,0.0,0.0
166,02:46,2,46,166,0.0,0.0
167,02:47,2,47,167,0.0,0.0
168,02:48,2,48,168,0.0,0.0
169,02:49,2,49,169,0.0,0.0
170,02:50,2,50,170,0.0,0.0
171,02:51,2,51,171,0.0,0.0
172,02:52,2,52,172,0.0,0.0
173,02:53,2,53,173,0.0,0.0
174,02:54,2,54,174,0.0,0.0
175,02:55,2,55,175,0.0,0.0
176,02:56,2,56,176,0.0,0.0
177,02:57,2,57,177,0.0,0.0
178,02:58,2,58,178,0.0,0.0
179,02:59,2,59,179,0.0,0.0
180,03:00,3,0,180,0.0,0.0
181,03:01,3,1,181,0.0,0.0
182,03:02,3,2,182,0.0,0.0
183,03:03,3,3,183,0.0,0.0
184,03:04,3,4,184,0.0,0.0
185,03:05,3,5,185,0.0,0.0
186,03:06,3,6,186,0.0,0.0
187,03:07,3,7,187,0.0,0.0
188,03:08,3,8,188,0.0,0.0
189,03:09,3,9,189,0.0,0.0
190,03:10,3,10,190,0.0,0.0
191,03:11,3,11,191,0.0,0.0
192,03:12,3,12,192,0.0,0.0
193,03:13,3,13,193,0.0,0.0
194,03:14,3,14,194,0.0,0.0
195,03:15,3,15,195,0.0,0.0
196,03:16,3,16,196,0.0,0.0
197,03:17,3,17,197,0.0,0.0
198,03:18,3,18,198,0.0,0.0
199,03:19,3,19,199,0.0,0.0
200,03:20,3,20,200,0.0,0.0
201,03:21,3,21,201,0.0,0.0
202,03:22,3,22,202,0.0,0.0
203,03:23,3,23,203,0.0,0.0
204,03:24,3,24,204,0.0,0.0
205,03:25,3,25,205,0.0,0.0
206,03:26,3,26,206,0.0,0.0
207,03:27,3,27,207,0.0,0.0
208,03:28,3,28,208,0.0,0.0
209,03:29,3,29,209,0.0,0.0
210,03:30,3,30,210,0.0,0.0
211,03:31,3,31,211,0.0,0.0
212,03:32,3,32,212,0.0,0.0
213,03:33,3,33,213,0.0,0.0
214,03:34,3,34,214,0.0,0.0
215,03:35,3,35,215,0.0,0.0
216,03:36,3,36,216,0.0,0.0
217,03:37,3,37,217,0.0,0.0
218,03:38,3,38,218,0.0,0.0
219,03:39,3,39,219,0.0,0.0
220,03:40,3,40,220,0.0,0.0
221,03:41,3,41,221,0.0,0.0
222,03:42,3,42,222,0.0,0.0
223,03:43,3,43,223,0.0,0.0
224,03:44,3,44,224,0.0,0.0
225,03:45,3,45,225,0.0,0.0
226,03:46,3,46,226,0.0,0.0
227,03:47,3,47,227,0.0,0.0
228,03:48,3,48,228,0.0,0.0
229,03:49,3,49,229,0.0,0.0
230,03:50,3,50,230,0.0,0.0
231,03:51,3,51,231,0.0,0.0
232,03:52,3,52,232,0.0,0.0
233,03:53,3,53,233,0.0,0.0
234,03:54,3,54,234,0.0,0.0
235,03:55,3,55,235,0.0,0.0
236,03:56,3,56,236,0.0,0.0
237,03:57,3,57,237,0.0,0.0
238,03:58,3,58,238,0.0,0.0
239,03:59,3,59,239,0.0,0.0
240,04:00,4,0,240,0.0,0.0
241,04:01,4,1,241,0.0,0.0
242,04:02,4,2,242,0.0,0.0
243,04:03,4,3,243,0.0,0.0
244,04:04,4,4,244,0.0,0.0
245,04:05,4,5,245,0.0,0.0
246,04:06,4,6,246,0.0,0.0
247,04:07,4,7,247,0.0,0.0
248,04:08,4,8,248,0.0,0.0
249,04:09,4,9,249,0.0,0.0
250,04:10,4,10,250,0.0,0.0
251,04:11,4,11,251,0.0,0.0
252,04:12,4,12,252,0.0,0.0
253,04:13,4,13,253,0.0,0.0
254,04:14,4,14,254,0.0,0.0
255,04:15,4,15,255,0.0,0.0
256,04:16,4,16,256,0.0,0.0
257,04:17,4,17,257,0.0,0.0
258,04:18,4,18,258,0.0,0.0
259,04:19,4,19,259,0.0,0.0
260,04:20,4,20,260,0.0,0.0
261,04:21,4,21,261,0.0,0.0
262,04:22,4,22,262,0.0,0.0
263,04:23,4,23,263,0.0,0.0
264,04:24,4,24,264,0.0,0.0
265,04:25,4,25,265,0.0,0.0
266,04:26,4,26,266,0.0,0.0
267,04:27,4,27,267,0.0,0.0
268,04:28,4,28,268,0.0,0.0
269,04:29,4,29,269,0.0,0.0
270,04:30,4,30,270,0.0,0.0
271,04:31,4,31,271,0.0,0.0
272,04:32,4,32,272,0.0,0.0
273,04:33,4,33,273,0.0,0.0
274,04:34,4,34,274,0.0,0.0
275,04:35,4,35,275,0.0,0.0
276,04:36,4,36,276,0.0,0.0
277,04:37,4,37,277,0.0,0.0
278,04:38,4,38,278,0.0,0.0
279,04:39,4,39,279,0.0,0.0
280,04:40,4,40,280,0.0,0.0
281,04:41,4,41,281,0.0,0.0
282,04:42,4,42,282,0.0,0.0
283,04:43,4,43,283,0.0,0.0
284,04:44,4,44,284,0.0,0.0
285,04:45,4,45,285,0.0,0.0
286,04:46,4,46,286,0.0,0.0
287,04:47,4,47,287,0.0,0.0
288,04:48,4,48,288,0.0,0.0
289,04:49,4,49,289,0.0,0.0
290,04:50,4,50,290,0.0,0.0
291,04:51,4,51,291,0.0,0.0
292,04:52,4,52,292,0.0,0.0
293,04:53,4,53,293,0.0,0.0
294,04:54,4,54,294,0.0,0.0
295,04:55,4,55,295,0.0,0.0
296,04:56,4,56,296,0.0,0.0
297,04:57,4,57,297,0.0,0.0
298,04:58,4,58,298,0.0,0.0
299,04:59,4,59,299,0.0,0.0
300,05:00,5,0,300,0.0,0.0
301,05:01,5,1,301,0.0,0.0
302,05:02,5,2,302,0.0,0.0
303,05:03,5,3,303,0.0,0.0
304,05:04,5,4,304,0.0,0.0
305,05:05,5,5,305,0.0,0.0
306,05:06,5,6,306,0.0,0.0
307,05:07,5,7,307,0.0,0.0
308,05:08,5,8,308,0.0,0.0
309,05:09,5,9,309,0.0,0.0
310,05:10,5,10,310,0.0,0.0
311,05:11,5,11,311,0.0,0.0
312,05:12,5,12,312,0.0,0.0
313,05:13,5,13,313,0.0,0.0
314,05:14,5,14,314,0.0,0.0
315,05:15,5,15,315,0.0,0.0
316,05:16,5,16,316,0.0,0.0
317,05:17,5,17,317,0.0,0.0
318,05:18,5,18,318,0.0,0.0
319,05:19,5,19,319,0.0,0.0
320,05:20,5,20,320,0.0,0.0
321,05:21,5,21,321,0.0,0.0
322,05:22,5,22,322,0.0,0.0
323,05:23,5,23,323,0.0,0.0
324,05:24,5,24,324,0.0,0.0
325,05:25,5,25,325,0.0,0.0
326,05:26,5,26,326,0.0,0.0
327,05:27,5,27,327,0.0,0.0
328,05:28,5,28,328,0.0,0.0
329,05:29,5,29,329,0.0,0.0
330,05:30,5,30,330,0.0,0.0
331,05:31,5,31,331,0.0,0.0
332,05:32,5,32,332,0.0,0.0
333,05:33,5,33,333,0.0,0.0
334,05:34,5,34,334,0.0,0.0
335,05:35,5,35,335,0.0,0.0
336,05:36,5,36,336,0.0,0.0
337,05:37,5,37,337,0.0,0.0
338,05:38,5,38,338,0.0,0.0
339,05:39,5,39,339,0.0,0.0
340,05:40,5,40,340,0.0,0.0
341,05:41,5,41,341,0.0,0.0
342,05:42,5,42,342,0.0,0.0
343,05:43,5,43,343,0.0,0.0
344,05:44,5,44,344,0.0,0.0
345,05:45,5,45,345,0.0,0.0
346,05:46,5,46,346,0.0,0.0
347,05:47,5,47,347,0.0,0.0
348,05:48,5,48,348,0.0,0.0
349,05:49,5,49,349,0.0,0.0
350,05:50,5,50,350,0.0,0.0
351,05:51,5,51,351,0.0,0.0
352,05:52,5,52,352,0.0,0.0
353,05:53,5,53,353,0.0,0.0
354,05:54,5,54,354,0.0,0.0
355,05:55,5,55,355,0.0,0.0
356,05:56,5,56,356,0.0,0.0
357,05:57,5,57,357,0.0,0.0
358,05:58,5,58,358,0.0,0.0
359,05:59,5,59,359,0.0,0.0
360,06:00,6,0,360,0.0,0.0
361,06:01,6,1,361,0.02,0.0003333333333333333
362,06:02,6,2,362,0.05,0.0008333333333333334
363,06:03,6,3,363,0.0,0.0
364,06:04,6,4,364,0.114,0.0019
365,06:05,6,5,365,0.119,0.001983333333333333
366,06:06,6,6,366,0.181,0.0030166666666666666
367,06:07,6,7,367,0.196,0.003266666666666667
368,06:08,6,8,368,0.244,0.004066666666666666
369,06:09,6,9,369,0.235,0.003916666666666666
370,06:10,6,10,370,0.206,0.003433333333333333
371,06:11,6,11,371,0.182,0.003033333333333333
372,06:12,6,12,372,0.311,0.005183333333333333
373,06:13,6,13,373,0.308,0.0051333333333333335
374,06:14,6,14,374,0.309,0.00515
375,06:15,6,15,375,0.306,0.0050999999999999995
376,06:16,6,16,376,0.384,0.0064
377,06:17,6,17,377,0.345,0.00575
378,06:18,6,18,378,0.437,0.0072833333333333335
379,06:19,6,19,379,0.383,0.006383333333333334
380,06:20,6,20,380,0.429,0.00715
381,06:21,6,21,381,0.448,0.007466666666666667
382,06:22,6,22,382,0.53,0.008833333333333334
383,06:23,6,23,383,0.503,0.008383333333333333
384,06:24,6,24,384,0.581,0.009683333333333332
385,06:25,6,25,385,0.591,0.00985
386,06:26,6,26,386,0.555,0.009250000000000001
387,06:27,6,27,387,0.58,0.009666666666666665
388,06:28,6,28,388,0.623,0.010383333333333333
389,06:29,6,29,389,0.646,0.010766666666666667
390,06:30,6,30,390,0.613,0.010216666666666666
391,06:31,6,31,391,0.665,0.011083333333333334
392,06:32,6,32,392,0.597,0.009949999999999999
393,06:33,6,33,393,0.748,0.012466666666666666
394,06:34,6,34,394,0.797,0.013283333333333334
395,06:35,6,35,395,0.758,0.012633333333333333
396,06:36,6,36,396,0.764,0.012733333333333333
397,06:37,6,37,397,0.795,0.01325
398,06:38,6,38,398,0.81,0.0135
399,06:39,6,39,399,0.865,0.014416666666666666
400,06:40,6,40,400,0.879,0.01465
401,06:41,6,41,401,0.835,0.013916666666666666
402,06:42,6,42,402,0.896,0.014933333333333333
403,06:43,6,43,403,0.957,0.01595
404,06:44,6,44,404,0.952,0.015866666666666664
405,06:45,6,45,405,0.975,0.01625
406,06:46,6,46,406,0.989,0.016483333333333332
407,06:47,6,47,407,1.037,0.01728333333333333
408,06:48,6,48,408,1.064,0.017733333333333334
409,06:49,6,49,409,1.044,0.0174
410,06:50,6,50,410,1.066,0.017766666666666667
411,06:51,6,51,411,1.043,0.01738333333333333
412,06:52,6,52,412,1.128,0.018799999999999997
413,06:53,6,53,413,1.133,0.018883333333333332
414,06:54,6,54,414,1.141,0.019016666666666668
415,06:55,6,55,415,1.14,0.019
416,06:56,6,56,416,1.206,0.0201
417,06:57,6,57,417,1.235,0.020583333333333335
418,06:58,6,58,418,1.276,0.021266666666666666
419,06:59,6,59,419,1.296,0.0216
420,07:00,7,0,420,1.293,0.02155
421,07:01,7,1,421,1.342,0.022366666666666667
422,07:02,7,2,422,1.278,0.0213
423,07:03,7,3,423,1.347,0.022449999999999998
424,07:04,7,4,424,1.317,0.021949999999999997
425,07:05,7,5,425,1.4,0.02333333333333333
426,07:06,7,6,426,1.441,0.02401666666666667
427,07:07,7,7,427,1.459,0.024316666666666667
428,07:08,7,8,428,1.486,0.024766666666666666
429,07:09,7,9,429,1.498,0.024966666666666665
430,07:10,7,10,430,1.515,0.025249999999999998
431,07:11,7,11,431,1.536,0.0256
432,07:12,7,12,432,1.521,0.025349999999999998
433,07:13,7,13,433,1.583,0.02638333333333333
434,07:14,7,14,434,1.569,0.02615
435,07:15,7,15,435,1.585,0.026416666666666665
436,07:16,7,16,436,1.628,0.027133333333333332
437,07:17,7,17,437,1.646,0.02743333333333333
438,07:18,7,18,438,1.725,0.02875
439,07:19,7,19,439,1.714,0.028566666666666667
440,07:20,7,20,440,1.761,0.029349999999999998
441,07:21,7,21,441,1.699,0.028316666666666667
442,07:22,7,22,442,1.765,0.029416666666666664
443,07:23,7,23,443,1.792,0.029866666666666666
444,07:24,7,24,444,1.765,0.029416666666666664
445,07:25,7,25,445,1.841,0.030683333333333333
446,07:26,7,26,446,1.839,0.03065
447,07:27,7,27,447,1.891,0.031516666666666665
448,07:28,7,28,448,1.904,0.03173333333333333
449,07:29,7,29,449,1.884,0.0314
450,07:30,7,30,450,1.889,0.031483333333333335
451,07:31,7,31,451,1.909,0.03181666666666667
452,07:32,7,32,452,1.953,0.03255
453,07:33,7,33,453,2.006,0.03343333333333333
454,07:34,7,34,454,1.989,0.03315
455,07:35,7,35,455,2.017,0.03361666666666666
456,07:36,7,36,456,2.069,0.03448333333333333
457,07:37,7,37,457,2.068,0.034466666666666666
458,07:38,7,38,458,2.07,0.034499999999999996
459,07:39,7,39,459,2.072,0.03453333333333333
460,07:40,7,40,460,2.097,0.03495
461,07:41,7,41,461,2.117,0.03528333333333333
462,07:42,7,42,462,2.159,0.03598333333333333
463,07:43,7,43,463,2.212,0.03686666666666667
464,07:44,7,44,464,2.174,0.03623333333333333
465,07:45,7,45,465,2.223,0.03705
466,07:46,7,46,466,2.19,0.0365
467,07:47,7,47,467,2.231,0.03718333333333333
468,07:48,7,48,468,2.301,0.03835
469,07:49,7,49,469,2.242,0.037366666666666666
470,07:50,7,50,470,2.323,0.03871666666666666
471,07:51,7,51,471,2.273,0.03788333333333334
472,07:52,7,52,472,2.285,0.03808333333333334
473,07:53,7,53,473,2.412,0.0402
474,07:54,7,54,474,2.393,0.039883333333333326
475,07:55,7,55,475,2.408,0.04013333333333333
476,07:56,7,56,476,2.429,0.04048333333333333
477,07:57,7,57,477,2.427,0.04045
478,07:58,7,58,478,2.476,0.04126666666666667
479,07:59,7,59,479,2.41,0.04016666666666667
480,08:00,8,0,480,2.469,0.04115
481,08:01,8,1,481,2.55,0.042499999999999996
482,08:02,8,2,482,2.529,0.04215
483,08:03,8,3,483,2.526,0.0421
484,08:04,8,4,484,2.533,0.042216666666666666
485,08:05,8,5,485,2.619,0.04365
486,08:06,8,6,486,2.581,0.04301666666666667
487,08:07,8,7,487,2.623,0.04371666666666667
488,08:08,8,8,488,2.699,0.044983333333333334
489,08:09,8,9,489,2.661,0.04435
490,08:10,8,10,490,2.734,0.045566666666666665
491,08:11,8,11,491,2.734,0.045566666666666665
492,08:12,8,12,492,2.725,0.04541666666666667
493,08:13,8,13,493,2.714,0.045233333333333334
494,08:14,8,14,494,2.712,0.045200000000000004
495,08:15,8,15,495,2.816,0.04693333333333333
496,08:16,8,16,496,2.835,0.04725
497,08:17,8,17,497,2.84,0.04733333333333333
498,08:18,8,18,498,2.836,0.047266666666666665
499,08:19,8,19,499,2.895,0.04825
500,08:20,8,20,500,2.859,0.04765
501,08:21,8,21,501,2.865,0.04775
502,08:22,8,22,502,2.946,0.049100000000000005
503,08:23,8,23,503,2.974,0.04956666666666667
504,08:24,8,24,504,2.95,0.04916666666666667
505,08:25,8,25,505,2.973,0.04955
506,08:26,8,26,506,2.968,0.049466666666666666
507,08:27,8,27,507,2.936,0.04893333333333333
508,08:28,8,28,508,3.023,0.050383333333333336
509,08:29,8,29,509,3.017,0.05028333333333333
510,08:30,8,30,510,3.066,0.0511
511,08:31,8,31,511,3.098,0.05163333333333333
512,08:32,8,32,512,3.023,0.050383333333333336
513,08:33,8,33,513,3.115,0.051916666666666667
514,08:34,8,34,514,3.081,0.05135
515,08:35,8,35,515,3.147,0.05245
516,08:36,8,36,516,3.166,0.05276666666666666
517,08:37,8,37,517,3.151,0.05251666666666666
518,08:38,8,38,518,3.175,0.05291666666666666
519,08:39,8,39,519,3.212,0.053533333333333336
520,08:40,8,40,520,3.215,0.05358333333333333
521,08:41,8,41,521,3.24,0.054
522,08:42,8,42,522,3.216,0.0536
523,08:43,8,43,523,3.293,0.05488333333333333
524,08:44,8,44,524,3.262,0.05436666666666667
525,08:45,8,45,525,3.296,0.05493333333333333
526,08:46,8,46,526,3.313,0.05521666666666667
527,08:47,8,47,527,3.336,0.0556
528,08:48,8,48,528,3.379,0.05631666666666667
529,08:49,8,49,529,3.365,0.05608333333333334
530,08:50,8,50,530,3.383,0.056383333333333334
531,08:51,8,51,531,3.364,0.05606666666666666
532,08:52,8,52,532,3.433,0.057216666666666666
533,08:53,8,53,533,3.415,0.056916666666666664
534,08:54,8,54,534,3.411,0.05685
535,08:55,8,55,535,3.413,0.05688333333333333
536,08:56,8,56,536,3.496,0.05826666666666667
537,08:57,8,57,537,3.476,0.05793333333333333
538,08:58,8,58,538,3.516,0.0586
539,08:59,8,59,539,3.468,0.0578
540,09:00,9,0,540,3.553,0.05921666666666667
541,09:01,9,1,541,3.506,0.05843333333333333
542,09:02,9,2,542,3.599,0.05998333333333333
543,09:03,9,3,543,3.556,0.05926666666666667
544,09:04,9,4,544,3.643,0.06071666666666666
545,09:05,9,5,545,3.54,0.059
546,09:06,9,6,546,3.697,0.06161666666666667
547,09:07,9,7,547,3.612,0.060200000000000004
548,09:08,9,8,548,3.61,0.06016666666666667
549,09:09,9,9,549,3.668,0.06113333333333334
550,09:10,9,10,550,3.693,0.06155
551,09:11,9,11,551,3.694,0.061566666666666665
552,09:12,9,12,552,3.719,0.06198333333333333
553,09:13,9,13,553,3.724,0.062066666666666666
554,09:14,9,14,554,3.747,0.06245
555,09:15,9,15,555,3.722,0.06203333333333333
556,09:16,9,16,556,3.763,0.06271666666666667
557,09:17,9,17,557,3.785,0.06308333333333334
558,09:18,9,18,558,3.772,0.06286666666666667
559,09:19,9,19,559,3.83,0.06383333333333334
560,09:20,9,20,560,3.805,0.06341666666666666
561,09:21,9,21,561,3.826,0.06376666666666667
562,09:22,9,22,562,3.864,0.0644
563,09:23,9,23,563,3.896,0.06493333333333333
564,09:24,9,24,564,3.867,0.06445
565,09:25,9,25,565,3.902,0.06503333333333333
566,09:26,9,26,566,3.902,0.06503333333333333
567,09:27,9,27,567,3.904,0.06506666666666666
568,09:28,9,28,568,3.962,0.06603333333333333
569,09:29,9,29,569,4.004,0.06673333333333333
570,09:30,9,30,570,1.62,0.027
571,09:31,9,31,571,1.716,0.0286
572,09:32,9,32,572,1.281,0.021349999999999997
573,09:33,9,33,573,1.556,0.025933333333333333
574,09:34,9,34,574,1.428,0.023799999999999998
575,09:35,9,35,575,2.124,0.0354
576,09:36,9,36,576,2.298,0.0383
577,09:37,9,37,577,1.474,0.024566666666666667
578,09:38,9,38,578,2.119,0.03531666666666667
579,09:39,9,39,579,1.326,0.0221
580,09:40,9,40,580,2.16,0.036000000000000004
581,09:41,9,41,581,1.536,0.0256
582,09:42,9,42,582,1.407,0.02345
583,09:43,9,43,583,2.005,0.033416666666666664
584,09:44,9,44,584,1.5,0.025
585,09:45,9,45,585,4.11,0.0685
586,09:46,9,46,586,4.166,0.06943333333333333
587,09:47,9,47,587,4.223,0.07038333333333333
588,09:48,9,48,588,4.187,0.06978333333333334
589,09:49,9,49,589,4.198,0.06996666666666668
590,09:50,9,50,590,4.202,0.07003333333333334
591,09:51,9,51,591,4.234,0.07056666666666667
592,09:52,9,52,592,4.238,0.07063333333333334
593,09:53,9,53,593,4.258,0.07096666666666666
594,09:54,9,54,594,4.299,0.07165
595,09:55,9,55,595,4.297,0.07161666666666666
596,09:56,9,56,596,4.329,0.07214999999999999
597,09:57,9,57,597,4.287,0.07145
598,09:58,9,58,598,4.288,0.07146666666666666
599,09:59,9,59,599,4.303,0.07171666666666666
600,10:00,10,0,600,4.27,0.07116666666666666
601,10:01,10,1,601,4.333,0.07221666666666667
602,10:02,10,2,602,4.379,0.07298333333333333
603,10:03,10,3,603,4.361,0.07268333333333332
604,10:04,10,4,604,4.367,0.07278333333333334
605,10:05,10,5,605,4.419,0.07365
606,10:06,10,6,606,4.409,0.07348333333333333
607,10:07,10,7,607,4.428,0.0738
608,10:08,10,8,608,4.409,0.07348333333333333
609,10:09,10,9,609,4.436,0.07393333333333334
610,10:10,10,10,610,4.391,0.07318333333333334
611,10:11,10,11,611,4.468,0.07446666666666667
612,10:12,10,12,612,4.447,0.07411666666666666
613,10:13,10,13,613,4.493,0.07488333333333334
614,10:14,10,14,614,4.433,0.07388333333333333
615,10:15,10,15,615,4.426,0.07376666666666667
616,10:16,10,16,616,4.547,0.07578333333333333
617,10:17,10,17,617,4.517,0.07528333333333334
618,10:18,10,18,618,4.516,0.07526666666666666
619,10:19,10,19,619,4.558,0.07596666666666667
620,10:20,10,20,620,4.595,0.07658333333333332
621,10:21,10,21,621,4.554,0.07590000000000001
622,10:22,10,22,622,4.522,0.07536666666666667
623,10:23,10,23,623,4.542,0.07569999999999999
624,10:24,10,24,624,4.57,0.07616666666666667
625,10:25,10,25,625,4.574,0.07623333333333333
626,10:26,10,26,626,4.65,0.0775
627,10:27,10,27,627,4.583,0.07638333333333333
628,10:28,10,28,628,4.609,0.07681666666666667
629,10:29,10,29,629,4.584,0.0764
630,10:30,10,30,630,4.654,0.07756666666666666
631,10:31,10,31,631,4.597,0.07661666666666667
632,10:32,10,32,632,4.661,0.07768333333333333
633,10:33,10,33,633,4.573,0.07621666666666667
634,10:34,10,34,634,4.706,0.07843333333333334
635,10:35,10,35,635,4.656,0.07759999999999999
636,10:36,10,36,636,4.677,0.07794999999999999
637,10:37,10,37,637,4.665,0.07775
638,10:38,10,38,638,4.63,0.07716666666666666
639,10:39,10,39,639,4.708,0.07846666666666667
640,10:40,10,40,640,4.677,0.07794999999999999
641,10:41,10,41,641,4.709,0.07848333333333332
642,10:42,10,42,642,4.706,0.07843333333333334
643,10:43,10,43,643,4.69,0.07816666666666668
644,10:44,10,44,644,4.736,0.07893333333333333
645,10:45,10,45,645,4.727,0.07878333333333334
646,10:46,10,46,646,4.76,0.07933333333333333
647,10:47,10,47,647,4.762,0.07936666666666665
648,10:48,10,48,648,4.703,0.07838333333333333
649,10:49,10,49,649,4.777,0.07961666666666667
650,10:50,10,50,650,4.737,0.07895
651,10:51,10,51,651,4.748,0.07913333333333333
652,10:52,10,52,652,4.737,0.07895
653,10:53,10,53,653,4.742,0.07903333333333333
654,10:54,10,54,654,4.756,0.07926666666666667
655,10:55,10,55,655,4.794,0.0799
656,10:56,10,56,656,4.878,0.0813
657,10:57,10,57,657,4.826,0.08043333333333333
658,10:58,10,58,658,4.817,0.08028333333333333
659,10:59,10,59,659,4.832,0.08053333333333333
660,11:00,11,0,660,4.84,0.08066666666666666
661,11:01,11,1,661,4.879,0.08131666666666666
662,11:02,11,2,662,4.791,0.07985
663,11:03,11,3,663,4.876,0.08126666666666667
664,11:04,11,4,664,4.861,0.08101666666666667
665,11:05,11,5,665,4.874,0.08123333333333332
666,11:06,11,6,666,4.84,0.08066666666666666
667,11:07,11,7,667,4.897,0.08161666666666667
668,11:08,11,8,668,4.917,0.08195
669,11:09,11,9,669,4.876,0.08126666666666667
670,11:10,11,10,670,4.916,0.08193333333333334
671,11:11,11,11,671,4.895,0.08158333333333333
672,11:12,11,12,672,4.957,0.08261666666666666
673,11:13,11,13,673,4.877,0.08128333333333333
674,11:14,11,14,674,4.868,0.08113333333333334
675,11:15,11,15,675,4.87,0.08116666666666666
676,11:16,11,16,676,4.877,0.08128333333333333
677,11:17,11,17,677,4.936,0.08226666666666667
678,11:18,11,18,678,4.923,0.08205
679,11:19,11,19,679,4.936,0.08226666666666667
680,11:20,11,20,680,4.957,0.08261666666666666
681,11:21,11,21,681,4.92,0.082
682,11:22,11,22,682,4.966,0.08276666666666667
683,11:23,11,23,683,4.943,0.08238333333333332
684,11:24,11,24,684,4.949,0.08248333333333333
685,11:25,11,25,685,4.904,0.08173333333333332
686,11:26,11,26,686,4.99,0.08316666666666667
687,11:27,11,27,687,4.967,0.08278333333333332
688,11:28,11,28,688,4.929,0.08215
689,11:29,11,29,689,4.947,0.08245
690,11:30,11,30,690,4.957,0.08261666666666666
691,11:31,11,31,691,4.947,0.08245
692,11:32,11,32,692,5.015,0.08358333333333333
693,11:33,11,33,693,4.955,0.08258333333333333
694,11:34,11,34,694,4.961,0.08268333333333333
695,11:35,11,35,695,4.956,0.0826
696,11:36,11,36,696,4.987,0.08311666666666667
697,11:37,11,37,697,4.981,0.08301666666666667
698,11:38,11,38,698,4.971,0.08285000000000001
699,11:39,11,39,699,4.969,0.08281666666666668
700,11:40,11,40,700,4.997,0.08328333333333333
701,11:41,11,41,701,5.014,0.08356666666666666
702,11:42,11,42,702,4.973,0.08288333333333334
703,11:43,11,43,703,4.963,0.08271666666666666
704,11:44,11,44,704,4.97,0.08283333333333333
705,11:45,11,45,705,5.02,0.08366666666666665
706,11:46,11,46,706,5.027,0.08378333333333333
707,11:47,11,47,707,5.022,0.0837
708,11:48,11,48,708,4.993,0.08321666666666667
709,11:49,11,49,709,4.921,0.08201666666666667
710,11:50,11,50,710,5.022,0.0837
711,11:51,11,51,711,4.981,0.08301666666666667
712,11:52,11,52,712,4.992,0.0832
713,11:53,11,53,713,4.991,0.08318333333333333
714,11:54,11,54,714,5.013,0.08355
715,11:55,11,55,715,4.97,0.08283333333333333
716,11:56,11,56,716,4.988,0.08313333333333334
717,11:57,11,57,717,4.997,0.08328333333333333
718,11:58,11,58,718,5.021,0.08368333333333333
719,11:59,11,59,719,5.058,0.0843
720,12:00,12,0,720,5.004,0.08339999999999999
721,12:01,12,1,721,4.988,0.08313333333333334
722,12:02,12,2,722,5.055,0.08424999999999999
723,12:03,12,3,723,5.011,0.08351666666666667
724,12:04,12,4,724,5.046,0.08410000000000001
725,12:05,12,5,725,4.97,0.08283333333333333
726,12:06,12,6,726,5.012,0.08353333333333332
727,12:07,12,7,727,4.997,0.08328333333333333
728,12:08,12,8,728,4.983,0.08305
729,12:09,12,9,729,4.984,0.08306666666666666
730,12:10,12,10,730,4.945,0.08241666666666667
731,12:11,12,11,731,4.979,0.08298333333333334
732,12:12,12,12,732,5.044,0.08406666666666666
733,12:13,12,13,733,4.986,0.0831
734,12:14,12,14,734,5.015,0.08358333333333333
735,12:15,12,15,735,1.784,0.029733333333333334
736,12:16,12,16,736,1.857,0.03095
737,12:17,12,17,737,2.24,0.037333333333333336
738,12:18,12,18,738,1.296,0.0216
739,12:19,12,19,739,2.275,0.03791666666666667
740,12:20,12,20,740,1.819,0.030316666666666665
741,12:21,12,21,741,2.115,0.035250000000000004
742,12:22,12,22,742,1.074,0.0179
743,12:23,12,23,743,1.421,0.023683333333333334
744,12:24,12,24,744,2.109,0.03515
745,12:25,12,25,745,1.707,0.02845
746,12:26,12,26,746,1.931,0.032183333333333335
747,12:27,12,27,747,1.975,0.03291666666666667
748,12:28,12,28,748,1.747,0.02911666666666667
749,12:29,12,29,749,2.392,0.03986666666666666
750,12:30,12,30,750,1.682,0.02803333333333333
751,12:31,12,31,751,1.271,0.021183333333333332
752,12:32,12,32,752,1.115,0.018583333333333334
753,12:33,12,33,753,2.349,0.039150000000000004
754,12:34,12,34,754,2.021,0.03368333333333333
755,12:35,12,35,755,4.989,0.08315
756,12:36,12,36,756,4.972,0.08286666666666667
757,12:37,12,37,757,4.942,0.08236666666666667
758,12:38,12,38,758,4.992,0.0832
759,12:39,12,39,759,4.93,0.08216666666666667
760,12:40,12,40,760,4.921,0.08201666666666667
761,12:41,12,41,761,4.892,0.08153333333333333
762,12:42,12,42,762,4.906,0.08176666666666665
763,12:43,12,43,763,4.915,0.08191666666666667
764,12:44,12,44,764,4.897,0.08161666666666667
765,12:45,12,45,765,4.847,0.08078333333333335
766,12:46,12,46,766,4.866,0.08109999999999999
767,12:47,12,47,767,4.936,0.08226666666666667
768,12:48,12,48,768,4.892,0.08153333333333333
769,12:49,12,49,769,4.918,0.08196666666666667
770,12:50,12,50,770,4.959,0.08264999999999999
771,12:51,12,51,771,4.911,0.08184999999999999
772,12:52,12,52,772,4.863,0.08105000000000001
773,12:53,12,53,773,4.866,0.08109999999999999
774,12:54,12,54,774,4.822,0.08036666666666667
775,12:55,12,55,775,4.873,0.08121666666666667
776,12:56,12,56,776,4.882,0.08136666666666666
777,12:57,12,57,777,4.8,0.08
778,12:58,12,58,778,4.824,0.0804
779,12:59,12,59,779,4.862,0.08103333333333333
780,13:00,13,0,780,4.838,0.08063333333333333
781,13:01,13,1,781,4.783,0.07971666666666667
782,13:02,13,2,782,4.755,0.07925
783,13:03,13,3,783,4.813,0.08021666666666666
784,13:04,13,4,784,4.798,0.07996666666666667
785,13:05,13,5,785,4.82,0.08033333333333334
786,13:06,13,6,786,4.84,0.08066666666666666
787,13:07,13,7,787,4.815,0.08025
788,13:08,13,8,788,4.76,0.07933333333333333
789,13:09,13,9,789,4.786,0.07976666666666665
790,13:10,13,10,790,4.796,0.07993333333333334
791,13:11,13,11,791,4.71,0.0785
792,13:12,13,12,792,4.855,0.08091666666666668
793,13:13,13,13,793,4.741,0.07901666666666667
794,13:14,13,14,794,4.72,0.07866666666666666
795,13:15,13,15,795,4.741,0.07901666666666667
796,13:16,13,16,796,4.726,0.07876666666666667
797,13:17,13,17,797,4.719,0.07865
798,13:18,13,18,798,4.749,0.07915
799,13:19,13,19,799,4.714,0.07856666666666667
800,13:20,13,20,800,4.709,0.07848333333333332
801,13:21,13,21,801,4.678,0.07796666666666667
802,13:22,13,22,802,4.643,0.07738333333333333
803,13:23,13,23,803,4.652,0.07753333333333333
804,13:24,13,24,804,4.624,0.07706666666666666
805,13:25,13,25,805,4.693,0.07821666666666666
806,13:26,13,26,806,4.645,0.07741666666666666
807,13:27,13,27,807,4.611,0.07685
808,13:28,13,28,808,4.601,0.07668333333333333
809,13:29,13,29,809,4.598,0.07663333333333333
810,13:30,13,30,810,4.603,0.07671666666666666
811,13:31,13,31,811,4.625,0.07708333333333334
812,13:32,13,32,812,4.648,0.07746666666666666
813,13:33,13,33,813,4.605,0.07675000000000001
814,13:34,13,34,814,4.56,0.076
815,13:35,13,35,815,4.601,0.07668333333333333
816,13:36,13,36,816,4.539,0.07565
817,13:37,13,37,817,4.562,0.07603333333333334
818,13:38,13,38,818,4.562,0.07603333333333334
819,13:39,13,39,819,4.54,0.07566666666666666
820,13:40,13,40,820,4.526,0.07543333333333332
821,13:41,13,41,821,4.519,0.07531666666666667
822,13:42,13,42,822,4.522,0.07536666666666667
823,13:43,13,43,823,4.524,0.0754
824,13:44,13,44,824,4.486,0.07476666666666666
825,13:45,13,45,825,4.441,0.07401666666666666
826,13:46,13,46,826,4.463,0.07438333333333333
827,13:47,13,47,827,4.438,0.07396666666666667
828,13:48,13,48,828,4.445,0.07408333333333333
829,13:49,13,49,829,4.507,0.07511666666666666
830,13:50,13,50,830,4.458,0.0743
831,13:51,13,51,831,4.421,0.07368333333333334
832,13:52,13,52,832,4.416,0.0736
833,13:53,13,53,833,4.412,0.07353333333333333
834,13:54,13,54,834,4.364,0.07273333333333333
835,13:55,13,55,835,4.397,0.07328333333333334
836,13:56,13,56,836,4.402,0.07336666666666666
837,13:57,13,57,837,4.367,0.07278333333333334
838,13:58,13,58,838,4.34,0.07233333333333333
839,13:59,13,59,839,4.354,0.07256666666666667
840,14:00,14,0,840,4.352,0.07253333333333334
841,14:01,14,1,841,4.272,0.0712
842,14:02,14,2,842,4.334,0.07223333333333333
843,14:03,14,3,843,4.263,0.07105
844,14:04,14,4,844,4.297,0.07161666666666666
845,14:05,14,5,845,4.273,0.07121666666666666
846,14:06,14,6,846,4.225,0.07041666666666666
847,14:07,14,7,847,4.268,0.07113333333333333
848,14:08,14,8,848,4.25,0.07083333333333333
849,14:09,14,9,849,4.243,0.07071666666666668
850,14:10,14,10,850,4.21,0.07016666666666667
851,14:11,14,11,851,4.189,0.06981666666666667
852,14:12,14,12,852,4.216,0.07026666666666667
853,14:13,14,13,853,4.195,0.06991666666666667
854,14:14,14,14,854,4.225,0.07041666666666666
855,14:15,14,15,855,4.138,0.06896666666666666
856,14:16,14,16,856,4.178,0.06963333333333332
857,14:17,14,17,857,4.118,0.06863333333333334
858,14:18,14,18,858,4.123,0.06871666666666668
859,14:19,14,19,859,4.137,0.06895
860,14:20,14,20,860,4.086,0.06810000000000001
861,14:21,14,21,861,4.061,0.06768333333333333
862,14:22,14,22,862,4.078,0.06796666666666668
863,14:23,14,23,863,4.105,0.06841666666666667
864,14:24,14,24,864,4.051,0.06751666666666667
865,14:25,14,25,865,4.017,0.06695000000000001
866,14:26,14,26,866,4.082,0.06803333333333333
867,14:27,14,27,867,4.027,0.06711666666666667
868,14:28,14,28,868,3.986,0.06643333333333333
869,14:29,14,29,869,3.933,0.06555
870,14:30,14,30,870,3.966,0.0661
871,14:31,14,31,871,3.917,0.06528333333333333
872,14:32,14,32,872,3.943,0.06571666666666667
873,14:33,14,33,873,3.903,0.06505
874,14:34,14,34,874,3.939,0.06565
875,14:35,14,35,875,3.907,0.06511666666666667
876,14:36,14,36,876,3.877,0.06461666666666666
877,14:37,14,37,877,3.887,0.06478333333333333
878,14:38,14,38,878,3.863,0.06438333333333333
879,14:39,14,39,879,3.843,0.06405
880,14:40,14,40,880,3.778,0.06296666666666667
881,14:41,14,41,881,3.857,0.06428333333333333
882,14:42,14,42,882,3.792,0.06319999999999999
883,14:43,14,43,883,3.778,0.06296666666666667
884,14:44,14,44,884,3.816,0.06359999999999999
885,14:45,14,45,885,3.747,0.06245
886,14:46,14,46,886,3.735,0.06225
887,14:47,14,47,887,3.695,0.06158333333333333
888,14:48,14,48,888,3.741,0.06235
889,14:49,14,49,889,3.676,0.06126666666666667
890,14:50,14,50,890,3.733,0.06221666666666667
891,14:51,14,51,891,3.731,0.062183333333333334
892,14:52,14,52,892,3.665,0.06108333333333333
893,14:53,14,53,893,3.686,0.06143333333333333
894,14:54,14,54,894,3.643,0.06071666666666666
895,14:55,14,55,895,3.589,0.059816666666666664
896,14:56,14,56,896,3.59,0.05983333333333333
897,14:57,14,57,897,3.582,0.059699999999999996
898,14:58,14,58,898,3.566,0.05943333333333333
899,14:59,14,59,899,3.518,0.05863333333333333
900,15:00,15,0,900,2.323,0.03871666666666666
901,15:01,15,1,901,2.131,0.03551666666666666
902,15:02,15,2,902,1.445,0.024083333333333335
903,15:03,15,3,903,1.597,0.026616666666666667
904,15:04,15,4,904,2.075,0.034583333333333334
905,15:05,15,5,905,1.931,0.032183333333333335
906,15:06,15,6,906,1.789,0.029816666666666665
907,15:07,15,7,907,2.029,0.03381666666666666
908,15:08,15,8,908,2.149,0.03581666666666666
909,15:09,15,9,909,1.587,0.026449999999999998
910,15:10,15,10,910,3.333,0.05555
911,15:11,15,11,911,3.299,0.05498333333333333
912,15:12,15,12,912,3.307,0.05511666666666667
913,15:13,15,13,913,3.346,0.055766666666666666
914,15:14,15,14,914,3.291,0.054849999999999996
915,15:15,15,15,915,3.266,0.054433333333333334
916,15:16,15,16,916,3.299,0.05498333333333333
917,15:17,15,17,917,3.224,0.053733333333333334
918,15:18,15,18,918,3.23,0.05383333333333333
919,15:19,15,19,919,3.22,0.05366666666666667
920,15:20,15,20,920,3.236,0.05393333333333333
921,15:21,15,21,921,3.203,0.05338333333333333
922,15:22,15,22,922,3.161,0.05268333333333333
923,15:23,15,23,923,3.21,0.0535
924,15:24,15,24,924,3.197,0.053283333333333335
925,15:25,15,25,925,3.149,0.05248333333333333
926,15:26,15,26,926,3.167,0.05278333333333333
927,15:27,15,27,927,3.139,0.052316666666666664
928,15:28,15,28,928,3.134,0.05223333333333333
929,15:29,15,29,929,3.052,0.050866666666666664
930,15:30,15,30,930,3.035,0.050583333333333334
931,15:31,15,31,931,3.078,0.0513
932,15:32,15,32,932,3.008,0.050133333333333335
933,15:33,15,33,933,3.015,0.05025
934,15:34,15,34,934,2.985,0.049749999999999996
935,15:35,15,35,935,2.972,0.04953333333333333
936,15:36,15,36,936,2.981,0.04968333333333333
937,15:37,15,37,937,2.922,0.0487
938,15:38,15,38,938,2.905,0.04841666666666666
939,15:39,15,39,939,2.835,0.04725
940,15:40,15,40,940,2.872,0.04786666666666666
941,15:41,15,41,941,2.845,0.04741666666666667
942,15:42,15,42,942,2.835,0.04725
943,15:43,15,43,943,2.824,0.047066666666666666
944,15:44,15,44,944,2.78,0.04633333333333333
945,15:45,15,45,945,2.794,0.046566666666666666
946,15:46,15,46,946,2.75,0.04583333333333333
947,15:47,15,47,947,2.734,0.045566666666666665
948,15:48,15,48,948,2.71,0.04516666666666667
949,15:49,15,49,949,2.735,0.04558333333333333
950,15:50,15,50,950,2.688,0.0448
951,15:51,15,51,951,2.675,0.04458333333333333
952,15:52,15,52,952,2.663,0.04438333333333333
953,15:53,15,53,953,2.589,0.04315
954,15:54,15,54,954,2.631,0.04384999999999999
955,15:55,15,55,955,2.604,0.0434
956,15:56,15,56,956,2.559,0.04265
957,15:57,15,57,957,2.557,0.042616666666666664
958,15:58,15,58,958,2.536,0.04226666666666667
959,15:59,15,59,959,2.486,0.041433333333333336
960,16:00,16,0,960,2.477,0.04128333333333333
961,16:01,16,1,961,2.441,0.04068333333333333
962,16:02,16,2,962,2.44,0.04066666666666666
963,16:03,16,3,963,2.413,0.040216666666666664
964,16:04,16,4,964,2.429,0.04048333333333333
965,16:05,16,5,965,2.437,0.04061666666666666
966,16:06,16,6,966,2.417,0.04028333333333333
967,16:07,16,7,967,2.341,0.03901666666666667
968,16:08,16,8,968,2.324,0.03873333333333333
969,16:09,16,9,969,2.349,0.039150000000000004
970,16:10,16,10,970,2.271,0.037849999999999995
971,16:11,16,11,971,2.276,0.03793333333333333
972,16:12,16,12,972,2.281,0.03801666666666667
973,16:13,16,13,973,2.249,0.037483333333333334
974,16:14,16,14,974,2.207,0.03678333333333333
975,16:15,16,15,975,2.241,0.03735
976,16:16,16,16,976,2.212,0.03686666666666667
977,16:17,16,17,977,2.173,0.03621666666666667
978,16:18,16,18,978,2.136,0.0356
979,16:19,16,19,979,2.129,0.03548333333333333
980,16:20,16,20,980,2.081,0.03468333333333333
981,16:21,16,21,981,2.016,0.0336
982,16:22,16,22,982,2.094,0.0349
983,16:23,16,23,983,2.075,0.034583333333333334
984,16:24,16,24,984,1.961,0.032683333333333335
985,16:25,16,25,985,2.03,0.033833333333333326
986,16:26,16,26,986,1.999,0.03331666666666667
987,16:27,16,27,987,1.908,0.031799999999999995
988,16:28,16,28,988,1.953,0.03255
989,16:29,16,29,989,1.963,0.032716666666666665
990,16:30,16,30,990,1.945,0.03241666666666667
991,16:31,16,31,991,1.944,0.0324
992,16:32,16,32,992,1.895,0.03158333333333333
993,16:33,16,33,993,1.812,0.0302
994,16:34,16,34,994,1.866,0.031100000000000003
995,16:35,16,35,995,1.853,0.030883333333333332
996,16:36,16,36,996,1.835,0.030583333333333334
997,16:37,16,37,997,1.773,0.029549999999999996
998,16:38,16,38,998,1.75,0.029166666666666667
999,16:39,16,39,999,1.741,0.029016666666666666
1000,16:40,16,40,1000,1.735,0.028916666666666667
1001,16:41,16,41,1001,1.693,0.028216666666666668
1002,16:42,16,42,1002,1.659,0.02765
1003,16:43,16,43,1003,1.61,0.026833333333333334
1004,16:44,16,44,1004,1.664,0.027733333333333332
1005,16:45,16,45,1005,1.578,0.0263
1006,16:46,16,46,1006,1.556,0.025933333333333333
1007,16:47,16,47,1007,1.532,0.025533333333333335
1008,16:48,16,48,1008,1.556,0.025933333333333333
1009,16:49,16,49,1009,1.503,0.02505
1010,16:50,16,50,1010,1.509,0.02515
1011,16:51,16,51,1011,1.489,0.024816666666666667
1012,16:52,16,52,1012,1.455,0.02425
1013,16:53,16,53,1013,1.455,0.02425
1014,16:54,16,54,1014,1.387,0.023116666666666667
1015,16:55,16,55,1015,1.381,0.023016666666666668
1016,16:56,16,56,1016,1.384,0.023066666666666666
1017,16:57,16,57,1017,1.422,0.0237
1018,16:58,16,58,1018,1.372,0.022866666666666667
1019,16:59,16,59,1019,1.306,0.021766666666666667
1020,17:00,17,0,1020,1.266,0.0211
1021,17:01,17,1,1021,1.242,0.0207
1022,17:02,17,2,1022,1.242,0.0207
1023,17:03,17,3,1023,1.248,0.0208
1024,17:04,17,4,1024,1.259,0.020983333333333333
1025,17:05,17,5,1025,1.196,0.01993333333333333
1026,17:06,17,6,1026,1.162,0.019366666666666664
1027,17:07,17,7,1027,1.172,0.019533333333333333
1028,17:08,17,8,1028,1.119,0.01865
1029,17:09,17,9,1029,1.101,0.018349999999999998
1030,17:10,17,10,1030,1.135,0.018916666666666665
1031,17:11,17,11,1031,1.035,0.017249999999999998
1032,17:12,17,12,1032,1.067,0.01778333333333333
1033,17:13,17,13,1033,0.985,0.016416666666666666
1034,17:14,17,14,1034,0.991,0.016516666666666666
1035,17:15,17,15,1035,0.941,0.015683333333333334
1036,17:16,17,16,1036,1.002,0.0167
1037,17:17,17,17,1037,0.9,0.015
1038,17:18,17,18,1038,0.889,0.014816666666666667
1039,17:19,17,19,1039,0.883,0.014716666666666666
1040,17:20,17,20,1040,0.861,0.01435
1041,17:21,17,21,1041,0.951,0.01585
1042,17:22,17,22,1042,0.791,0.013183333333333333
1043,17:23,17,23,1043,0.777,0.01295
1044,17:24,17,24,1044,0.775,0.012916666666666667
1045,17:25,17,25,1045,0.708,0.0118
1046,17:26,17,26,1046,0.743,0.012383333333333333
1047,17:27,17,27,1047,0.706,0.011766666666666667
1048,17:28,17,28,1048,0.73,0.012166666666666666
1049,17:29,17,29,1049,0.669,0.01115
1050,17:30,17,30,1050,0.648,0.0108
1051,17:31,17,31,1051,0.642,0.0107
1052,17:32,17,32,1052,0.605,0.010083333333333333
1053,17:33,17,33,1053,0.635,0.010583333333333333
1054,17:34,17,34,1054,0.466,0.007766666666666667
1055,17:35,17,35,1055,0.584,0.009733333333333333
1056,17:36,17,36,1056,0.483,0.00805
1057,17:37,17,37,1057,0.471,0.00785
1058,17:38,17,38,1058,0.503,0.008383333333333333
1059,17:39,17,39,1059,0.513,0.00855
1060,17:40,17,40,1060,0.442,0.007366666666666666
1061,17:41,17,41,1061,0.433,0.007216666666666666
1062,17:42,17,42,1062,0.39,0.0065
1063,17:43,17,43,1063,0.362,0.006033333333333333
1064,17:44,17,44,1064,0.322,0.005366666666666667
1065,17:45,17,45,1065,0.316,0.005266666666666667
1066,17:46,17,46,1066,0.306,0.0050999999999999995
1067,17:47,17,47,1067,0.277,0.004616666666666667
1068,17:48,17,48,1068,0.293,0.004883333333333333
1069,17:49,17,49,1069,0.228,0.0038
1070,17:50,17,50,1070,0.205,0.0034166666666666664
1071,17:51,17,51,1071,0.225,0.00375
1072,17:52,17,52,1072,0.216,0.0036
1073,17:53,17,53,1073,0.159,0.00265
1074,17:54,17,54,1074,0.099,0.00165
1075,17:55,17,55,1075,0.088,0.0014666666666666665
1076,17:56,17,56,1076,0.124,0.0020666666666666667
1077,17:57,17,57,1077,0.011,0.0001833333333333333
1078,17:58,17,58,1078,0.02,0.0003333333333333333
1079,17:59,17,59,1079,0.011,0.0001833333333333333
1080,18:00,18,0,1080,0.0,0.0
1081,18:01,18,1,1081,0.0,0.0
1082,18:02,18,2,1082,0.0,0.0
1083,18:03,18,3,1083,0.0,0.0
1084,18:04,18,4,1084,0.0,0.0
1085,18:05,18,5,1085,0.0,0.0
1086,18:06,18,6,1086,0.0,0.0
1087,18:07,18,7,1087,0.0,0.0
1088,18:08,18,8,1088,0.0,0.0
1089,18:09,18,9,1089,0.0,0.0
1090,18:10,18,10,1090,0.0,0.0
1091,18:11,18,11,1091,0.0,0.0
1092,18:12,18,12,1092,0.0,0.0
1093,18:13,18,13,1093,0.0,0.0
1094,18:14,18,14,1094,0.0,0.0
1095,18:15,18,15,1095,0.0,0.0
1096,18:16,18,16,1096,0.0,0.0
1097,18:17,18,17,1097,0.0,0.0
1098,18:18,18,18,1098,0.0,0.0
1099,18:19,18,19,1099,0.0,0.0
1100,18:20,18,20,1100,0.0,0.0
1101,18:21,18,21,1101,0.0,0.0
1102,18:22,18,22,1102,0.0,0.0
1103,18:23,18,23,1103,0.0,0.0
1104,18:24,18,24,1104,0.0,0.0
1105,18:25,18,25,1105,0.0,0.0
1106,18:26,18,26,1106,0.0,0.0
1107,18:27,18,27,1107,0.0,0.0
1108,18:28,18,28,1108,0.0,0.0
1109,18:29,18,29,1109,0.0,0.0
1110,18:30,18,30,1110,0.0,0.0
1111,18:31,18,31,1111,0.0,0.0
1112,18:32,18,32,1112,0.0,0.0
1113,18:33,18,33,1113,0.0,0.0
1114,18:34,18,34,1114,0.0,0.0
1115,18:35,18,35,1115,0.0,0.0
1116,18:36,18,36,1116,0.0,0.0
1117,18:37,18,37,1117,0.0,0.0
1118,18:38,18,38,1118,0.0,0.0
1119,18:39,18,39,1119,0.0,0.0
1120,18:40,18,40,1120,0.0,0.0
1121,18:41,18,41,1121,0.0,0.0
1122,18:42,18,42,1122,0.0,0.0
1123,18:43,18,43,1123,0.0,0.0
1124,18:44,18,44,1124,0.0,0.0
1125,18:45,18,45,1125,0.0,0.0
1126,18:46,18,46,1126,0.0,0.0
1127,18:47,18,47,1127,0.0,0.0
1128,18:48,18,48,1128,0.0,0.0
1129,18:49,18,49,1129,0.0,0.0
1130,18:50,18,50,1130,0.0,0.0
1131,18:51,18,51,1131,0.0,0.0
1132,18:52,18,52,1132,0.0,0.0
1133,18:53,18,53,1133,0.0,0.0
1134,18:54,18,54,1134,0.0,0.0
1135,18:55,18,55,1135,0.0,0.0
1136,18:56,18,56,1136,0.0,0.0
1137,18:57,18,57,1137,0.0,0.0
1138,18:58,18,58,1138,0.0,0.0
1139,18:59,18,59,1139,0.0,0.0
1140,19:00,19,0,1140,0.0,0.0
1141,19:01,19,1,1141,0.0,0.0
1142,19:02,19,2,1142,0.0,0.0
1143,19:03,19,3,1143,0.0,0.0
1144,19:04,19,4,1144,0.0,0.0
1145,19:05,19,5,1145,0.0,0.0
1146,19:06,19,6,1146,0.0,0.0
1147,19:07,19,7,1147,0.0,0.0
1148,19:08,19,8,1148,0.0,0.0
1149,19:09,19,9,1149,0.0,0.0
1150,19:10,19,10,1150,0.0,0.0
1151,19:11,19,11,1151,0.0,0.0
1152,19:12,19,12,1152,0.0,0.0
1153,19:13,19,13,1153,0.0,0.0
1154,19:14,19,14,1154,0.0,0.0
1155,19:15,19,15,1155,0.0,0.0
1156,19:16,19,16,1156,0.0,0.0
1157,19:17,19,17,1157,0.0,0.0
1158,19:18,19,18,1158,0.0,0.0
1159,19:19,19,19,1159,0.0,0.0
1160,19:20,19,20,1160,0.0,0.0
1161,19:21,19,21,1161,0.0,0.0
1162,19:22,19,22,1162,0.0,0.0
1163,19:23,19,23,1163,0.0,0.0
1164,19:24,19,24,1164,0.0,0.0
1165,19:25,19,25,1165,0.0,0.0
1166,19:26,19,26,1166,0.0,0.0
1167,19:27,19,27,1167,0.0,0.0
1168,19:28,19,28,1168,0.0,0.0
1169,19:29,19,29,1169,0.0,0.0
1170,19:30,19,30,1170,0.0,0.0
1171,19:31,19,31,1171,0.0,0.0
1172,19:32,19,32,1172,0.0,0.0
1173,19:33,19,33,1173,0.0,0.0
1174,19:34,19,34,1174,0.0,0.0
1175,19:35,19,35,1175,0.0,0.0
1176,19:36,19,36,1176,0.0,0.0
1177,19:37,19,37,1177,0.0,0.0
1178,19:38,19,38,1178,0.0,0.0
1179,19:39,19,39,1179,0.0,0.0
1180,19:40,19,40,1180,0.0,0.0
1181,19:41,19,41,1181,0.0,0.0
1182,19:42,19,42,1182,0.0,0.0
1183,19:43,19,43,1183,0.0,0.0
1184,19:44,19,44,1184,0.0,0.0
1185,19:45,19,45,1185,0.0,0.0
1186,19:46,19,46,1186,0.0,0.0
1187,19:47,19,47,1187,0.0,0.0
1188,19:48,19,48,1188,0.0,0.0
1189,19:49,19,49,1189,0.0,0.0
1190,19:50,19,50,1190,0.0,0.0
1191,19:51,19,51,1191,0.0,0.0
1192,19:52,19,52,1192,0.0,0.0
1193,19:53,19,53,1193,0.0,0.0
1194,19:54,19,54,1194,0.0,0.0
1195,19:55,19,55,1195,0.0,0.0
1196,19:56,19,56,1196,0.0,0.0
1197,19:57,19,57,1197,0.0,0.0
1198,19:58,19,58,1198,0.0,0.0
1199,19:59,19,59,1199,0.0,0.0
1200,20:00,20,0,1200,0.0,0.0
1201,20:01,20,1,1201,0.0,0.0
1202,20:02,20,2,1202,0.0,0.0
1203,20:03,20,3,1203,0.0,0.0
1204,20:04,20,4,1204,0.0,0.0
1205,20:05,20,5,1205,0.0,0.0
1206,20:06,20,6,1206,0.0,0.0
1207,20:07,20,7,1207,0.0,0.0
1208,20:08,20,8,1208,0.0,0.0
1209,20:09,20,9,1209,0.0,0.0
1210,20:10,20,10,1210,0.0,0.0
1211,20:11,20,11,1211,0.0,0.0
1212,20:12,20,12,1212,0.0,0.0
1213,20:13,20,13,1213,0.0,0.0
1214,20:14,20,14,1214,0.0,0.0
1215,20:15,20,15,1215,0.0,0.0
1216,20:16,20,16,1216,0.0,0.0
1217,20:17,20,17,1217,0.0,0.0
1218,20:18,20,18,1218,0.0,0.0
1219,20:19,20,19,1219,0.0,0.0
1220,20:20,20,20,1220,0.0,0.0
1221,20:21,20,21,1221,0.0,0.0
1222,20:22,20,22,1222,0.0,0.0
1223,20:23,20,23,1223,0.0,0.0
1224,20:24,20,24,1224,0.0,0.0
1225,20:25,20,25,1225,0.0,0.0
1226,20:26,20,26,1226,0.0,0.0
1227,20:27,20,27,1227,0.0,0.0
1228,20:28,20,28,1228,0.0,0.0
1229,20:29,20,29,1229,0.0,0.0
1230,20:30,20,30,1230,0.0,0.0
1231,20:31,20,31,1231,0.0,0.0
1232,20:32,20,32,1232,0.0,0.0
1233,20:33,20,33,1233,0.0,0.0
1234,20:34,20,34,1234,0.0,0.0
1235,20:35,20,35,1235,0.0,0.0
1236,20:36,20,36,1236,0.0,0.0
1237,20:37,20,37,1237,0.0,0.0
1238,20:38,20,38,1238,0.0,0.0
1239,20:39,20,39,1239,0.0,0.0
1240,20:40,20,40,1240,0.0,0.0
1241,20:41,20,41,1241,0.0,0.0
1242,20:42,20,42,1242,0.0,0.0
1243,20:43,20,43,1243,0.0,0.0
1244,20:44,20,44,1244,0.0,0.0
1245,20:45,20,45,1245,0.0,0.0
1246,20:46,20,46,1246,0.0,0.0
1247,20:47,20,47,1247,0.0,0.0
1248,20:48,20,48,1248,0.0,0.0
1249,20:49,20,49,1249,0.0,0.0
1250,20:50,20,50,1250,0.0,0.0
1251,20:51,20,51,1251,0.0,0.0
1252,20:52,20,52,1252,0.0,0.0
1253,20:53,20,53,1253,0.0,0.0
1254,20:54,20,54,1254,0.0,0.0
1255,20:55,20,55,1255,0.0,0.0
1256,20:56,20,56,1256,0.0,0.0
1257,20:57,20,57,1257,0.0,0.0
1258,20:58,20,58,1258,0.0,0.0
1259,20:59,20,59,1259,0.0,0.0
1260,21:00,21,0,1260,0.0,0.0
1261,21:01,21,1,1261,0.0,0.0
1262,21:02,21,2,1262,0.0,0.0
1263,21:03,21,3,1263,0.0,0.0
1264,21:04,21,4,1264,0.0,0.0
1265,21:05,21,5,1265,0.0,0.0
1266,21:06,21,6,1266,0.0,0.0
1267,21:07,21,7,1267,0.0,0.0
1268,21:08,21,8,1268,0.0,0.0
1269,21:09,21,9,1269,0.0,0.0
1270,21:10,21,10,1270,0.0,0.0
1271,21:11,21,11,1271,0.0,0.0
1272,21:12,21,12,1272,0.0,0.0
1273,21:13,21,13,1273,0.0,0.0
1274,21:14,21,14,1274,0.0,0.0
1275,21:15,21,15,1275,0.0,0.0
1276,21:16,21,16,1276,0.0,0.0
1277,21:17,21,17,1277,0.0,0.0
1278,21:18,21,18,1278,0.0,0.0
1279,21:19,21,19,1279,0.0,0.0
1280,21:20,21,20,1280,0.0,0.0
1281,21:21,21,21,1281,0.0,0.0
1282,21:22,21,22,1282,0.0,0.0
1283,21:23,21,23,1283,0.0,0.0
1284,21:24,21,24,1284,0.0,0.0
1285,21:25,21,25,1285,0.0,0.0
1286,21:26,21,26,1286,0.0,0.0
1287,21:27,21,27,1287,0.0,0.0
1288,21:28,21,28,1288,0.0,0.0
1289,21:29,21,29,1289,0.0,0.0
1290,21:30,21,30,1290,0.0,0.0
1291,21:31,21,31,1291,0.0,0.0
1292,21:32,21,32,1292,0.0,0.0
1293,21:33,21,33,1293,0.0,0.0
1294,21:34,21,34,1294,0.0,0.0
1295,21:35,21,35,1295,0.0,0.0
1296,21:36,21,36,1296,0.0,0.0
1297,21:37,21,37,1297,0.0,0.0
1298,21:38,21,38,1298,0.0,0.0
1299,21:39,21,39,1299,0.0,0.0
1300,21:40,21,40,1300,0.0,0.0
1301,21:41,21,41,1301,0.0,0.0
1302,21:42,21,42,1302,0.0,0.0
1303,21:43,21,43,1303,0.0,0.0
1304,21:44,21,44,1304,0.0,0.0
1305,21:45,21,45,1305,0.0,0.0
1306,21:46,21,46,1306,0.0,0.0
1307,21:47,21,47,1307,0.0,0.0
1308,21:48,21,48,1308,0.0,0.0
1309,21:49,21,49,1309,0.0,0.0
1310,21:50,21,50,1310,0.0,0.0
1311,21:51,21,51,1311,0.0,0.0
1312,21:52,21,52,1312,0.0,0.0
1313,21:53,21,53,1313,0.0,0.0
1314,21:54,21,54,1314,0.0,0.0
1315,21:55,21,55,1315,0.0,0.0
1316,21:56,21,56,1316,0.0,0.0
1317,21:57,21,57,1317,0.0,0.0
1318,21:58,21,58,1318,0.0,0.0
1319,21:59,21,59,1319,0.0,0.0
1320,22:00,22,0,1320,0.0,0.0
1321,22:01,22,1,1321,0.0,0.0
1322,22:02,22,2,1322,0.0,0.0
1323,22:03,22,3,1323,0.0,0.0
1324,22:04,22,4,1324,0.0,0.0
1325,22:05,22,5,1325,0.0,0.0
1326,22:06,22,6,1326,0.0,0.0
1327,22:07,22,7,1327,0.0,0.0
1328,22:08,22,8,1328,0.0,0.0
1329,22:09,22,9,1329,0.0,0.0
1330,22:10,22,10,1330,0.0,0.0
1331,22:11,22,11,1331,0.0,0.0
1332,22:12,22,12,1332,0.0,0.0
1333,22:13,22,13,1333,0.0,0.0
1334,22:14,22,14,1334,0.0,0.0
1335,22:15,22,15,1335,0.0,0.0
1336,22:16,22,16,1336,0.0,0.0
1337,22:17,22,17,1337,0.0,0.0
1338,22:18,22,18,1338,0.0,0.0
1339,22:19,22,19,1339,0.0,0.0
1340,22:20,22,20,1340,0.0,0.0
1341,22:21,22,21,1341,0.0,0.0
1342,22:22,22,22,1342,0.0,0.0
1343,22:23,22,23,1343,0.0,0.0
1344,22:24,22,24,1344,0.0,0.0
1345,22:25,22,25,1345,0.0,0.0
1346,22:26,22,26,1346,0.0,0.0
1347,22:27,22,27,1347,0.0,0.0
1348,22:28,22,28,1348,0.0,0.0
1349,22:29,22,29,1349,0.0,0.0
1350,22:30,22,30,1350,0.0,0.0
1351,22:31,22,31,1351,0.0,0.0
1352,22:32,22,32,1352,0.0,0.0
1353,22:33,22,33,1353,0.0,0.0
1354,22:34,22,34,1354,0.0,0.0
1355,22:35,22,35,1355,0.0,0.0
1356,22:36,22,36,1356,0.0,0.0
1357,22:37,22,37,1357,0.0,0.0
1358,22:38,22,38,1358,0.0,0.0
1359,22:39,22,39,1359,0.0,0.0
1360,22:40,22,40,1360,0.0,0.0
1361,22:41,22,41,1361,0.0,0.0
1362,22:42,22,42,1362,0.0,0.0
1363,22:43,22,43,1363,0.0,0.0
1364,22:44,22,44,1364,0.0,0.0
1365,22:45,22,45,1365,0.0,0.0
1366,22:46,22,46,1366,0.0,0.0
1367,22:47,22,47,1367,0.0,0.0
1368,22:48,22,48,1368,0.0,0.0
1369,22:49,22,49,1369,0.0,0.0
1370,22:50,22,50,1370,0.0,0.0
1371,22:51,22,51,1371,0.0,0.0
1372,22:52,22,52,1372,0.0,0.0
1373,22:53,22,53,1373,0.0,0.0
1374,22:54,22,54,1374,0.0,0.0
1375,22:55,22,55,1375,0.0,0.0
1376,22:56,22,56,1376,0.0,0.0
1377,22:57,22,57,1377,0.0,0.0
1378,22:58,22,58,1378,0.0,0.0
1379,22:59,22,59,1379,0.0,0.0
1380,23:00,23,0,1380,0.0,0.0
1381,23:01,23,1,1381,0.0,0.0
1382,23:02,23,2,1382,0.0,0.0
1383,23:03,23,3,1383,0.0,0.0
1384,23:04,23,4,1384,0.0,0.0
1385,23:05,23,5,1385,0.0,0.0
1386,23:06,23,6,1386,0.0,0.0
1387,23:07,23,7,1387,0.0,0.0
1388,23:08,23,8,1388,0.0,0.0
1389,23:09,23,9,1389,0.0,0.0
1390,23:10,23,10,1390,0.0,0.0
1391,23:11,23,11,1391,0.0,0.0
1392,23:12,23,12,1392,0.0,0.0
1393,23:13,23,13,1393,0.0,0.0
1394,23:14,23,14,1394,0.0,0.0
1395,23:15,23,15,1395,0.0,0.0
1396,23:16,23,16,1396,0.0,0.0
1397,23:17,23,17,1397,0.0,0.0
1398,23:18,23,18,1398,0.0,0.0
1399,23:19,23,19,1399,0.0,0.0
1400,23:20,23,20,1400,0.0,0.0
1401,23:21,23,21,1401,0.0,0.0
1402,23:22,23,22,1402,0.0,0.0
1403,23:23,23,23,1403,0.0,0.0
1404,23:24,23,24,1404,0.0,0.0
1405,23:25,23,25,1405,0.0,0.0
1406,23:26,23,26,1406,0.0,0.0
1407,23:27,23,27,1407,0.0,0.0
1408,23:28,23,28,1408,0.0,0.0
1409,23:29,23,29,1409,0.0,0.0
1410,23:30,23,30,1410,0.0,0.0
1411,23:31,23,31,1411,0.0,0.0
1412,23:32,23,32,1412,0.0,0.0
1413,23:33,23,33,1413,0.0,0.0
1414,23:34,23,34,1414,0.0,0.0
1415,23:35,23,35,1415,0.0,0.0
1416,23:36,23,36,1416,0.0,0.0
1417,23:37,23,37,1417,0.0,0.0
1418,23:38,23,38,1418,0.0,0.0
1419,23:39,23,39,1419,0.0,0.0
1420,23:40,23,40,1420,0.0,0.0
1421,23:41,23,41,1421,0.0,0.0
1422,23:42,23,42,1422,0.0,0.0
1423,23:43,23,43,1423,0.0,0.0
1424,23:44,23,44,1424,0.0,0.0
1425,23:45,23,45,1425,0.0,0.0
1426,23:46,23,46,1426,0.0,0.0
1427,23:47,23,47,1427,0.0,0.0
1428,23:48,23,48,1428,0.0,0.0
1429,23:49,23,49,1429,0.0,0.0
1430,23:50,23,50,1430,0.0,0.0
1431,23:51,23,51,1431,0.0,0.0
1432,23:52,23,52,1432,0.0,0.0
1433,23:53,23,53,1433,0.0,0.0
1434,23:54,23,54,1434,0.0,0.0
1435,23:55,23,55,1435,0.0,0.0
1436,23:56,23,56,1436,0.0,0.0
1437,23:57,23,57,1437,0.0,0.0
1438,23:58,23,58,1438,0.0,0.0
1439,23:59,23,59,1439,0.0,0.0
